Seed,SMILES,Label,GAT_Prob,GCN_Prob,SAGE_Prob,MaxSimilarity,GCN_Loss,SAGE_Loss,GAT_Loss,SimBin,ErrorCount
0,C(C2C1C(NC(N1)=O)CS2)CCCC(O)=O,1,0.4541443884372711,0.8032115697860718,0.4722664952278137,0.3142857142857143,0.21913712553428458,0.7502118441945056,0.7893400952981399,Medium (0.3-0.5),2
0,C(N1CCOCC1)CNC2=NNC(C=C2C)=C3C=CC(=O)C=C3,1,0.9556390047073364,0.9823821187019348,0.8686738610267639,0.3064516129032258,0.01777492340196435,0.14078752792749932,0.04537504738216647,Medium (0.3-0.5),0
0,C(O)C(O)C1OC(=C(O)C1=O)O,1,0.0777584165334701,0.0023148453328758,0.0063569494523108,0.217391304347826,6.0684124045286705,5.05820666256006,2.5541484825471934,Low (<0.3),3
0,C1=C(Br)C=CC2=C1C(=NCC(N2C)COC)C3=CC=CC=C3Cl,1,0.9799342751502992,0.9733192920684814,0.965000569820404,0.3692307692307692,0.027043098449014043,0.035626587155860125,0.020269775739719897,Medium (0.3-0.5),0
0,C1=C(Br)C=CC3=C1C2(N(CCO2)CC(=O)N3)C4=C(C=CC=C4)F,1,0.9733407497406006,0.9753692746162416,0.94712632894516,0.3787878787878788,0.024939136493244352,0.054322795595609305,0.027021052820440837,Medium (0.3-0.5),0
0,C1=C(C#N)C=CC3=C1C4=C(C2=C(C=CC=C2)S3)CCN(CC4)C,1,0.978021204471588,0.9778174757957458,0.9259751439094543,0.4318181818181818,0.022432256430577096,0.07690788712661703,0.02222392771856782,Medium (0.3-0.5),0
0,C1=C(C(=C(C=C1C(\C=C\N2CC=CC2)=O)OC)OC)OC,1,0.9336109161376952,0.8909401893615723,0.8244689702987671,0.4347826086956521,0.11547798130480484,0.1930157722585808,0.06869550555705184,Medium (0.3-0.5),0
0,C1=C(C(F)(F)F)C=CC3=C1N(C2=CC=CC=C2)C(CC(N3C)=O)=O,1,0.971457540988922,0.9852392673492432,0.962812840938568,0.4230769230769231,0.014870756293691733,0.037896236084293634,0.028957715711664306,Medium (0.3-0.5),0
0,C1=C(C(N)=O)N=N[N]1CC2=C(C=CC=C2F)F,1,0.958773136138916,0.8556038737297058,0.8178176879882812,0.25,0.15594777428331066,0.20111584253973463,0.042100795025818566,Low (<0.3),0
0,C1=C(C)C=CC2=C1C3N(CC2)CCC(C3)(CC)O,1,0.9822675585746764,0.9737673997879028,0.9742185473442078,0.328125,0.026582813111738594,0.02611961925242435,0.01789154483194575,Medium (0.3-0.5),0
0,C1=C(C=CC=C1)C(C2=CC=CC=C2)(C3NCCCC3)O,1,0.9104208946228028,0.9236144423484802,0.6475770473480225,0.5142857142857142,0.07946056460750943,0.43451750044415793,0.0938482648378497,High (>=0.5),0
0,C1=C(C=CC=C1C2(CCN(C)CC2)C(CC)=O)O,1,0.9774144887924194,0.9642759561538696,0.9376990795135498,0.3278688524590163,0.03637776376621298,0.06432619219983579,0.022844470445416615,Medium (0.3-0.5),0
0,C1=C(CN(C(=C(SC(OCC)=O)/CCOC(OCC)=O)/C)C=O)C(=NC(=N1)C)N,1,0.9356443285942078,0.8814558982849121,0.9455801248550416,0.6617647058823529,0.12618030870216546,0.05595665110550922,0.0665198655375046,High (>=0.5),0
0,C1=C(Cl)C=CC2=C1C(=NCCN2CC(F)(F)F)C3=CC=CC=C3F,1,0.985593855381012,0.9830383062362672,0.9494470953941344,0.6363636363636364,0.01710719088999146,0.05187546866639461,0.014510920616581097,High (>=0.5),0
0,C1=C(Cl)C=CC2=C1C3(N(CC(=O)N2C)C(C=C(O3)C)=O)C4=CC=CC=C4,1,0.9845765829086304,0.9860090613365172,0.9590821266174316,0.3823529411764705,0.014089734425261622,0.04177856999957226,0.015543595295902513,Medium (0.3-0.5),0
0,C1=C(Cl)C=CC2=C1C3(N(CC(=O)N2CCO)CCO3)C4=CC=CC=C4F,1,0.9802497625350952,0.9726995825767516,0.9633516669273376,0.3943661971830985,0.02767999824557037,0.03733675531240271,0.01994788005905441,Medium (0.3-0.5),0
0,C1=C(Cl)C=CC3=C1C2(N(C(C)CO2)CC(=O)N3)C4=CC=CC=C4Cl,1,0.978797972202301,0.9817196726799012,0.966315746307373,0.5333333333333333,0.018449477083509046,0.03426463864511623,0.02143001913388965,High (>=0.5),0
0,C1=C(Cl)C=CC3=C1C2(OCCN2CC(=O)N3)C4=C(Cl)C=CC=C4,1,0.979192852973938,0.9796945452690125,0.9471293091773988,0.543859649122807,0.020514444403483826,0.05431964899577474,0.021026666092687187,High (>=0.5),0
0,C1=C(Cl)C=CC3=C1N(C2=C(C=CC=C2)S3)CCCN5CCC(C4C(OCC4)=O)(O)CC5,1,0.9837164878845216,0.9697722792625428,0.9473975896835328,0.5873015873015873,0.030693998692870223,0.054036432633854936,0.01641754551359692,High (>=0.5),0
0,C1=C(Cl)C=CC\3=C1C=C(N2CCN(C)CC2)C4=C(C3=C/C#N)C=CC=C4,1,0.9680066108703612,0.9732220768928528,0.9142889976501464,0.3770491803278688,0.027142983483321184,0.0896085675162878,0.03251636231735018,Medium (0.3-0.5),0
0,C1=C(F)C=CC3=C1C=C(SCCNC)C2=CC=CC=C2O3,1,0.9380305409431458,0.9314405918121338,0.840466320514679,0.2769230769230769,0.0710228678802491,0.17379839771005282,0.06397277086508564,Low (<0.3),0
0,C1=C(O)C=CC3=C1C2(CC(CN(CC2)C)C3)C,1,0.9792625904083252,0.9747858047485352,0.9797163009643556,0.46,0.0255375195565096,0.02049223803937612,0.02095544932372537,Medium (0.3-0.5),0
0,C1=C(O)C=CC4=C1C35C(C(N(CCC2=CC=CC=C2)CC3)C4)CCCC5,1,0.9778938293457032,0.9684856534004213,0.9552297592163086,0.7241379310344828,0.032021609460682186,0.04580338187065803,0.02235417379149284,High (>=0.5),0
0,C1=C(OC)C=CC2=C1C4=C3[N]2CCN(C3=NCC4)C,1,0.972469687461853,0.9751088619232178,0.9344701766967772,0.2647058823529412,0.02520616096246824,0.06777556624287916,0.02791637368035649,Low (<0.3),0
0,C1=C([N](C(=C1C=O)C)CCNC(C)=O)C,1,0.9490309357643129,0.924808919429779,0.9039338231086732,0.2982456140350877,0.07816813639840264,0.1009991257953466,0.0523138826271117,Low (<0.3),0
0,C1=C2C(=CC=C1)N(C(Cl)(CN=C2C3=CC=CC=C3Cl)CO)C,1,0.9815928339958192,0.977918803691864,0.9811392426490784,0.3728813559322034,0.022328635203858964,0.019040889989661428,0.018578685942340446,Medium (0.3-0.5),0
0,C1=C2C(=CC=C1)OC(CCCl)NC2=O,1,0.9699841141700744,0.924989938735962,0.9043224453926086,0.2711864406779661,0.07797241857107053,0.10056929480657768,0.03047558476306868,Low (<0.3),0
0,C1=CC(=CC2=C1C(=C([NH]2)C)C4CCN(CCCC(C3=CC=C(F)C=C3)=O)CC4)OC,1,0.9474447965621948,0.937234103679657,0.9042016863822936,0.5245901639344263,0.06482218410780687,0.10070283906885524,0.05398660592635206,High (>=0.5),0
0,C1=CC(=CC2=C1C(=NO2)C4CCN(CCCOC3=C(C=C(C(C)=O)C=C3)OC)CC4)F,1,0.9611903429031372,0.9120588302612304,0.8929988741874695,0.4588235294117647,0.09205078412289987,0.11316995881475354,0.039582822087545995,Medium (0.3-0.5),0
0,C1=CC(=CC2=C1NC(=O)OC2(C)C)Br,1,0.9612390398979188,0.970568299293518,0.9493827223777772,0.3939393939393939,0.02987350348246233,0.051943271495041354,0.03953216015402824,Medium (0.3-0.5),0
0,C1=CC(=CC4=C1N2C(=NC(/C2=O)=C\N3CCN(C)CC3)CN=C4C5=C(C=CC=C5)Cl)[N+](=O)[O-],1,0.9734540581703186,0.951742708683014,0.8754928112030029,0.4714285714285714,0.049460544707095704,0.13296833836589483,0.026904647712531645,Medium (0.3-0.5),0
0,C1=CC(=CC=C1C(CCCN3CCN(C(OC2CCCCC2)=O)CC3)=O)F,1,0.984319508075714,0.9534503817558287,0.9430797696113586,0.6071428571428571,0.047667893307403654,0.05860440860993016,0.015804731305623286,High (>=0.5),0
0,C1=CC=C(C2=C1CC3C(C2)CC(N[S](N(CC)CC)(=O)=O)CN3CCC)O,1,0.937930464744568,0.927559494972229,0.9336243271827698,0.4583333333333333,0.07519834103516404,0.06868114095556654,0.06407946412616014,Medium (0.3-0.5),0
0,C1=CC=C3C(=C1OC(C2=CC=CS2)CCNC)C=CC=C3,1,0.9243260025978088,0.864709734916687,0.8870767951011658,0.44,0.14536139493562197,0.1198237219522007,0.07869045290132129,Medium (0.3-0.5),0
0,C1=CC=CC(=C1C2=NCC(N(C3=C2C(=N[N]3C)C)C)=O)F,1,0.968709111213684,0.9828099012374878,0.9772082567214966,0.5185185185185185,0.01733956386664228,0.02305549026718167,0.031790906984776685,High (>=0.5),0
0,C1=CC=CC2=C1C(C3=NCCCN23)(C4=CC=CC(=C4)Cl)O,1,0.9724420309066772,0.970943808555603,0.6917077898979187,0.3448275862068966,0.02948668202999826,0.3685916814787435,0.027944813588365112,Medium (0.3-0.5),0
0,C1=CC=CC2=C1C3=C([NH]2)CCC(C3)N(C)C,1,0.9551648497581482,0.9680982232093812,0.9574481248855592,0.3333333333333333,0.03242172659569318,0.04348373706021104,0.04587133585030229,Medium (0.3-0.5),0
0,C1=CC=CC2=C1C4(C3=C(OC2)C=CC=C3)OC(CN(C)C)CO4,1,0.9872597455978394,0.9719133973121644,0.9734526872634888,0.3392857142857143,0.028488575906577183,0.026906056004770654,0.012822107405159933,Medium (0.3-0.5),0
0,C1=CC=CC2=C1N(C3=C(S2)C=CC=N3)CCCN(C)C,1,0.9721918702125548,0.9675570130348206,0.959564745426178,0.717948717948718,0.03298092761303351,0.041275487513725145,0.02820209666396961,High (>=0.5),0
0,C1=CC=CC2=C1SC5=C(N2CC3C4CCN(C3)CC4)C=CC=C5,1,0.9804362654685974,0.9814861416816713,0.9690406322479248,0.5333333333333333,0.018687384894929635,0.03144873582609737,0.01975763753026505,High (>=0.5),0
0,C1=CC=CC3=C1C(=NC2=C(C=CC(=C2)F)C3)N4CCN(C)CC4,1,0.9768304824829102,0.9734662771224976,0.9686006903648376,0.4363636363636363,0.026892095630191536,0.03190283626823066,0.023442150199468235,Medium (0.3-0.5),0
0,C1=CC=CC3=C1C(C2=C(C=CC=C2)C=C3)C(N)=O,1,0.9747313261032104,0.9537180066108704,0.8715601563453674,0.5666666666666667,0.04738724178399261,0.13747039019041418,0.02559340892980799,High (>=0.5),0
0,C1=CC=CC3=C1C(C2=C(C=CC=C2)S3)=C4CCN(C)CC4,1,0.9829851984977722,0.9864684343338012,0.9641147255897522,0.5675675675675675,0.013623951665663605,0.03654498150483775,0.017161216427712678,High (>=0.5),0
0,C1=CC=CC=C1C(C(OC2CC3N(C)C(C2)CC3)=O)(CO)C,1,0.9742214679718018,0.9383333325386048,0.8762151002883911,0.4423076923076923,0.06365002792341352,0.13214366991336995,0.02611662133863584,Medium (0.3-0.5),0
0,C1=CC=CC=C1C(C(OC2CC3N(C)C(C2)CC3)=O)CO,1,0.9660509824752808,0.903875470161438,0.9373703598976136,0.6808510638297872,0.10106368232514508,0.06467681347539453,0.034538669272745494,High (>=0.5),0
0,C1=CC=CC=C1C(C2=CC=CC=C2)OCCN(C\C=C\C3=CC=CC=C3)C,1,0.9525220990180968,0.9320856928825378,0.9399458765983582,0.5789473684210527,0.07033052337030476,0.061932983462622174,0.04864197118155361,High (>=0.5),0
0,C1=CC=CC=C1C2(C(N(CC)C)=O)CCN(CCCCCC)CC2,1,0.993561029434204,0.9825758934020996,0.975716769695282,0.4745762711864407,0.017577693029000342,0.024582929668099114,0.006459790156042351,Medium (0.3-0.5),0
0,C1=CC=CC=C1CN2C(CC(C2)CN)=O,1,0.9866591691970824,0.9603540301322936,0.9430466890335084,0.2954545454545454,0.04045328111559187,0.05863948640410668,0.013430619147752416,Low (<0.3),0
0,C1=CC=CC=C1N(C3(CCN(CCC2=CC=CC=C2)CC3)C(OC)=O)C(CC)=O,1,0.979079246520996,0.9550889134407043,0.8955850005149841,0.7692307692307693,0.04595083975595793,0.11027814237122952,0.021142693332312116,High (>=0.5),0
0,C1=CC=CC=C1NC(OCC3(COC(NC2=CC=CC=C2)=O)CCCC3)=O,1,0.968605935573578,0.9264264702796936,0.9208476543426514,0.3333333333333333,0.07642059929906089,0.08246066971785943,0.031897421039240495,Medium (0.3-0.5),0
0,C1=CC=CC=C1[P](C2=CC=CC=C2)(CC(NN)=O)=O,1,0.9460659623146056,0.8799906969070435,0.8007153868675232,0.3513513513513513,0.1278439432623072,0.2222497173184582,0.05544298475582391,Medium (0.3-0.5),0
0,C1=NC(=NC(=C1CN(C(=C(\CCOC(C)=O)SC(C)=O)/C)C=O)N)C,1,0.9442234635353088,0.8934419751167297,0.9480759501457214,0.6923076923076923,0.1126738876030819,0.053320663748775726,0.05739242100363297,High (>=0.5),0
0,C1=NC3=C([N]1CCNC(C(C2=CC=CC=C2)O)C)C(N(C)C(N3C)=O)=O,1,0.7134426236152649,0.7388593554496765,0.553415060043335,0.3529411764705882,0.30264769353538806,0.5916469983325656,0.33765326069430146,Medium (0.3-0.5),0
0,C1CC1,1,0.9995073080062866,0.9976540207862854,0.9408504962921144,0.1818181818181818,0.002348735334328395,0.06097102949827689,0.0004928134062946891,Low (<0.3),0
0,C1CN2CCC1C(C2)CN3c4ccccc4Sc5ccccc35,0,0.9804362654685974,0.9814861416816713,0.9690406322479248,0.5333333333333333,3.9892357290439002,3.475079651913731,3.9340777056363763,High (>=0.5),3
0,C1NCCN(C1)c1ccc(c(n1)Cl)C(F)(F)F,1,0.9812676906585692,0.9785743951797484,0.9408613443374634,0.3469387755102041,0.02165846521522875,0.06095949952316072,0.018909981351402805,Medium (0.3-0.5),0
0,C2=C(C(N1CCCCCCC1)=O)C=C(OC)C(=C2OC)OC,1,0.9713639616966248,0.9542954564094543,0.8916448354721069,0.7222222222222222,0.04678195274656606,0.11468739220255143,0.029054049103322023,High (>=0.5),0
0,C2=C(C1(C(CN(C)CC1)C)OC(CC)=O)C=CC=C2,1,0.9905808568000792,0.981138288974762,0.9719610214233398,0.3333333333333333,0.019041861997240412,0.0284395767420983,0.009463783868271194,Medium (0.3-0.5),0
0,C2=C(C1(C(OCC)=O)CCN(C)CC1)C=CC=C2O,1,0.9696528315544128,0.9497089385986328,0.8512139320373535,0.5,0.0515997217541127,0.16109179300361723,0.030817177162216443,Medium (0.3-0.5),0
0,C2=C(C1=NOC(=N1)C)N=C3[N]2C4=C(C(=N3)OC)CCCC4,1,0.932655155658722,0.8967024087905884,0.7070751190185547,0.6153846153846154,0.10903123474404927,0.3466183683498851,0.06971975453952348,High (>=0.5),0
0,C2=C(CC(C(NCC(OCC1=CC=CC=C1)=O)=O)CSC(C)=O)C=CC=C2,1,0.9359090328216552,0.845463216304779,0.861988365650177,0.3150684931506849,0.16787061684738877,0.14851350533507698,0.06623699438387402,Medium (0.3-0.5),0
0,C2=C(CN(C(=C(SC(=O)C1=CC=CC=C1)/CCO[P](=O)(O)O)/C)C=O)C(=NC(=N2)C)N,1,0.8571213483810425,0.7589319348335266,0.8620826601982117,0.7910447761194029,0.27584318303395156,0.1484041194145262,0.15417577369755728,High (>=0.5),0
0,C2=C(CN(C(=C(SC(=O)C1=CC=CO1)\CCOC(=O)COC(=O)C)/C)C=O)C(=NC(=N2)C)N,1,0.9359580278396606,0.8038921356201172,0.8957633376121521,0.6578947368421053,0.2182901784798562,0.11007903302553565,0.06618464556162447,High (>=0.5),0
0,C2=C(N1CCN(C)CC1)N=NC3=C2N(C4=C(O3)C=CC=C4)C,1,0.9699702262878418,0.959259569644928,0.963429629802704,0.3684210526315789,0.04159357373081772,0.0372558298066993,0.030489902504412546,Medium (0.3-0.5),0
0,C3=C(C1C(N(CCO1)CCOC(C(C2=CC=CC=C2)CC)=O)C)C=CC=C3,1,0.9712777137756348,0.9379513263702391,0.836445152759552,0.4509803921568627,0.06405722218557429,0.17859432823681928,0.029142843575442768,Medium (0.3-0.5),0
0,C3=C(CCN1CCC(CC1)(C2=CC=CC=C2)C(OCC)=O)C=CC(=C3)N,1,0.9800946712493896,0.9382612109184264,0.8715921640396118,0.6071428571428571,0.06372689228440766,0.13743366626918976,0.020106108667615544,High (>=0.5),0
0,C3=C(N(C2CCN(CCC1=CC=CC=C1)CC2)C(COC)=O)C(=CC=C3)F,1,0.9740667343139648,0.9493969082832336,0.9466822147369384,0.5,0.051928329365657167,0.054791812611975084,0.026275461963940365,Medium (0.3-0.5),0
0,C4=C(C(C2C(C1=CC=NC=C1)C2)(C3=CC=CC=C3)O)C=CC=C4,1,0.9148477911949158,0.9111850261688232,0.6847721338272095,0.3846153846153846,0.09300930007371609,0.37866914740778373,0.08899757596490596,Medium (0.3-0.5),0
0,C4=C(N1C3(C(NC1)=O)CCN(CCCOC2=CC=C(C=C2)F)CC3)C=CC=C4,1,0.9755840301513672,0.9396198987960817,0.9488086700439452,0.7142857142857143,0.06227984847773604,0.05254811287576244,0.024718982032890826,High (>=0.5),0
0,C4=C(N3CCN(CCCCN1C(C2C(C(C1=O)C(=O)N(C2=O)CCCC)(C)C)=O)CC3)C(=CC=C4)OC,1,0.9727156162261964,0.7180892825126648,0.7687088251113892,0.4838709677419355,0.33116136876116403,0.2630430221265552,0.027663514721174107,Medium (0.3-0.5),0
0,C4=C3C(N(C1=CC=C2C(=N1)N=C(Cl)C=C2)C(=O)C3=CC=C4)CC(CCC(C)C)=O,1,0.928162693977356,0.8641615509986877,0.863021969795227,0.5774647887323944,0.14599554733416795,0.14731513075434743,0.07454824477618434,High (>=0.5),0
0,CC(=O)OC(C1CCCCN1)c2ccccc2,1,0.9199315309524536,0.9162175059318542,0.9348984360694884,0.3225806451612903,0.08750149060457442,0.06731738011813232,0.08345603458633864,Medium (0.3-0.5),0
0,CC(=O)OCC1=C(N2[C@H](SC1)[C@H](NC(=O)CCC[C@@H](N)C(O)=O)C2=O)C(O)=O,0,0.0981911942362785,0.0531907156109809,0.0644037872552871,0.6461538461538462,0.05465759531833509,0.06657129222310965,0.10335274839021963,High (>=0.5),0
0,CC(C)N=C1C=C2N(c3ccc(Cl)cc3)c4ccccc4N=C2C=C1Nc5ccc(Cl)cc5,0,0.9124787449836732,0.9020935893058776,0.5763750076293945,0.2077922077922078,2.3237432495249486,0.8589066670647053,2.4358736006452055,Low (<0.3),3
0,CC(Oc1ccccc1)C(=O)NC2C3SC(C)(C)C(N3C2=O)C(O)=O,0,0.2263145297765731,0.0458541624248027,0.0841890946030616,0.6896551724137931,0.046938749641534896,0.08794537077485728,0.25658985720313576,High (>=0.5),0
0,CC1(C)NC(C(=O)[NH+]1[C@H]2[C@H]3SC(C)(C)[C@@H](N3C2=O)C(O)=O)c4ccc(O)cc4,0,0.0234437603503465,0.0423013567924499,0.0352151617407798,0.4838709677419355,0.04322211917525994,0.03585016803814814,0.023722937236618787,Medium (0.3-0.5),0
0,CC1(C)S[C@@H]2C(NC(=O)[C@H](NC(=O)C3=CNc4cccnc4C3=O)c5ccccc5)C(=O)N2[C@H]1C(O)=O,0,0.2487673461437225,0.080932080745697,0.0831951573491096,0.5301204819277109,0.0843952537487354,0.0868606509120408,0.2860398831080732,High (>=0.5),0
0,CC1(C)S[C@@H]2[C@H](NC(=O)C(C)(C)Oc3ccccc3)C(=O)N2[C@H]1C(O)=O,0,0.1733615100383758,0.0843391269445419,0.0599724054336547,0.6065573770491803,0.08810920878053242,0.06184604822732014,0.19038781379595804,High (>=0.5),0
0,CC1(C)S[C@@H]2[C@H](NC(=O)COc3ccccc3)C(=O)N2[C@H]1C([O-])=O,0,0.4384790658950805,0.135450005531311,0.234703779220581,0.5862068965517241,0.14554614502924634,0.26749230339951974,0.5771062230321492,High (>=0.5),0
0,CC1(C)S[C@@H]2[C@H](NC(=O)[C@H](NC(=O)NC3=CN=C(NC3=O)Nc4ccc(cc4)[S](N)(=O)=O)c5ccc(O)cc5)C(=O)N2[C@H]1C(O)=O,0,0.2446832805871963,0.0937707275152206,0.0912610664963722,0.4183673469387755,0.0984629448157479,0.09569742792120857,0.2806181217859244,Medium (0.3-0.5),0
0,CC12CC3(CC(C1)(CC(C2)C3)N)C,1,0.999664068222046,0.9971696734428406,0.9955849647521972,0.2222222222222222,0.0028343395051269376,0.004424810297993859,0.0003359882156735464,Low (<0.3),0
0,CC1=C(COC(=O)[C@@H]2N3[C@H](SC2(C)C)[C@H](NC(=O)[C@H](N)c4ccccc4)C3=O)OC(=O)O1,0,0.2896755933761596,0.0980946123600006,0.0810935571789741,0.6052631578947368,0.10324565617270154,0.0845709650502905,0.3420335025608987,High (>=0.5),0
0,CC1=C(N2[C@H](SC1)[C@H](NC(=O)[C@H](N)C3=CCC=CC3)C2=O)C(O)=O,0,0.1907416880130767,0.0618258528411388,0.0372957997024059,0.6779661016949152,0.06381968925633952,0.038009079168787416,0.2116371150058896,High (>=0.5),0
0,CC1=C2NC3=CC(=O)C=CC3=C2C=CN1,1,0.7410411238670349,0.8773072361946106,0.6199178099632263,0.3023255813953488,0.13089802162624664,0.4781683743059012,0.29969915742972747,Medium (0.3-0.5),0
0,CC1=CC(=O)Oc2cc(O)ccc12,0,0.7392424941062927,0.7780691385269165,0.481022447347641,0.2558139534883721,1.5053893804216782,0.6558946479031305,1.3441643997295283,Low (<0.3),2
0,CC1=CN([C@H]2C[C@H](F)[C@@H](CO)O2)C(=O)NC1=O,1,0.8605917692184448,0.7625951170921326,0.8979986906051636,0.5625,0.27102803455303515,0.10758666880442638,0.15013502262703943,High (>=0.5),0
0,CC1=CN([C@H]2C[C@H](N=[N+]=[N-])[C@@H](CO)O2)C(=O)NC1=O,0,0.7643516659736633,0.5522403120994568,0.8357824683189392,0.4727272727272727,0.8034986014232547,1.8065633173767441,1.4454146953325429,Medium (0.3-0.5),3
0,CC1CN(CCN1)c2cc3N(C=C(C(O)=O)C(=O)c3c(C)c2F)C4CC4,0,0.819735050201416,0.5549570322036743,0.4071711301803589,0.4647887323943662,0.8095844446315333,0.5228495054107312,1.7133275670131631,Medium (0.3-0.5),2
0,CC1OC(CC(N)C1O)OC2CC(O)(Cc3c(O)c4C(=O)c5ccccc5C(=O)c4c(O)c23)C(=O)CO,0,0.5385136604309082,0.1849641799926757,0.1987248361110687,0.6511627906976745,0.20452321577785582,0.22155086545079092,0.7733028255442942,High (>=0.5),1
0,CC1OC(CC(N)C1O)OC2C[C@@](O)(Cc3c(O)c4C(=O)c5cccc(O)c5C(=O)c4c(O)c23)C(C)=O,0,0.4869199395179748,0.1053681373596191,0.1303831338882446,0.6590909090909091,0.1113429719840887,0.13970254811051427,0.6673233826701924,High (>=0.5),0
0,CC1OC(O[C@H]2CC[C@]3(C)[C@H]4CC[C@]5(C)[C@H](CC[C@]5(O)[C@@H]4CCC3=C2)C6=COC(=O)C=C6)C(O)C(O)C1O,0,0.7133361101150513,0.1847575455904007,0.158836543560028,0.2716049382716049,0.20426971990954412,0.1729692782751055,1.2494448648974605,Low (<0.3),1
0,CCC(=O)N(C1CCN(CC1)CCc2ccccc2)c3ccccc3,1,0.9753467440605164,0.9617987871170044,0.9549291729927064,0.4838709677419355,0.0389500111946783,0.04611810565726534,0.024962236273540914,Medium (0.3-0.5),0
0,CCC(=O)OC1CC(=O)OC(C)C\C=C\C=C/C(O)C(C)CC(CC=O)C(O[C@@H]2O[C@H](C)[C@@H](O[C@H]3C[C@@](C)(O)[C@H](OC(=O)CC)[C@@H](C)O3)[C@@H]([C@H]2O)N(C)C)C1OC,0,0.7213525772094727,0.804472029209137,0.7400863170623779,0.8585858585858586,1.6320518366916525,1.3474056917885118,1.2778080139218795,High (>=0.5),3
0,CCC(=O)O[C@H]1[C@@H](C)[C@@H](C)OC(=O)C(C)[C@@H](O[C@H]2C[C@H](OC)[C@@H](OC(=O)CC)[C@H](C)O2)[C@H](C)[C@@H](O[C@@H]3O[C@H](C)C[C@@H]([C@H]3O)N(C)C)C(C)C[C@@]4(CO4)C(=O)[C@@H]1C,0,0.5119615793228149,0.3744559288024902,0.3712227642536163,0.4368932038834951,0.46913349400721216,0.46397824121588377,0.7173611453322332,Medium (0.3-0.5),1
0,CCC(C)[C@H]1O[C@]2(CC[C@@H]1C)CC3C[C@@H](C\C=C(C)\[C@@H](O[C@H]4C[C@H](OC)[C@@H](OC5C[C@H](OC)[C@@H](O)[C@H](C)O5)[C@H](C)O4)[C@@H](C)/C=C/C=C/6CO[C@@H]7[C@H](O)C(=C[C@@H](C(=O)O3)[C@]67O)C)O2.CO[C@H]8CC(O[C@@H](C)[C@@H]8O)O[C@H]9[C@H](C)O[C@H](C[C@@H]9OC)O[C@H]/%10[C@@H](C)/C=C/C=C/%11CO[C@@H]%12[C@H](O)C(=C[C@@H](C(=O)OC%13C[C@@H](C\C=C%10C)O[C@@]%14(CC[C@H](C)[C@H](O%14)C(C)C)C%13)[C@]%11%12O)C,0,0.9018597602844238,0.6444011330604553,0.5332309603691101,0.2302631578947368,1.0339519616817028,0.7619207054674955,2.3213578057354662,Low (<0.3),3
0,CCC(Oc1ccccc1)C(=O)NC2C3SC(C)(C)C(N3C2=O)C(O)=O,0,0.2759488821029663,0.0708796456456184,0.1464510262012481,0.6557377049180327,0.07351699597137089,0.15835235843042067,0.32289328425866737,High (>=0.5),0
0,CCCCc1oc2ccccc2c1C(=O)c3cc(I)c(OCCN(CC)CC)c(I)c3,0,0.9538503289222716,0.8589053153991699,0.420037180185318,0.2941176470588235,1.9583240919822704,0.544791281264196,3.07586544530183,Low (<0.3),2
0,CCN(CC)C(=O)C1CN2CCc3cc(OC)c(OC)cc3C2CC1OC(C)=O,1,0.9648904204368592,0.9553391933441162,0.9441574811935424,0.4393939393939394,0.04568882528500784,0.057462303451851375,0.03574073804233038,Medium (0.3-0.5),0
0,CCOC(=O)C1(CCN(C)CC1)c2ccccc2,1,0.9902744293212892,0.9755762815475464,0.9420186281204224,0.6458333333333334,0.024726924592786477,0.059730229526539856,0.009773172932057246,High (>=0.5),0
0,CCOC(OCC)C(=O)OCC(=O)C1(O)CC(OC2CC(N)C(O)C(C)O2)c3c(O)c4C(=O)c5c(OC)cccc5C(=O)c4c(O)c3C1,0,0.6998220086097717,0.2890398204326629,0.3644599914550781,0.6666666666666666,0.3411388569817103,0.45328023432338277,1.2033796756274506,High (>=0.5),1
0,CC[C@@]1(O)C[C@H](OC2CC(C(OC3CC(O)C(OC4CCC(=O)C(C)O4)C(C)O3)C(C)O2)N(C)C)c5c(O)c6C(=O)c7c(O)cccc7C(=O)c6cc5[C@H]1C(=O)OC,0,0.8174464702606201,0.4802320599555969,0.588456928730011,0.5585585585585585,0.6543728361597534,0.887841595399559,1.7007118353271893,High (>=0.5),2
0,CC[N+](C)(C)Cc1ccccc1Br.Cc2ccc(cc2)[S]([O-])(=O)=O,0,0.8337558507919312,0.8387094736099243,0.7840251326560974,0.2727272727272727,1.824548028433375,1.5325932329570673,1.7942977927988728,Low (<0.3),3
0,CN(C)C3CCc2[nH]c1c(F)cc(F)cc1c2C3,1,0.947113275527954,0.969395101070404,0.8937417268753052,0.2058823529411764,0.031083009152432027,0.11233844165977781,0.054336577819542764,Low (<0.3),0
0,CN(C)CCC(c1ccccc1)c2ccccn2,0,0.9693543910980223,0.9322450757026672,0.9428502917289734,0.4594594594594595,2.691858138508169,2.862080993373303,3.4852658927043074,Medium (0.3-0.5),3
0,CN(C)CCCN2c1ccccc1C(=Nc3cccnc23)c4ccccc4,1,0.970454216003418,0.9668247699737548,0.9455313682556152,0.4137931034482758,0.03373800990410236,0.056008215066296094,0.029991053164995406,Medium (0.3-0.5),0
0,CN(C)CCOC(C)(c1ccccc1)c2ccccn2,1,0.9745261669158936,0.9334017038345336,0.8891851902008057,0.6097560975609756,0.06891962006147379,0.11744975222557029,0.025803908762497295,High (>=0.5),0
0,CN(C)CCOC(C)(c1ccccc1)c2ccccn2.OC(=O)CCC(O)=O,1,0.8850040435791016,0.8638471364974976,0.7572907209396362,0.5208333333333334,0.1463594511813361,0.278008055757133,0.12216306496871149,High (>=0.5),0
0,CN(C)Cc1oc(cc1)CSCCNC=1NC=C(CN1)Cc1cnc(cc1)C,0,0.9281139969825744,0.8029950261116028,0.4498009979724884,0.45,1.624526302398425,0.5974752443291647,2.632673706121171,Medium (0.3-0.5),2
0,CN(C)[C@H]1[C@@H]2C[C@H]3C(=C(O)c4c(O)cccc4[C@@]3(C)O)C(=O)[C@]2(O)C(=O)\C(=C(/O)NCN5CCCC5)C1=O,1,0.2254612147808075,0.0778878331184387,0.0948707312345504,0.863013698630137,2.552485524203097,2.3552400378538105,1.4896071313699437,High (>=0.5),3
0,CN1C(=C(/O)Nc2ccccn2)/C(=O)c3ccccc3[S]1(=O)=O,0,0.1646794229745865,0.2564321160316467,0.1463431417942047,0.66,0.2962952139971548,0.15822597131860958,0.17993970323013228,High (>=0.5),0
0,CN1C(=O)CC(=O)N(c2ccccc2)c3cc(Cl)ccc13,1,0.9759896993637084,0.975421905517578,0.9688933491706848,0.5106382978723404,0.024885177974377552,0.031600735924073614,0.02430324655536434,High (>=0.5),0
0,CN1C(=O)N(C)c2ncn(CCNCC(O)c3ccc(O)c(O)c3)c2C1=O,0,0.470886617898941,0.5551093816757202,0.4210898280143738,0.4074074074074074,0.8099268285485137,0.5466079568205499,0.6365525371955996,Medium (0.3-0.5),1
0,CN1C2CCC1CC(C2)OC(=O)C(CO)c3ccccc3,0,0.9660509824752808,0.903875470161438,0.9373703598976136,0.6808510638297872,2.3421107423145897,2.770516628870613,3.3828953642851465,High (>=0.5),3
0,CN1C2CCC1CC(C2)OC(=O)C(O)c3ccccc3,0,0.937205970287323,0.8549351096153259,0.8780257701873779,0.5555555555555556,1.930574116774421,2.103945487605381,2.767895278296733,High (>=0.5),3
0,CN1C2CCC1CC(C2)OC(=O)[C@H](CO)c3ccccc3,1,0.9432336688041688,0.8892104625701904,0.9320969581604004,0.6808510638297872,0.117421330688049,0.07031843734659203,0.05844123403881443,High (>=0.5),0
0,CN1CCC[C@H]1c2cccnc2,1,0.9871168732643129,0.9530818462371826,0.9728453159332277,0.55,0.048054496290374726,0.027530185864617116,0.012966833930394231,High (>=0.5),0
0,CN1CCN(CC1)C2=Nc3ccccc3Cc4ccccc24,1,0.9786953330039978,0.9764603972434998,0.9740855097770692,0.5,0.023821085306041476,0.026256186814206158,0.021534887128200845,Medium (0.3-0.5),0
0,CN1CCN(CC1)CC(=O)N2c3ccccc3C(=O)Nc4cccnc24,1,0.9617388844490052,0.9572293758392334,0.9159066081047058,0.3484848484848485,0.043712234075708165,0.08784087572346531,0.039012295046878344,Medium (0.3-0.5),0
0,CN1CCN=C(c2ccccc2)c3cc(Cl)ccc13,1,0.9812092185020448,0.9756311178207396,0.9645829796791076,0.6086956521739131,0.024670717063822165,0.03605941645513989,0.01896957151143862,High (>=0.5),0
0,CN1CC[C@]23CCCC[C@H]2[C@H]1Cc4ccc(O)cc34,1,0.9192731380462646,0.9159625172615052,0.9334921836853028,1.0,0.08777983516544444,0.06882268916310301,0.08417198854775525,High (>=0.5),0
0,CNCCCC1c2ccccc2C=Cc3ccccc13,1,0.9605893492698668,0.960622787475586,0.94638854265213,0.3777777777777777,0.04017346790537243,0.055102072633707345,0.0402082773936981,Medium (0.3-0.5),0
0,COC(=O)C(C1CCCCN1)c2ccccc2,1,0.9036950469017028,0.8596000075340271,0.9149611592292786,0.3225806451612903,0.15128810544920854,0.08887366353734726,0.10126331299916996,Medium (0.3-0.5),0
0,COC1(C(F)(F)C1(F)Cl)F,1,0.9973244667053224,0.9998170733451844,0.9997705817222596,0.25,0.0001829433879367375,0.00022944459813911217,0.0026791189309706325,Low (<0.3),0
0,COC1=CC=C2C(=CC1=O)[C@H](CCc3cc(OC)c(OC)c(OC)c23)NC(C)=O,0,0.8664658069610596,0.8215621709823608,0.6669459939002991,0.2666666666666666,1.7235150352518172,1.099450621671943,2.0133977063044024,Low (<0.3),3
0,COC1CC(OC(C)C1O)O[C@H]2[C@H](C)[C@@H](OC3OC(C)CC(C3O)N(C)C)[C@@H](C)C[C@]4(CO4)C(=O)[C@H](C)[C@@H](O)[C@@H](C)[C@@H](C)OC(=O)[C@@H]2C,0,0.4958111941814422,0.1799036115407943,0.1055691540241241,0.4489795918367347,0.19833339873046352,0.11156768927810282,0.6848044663419828,Medium (0.3-0.5),0
0,CO[C@H]1C[C@@H](O[C@@H](C)[C@@H]1OC(C)=O)O[C@H]2[C@H](C)[C@@H](O[C@@H]3O[C@H](C)C[C@@H]([C@H]3OC(C)=O)N(C)C)[C@@H](C)C[C@@]4(CO4)C(=O)[C@H](C)[C@@H](OC(C)=O)[C@@H](C)[C@@H](C)OC(=O)[C@@H]2C,0,0.5365259647369385,0.412418782711029,0.4964270293712616,0.3653846153846153,0.5317408003244015,0.6860266505543037,0.7690049143952628,Medium (0.3-0.5),1
0,CO[C@H]1[C@@H](C[C@@H]2CN3CCc4c([nH]c5cc(OC)ccc45)[C@H]3C[C@@H]2[C@@H]1C(=O)OC)OC(=O)\C=C\c6cc(OC)c(OC)c(OC)c6,1,0.7606766223907471,0.7344658970832825,0.8350386619567871,0.8048780487804879,0.308611714557372,0.18027725345851905,0.27354694915776573,High (>=0.5),0
0,CO[C@]1(NC(=O)C(C(O)=O)c2ccc(O)cc2)[C@H]3OCC(=C(N3C1=O)C(O)=O)CSc4nnnn4C,0,0.1708309054374694,0.1326123774051666,0.0819217786192894,0.5494505494505495,0.14226931722979608,0.08547268351596295,0.187331170506171,High (>=0.5),0
0,CO\N=C(C(=O)N[C@H]1[C@H]2SCC(=C(N2C1=O)C(O)=O)CSc3sc(CC(O)=O)c(C)n3)/c4csc(N)n4,0,0.2014751732349395,0.2609894275665283,0.2011803388595581,0.7209302325581395,0.30244305173103186,0.2246200643978096,0.22498922005704525,High (>=0.5),0
0,COc1ccc(Cl)cc1C(=O)NCCc2ccc(cc2)[S](=O)(=O)NC(=O)NC3CCCCC3,1,0.9259498119354248,0.8355697393417358,0.6971248388290405,0.3975903614457831,0.17964146424253566,0.3607907754662197,0.07693524457860358,Medium (0.3-0.5),0
0,COc1cccc2C(=O)c3c(O)c4CC(O)(CC(O)c4c(O)c3C(=O)c12)C(=O)CO,0,0.3607417047023773,0.0711198672652244,0.155133455991745,0.5714285714285714,0.07377557676573966,0.16857660018308532,0.4474466882855368,High (>=0.5),0
0,COc1cccc2C(=O)c3c(O)c4C[C@@](O)(C[C@@H](OC5CC(N)CC(C)O5)c4c(O)c3C(=O)c12)C(=O)CO,0,0.7989386320114136,0.263004869222641,0.4005740284919739,0.7294117647058823,0.30517399362960657,0.5117827958623697,1.6041451041456536,High (>=0.5),1
0,COc1cccc2C(=O)c3c(O)c4C[C@](O)(C[C@H](O[C@H]5C[C@H](N)[C@H](O)[C@H](C)O5)c4c(O)c3C(=O)c12)C(=O)CO,0,0.2788536250591278,0.0499876923859119,0.0859344601631164,0.7857142857142857,0.051280339088220196,0.08985300349387733,0.3269131457407188,High (>=0.5),0
0,COc1cccc2C(=O)c3c(O)c4C[C@](O)(C[C@H](O[C@H]5C[C@H](N)[C@H](O)[C@H](C)O5)c4c(O)c3C(=O)c12)C(C)=O,0,0.3004310429096222,0.0576809830963611,0.121710866689682,0.7738095238095238,0.05941140260445997,0.12977943054785748,0.35729090919155837,High (>=0.5),0
0,COc1cccc2C(=O)c3c(O)c4C[C@](O)(C[C@H](O[C@H]5C[C@H](NC(=O)[C@@H](N)CC(C)C)[C@H](O)[C@H](C)O5)c4c(O)c3C(=O)c12)C(=O)CO,0,0.3973047733306885,0.0894131511449813,0.1677821576595306,0.6464646464646465,0.09366599847103198,0.1836610426962107,0.5063436384360468,High (>=0.5),0
0,COc2cc1oc(=O)c(C)c(C)c1cc2OCCCN3CCN(CC3)c4ccccc4OC,1,0.9622817039489746,0.918009340763092,0.885658860206604,0.4848484848484848,0.08554771329021886,0.12142343614839349,0.0384480396354293,Medium (0.3-0.5),0
0,C[C@@H]1O[C@H](C[C@H](N)[C@@H]1O)O[C@H]2C[C@@](O)(Cc3c(O)c4C(=O)c5ccccc5C(=O)c4c(O)c23)C(C)=O,0,0.5229529142379761,0.1037315800786018,0.1489779651165008,0.6588235294117647,0.10951533506594635,0.1613172578138978,0.740140080676175,High (>=0.5),1
0,C[C@@H]1[C@H](O)CC[C@@]2(C)[C@H]1CC[C@@]3(C)[C@H]2[C@H](O)C[C@H]4\C([C@H](C[C@]34C)OC(C)=O)=C(/CCC=C(C)C)C(O)=O,0,0.8901222348213196,0.6072348356246948,0.7878339886665344,0.2574257425742574,0.9345433918335263,1.5503862384236253,2.2083867567070716,Low (<0.3),3
0,C[C@H]1CN(C[C@@H](C)N1)c2c(F)c(N)c3C(=O)C(=CN(C4CC4)c3c2F)C(O)=O,0,0.3906573057174682,0.3381181359291076,0.1876833587884903,0.3888888888888889,0.41266819203488897,0.20786506260114707,0.49537445314606143,Medium (0.3-0.5),0
0,C[C@H]1O[C@@H](O[C@@H]\2C[C@@H]3O[C@](O)(C[C@@H](O)C[C@@H](O)[C@H](O)CC[C@@H](O)C[C@@H](O)CC(=O)O[C@@H](C)[C@H](C)[C@H](O)[C@@H](C)\C=C/C=C\C=C/C=C\C=C/C=C\C=C2)C[C@H](O)[C@H]3C(O)=O)[C@@H](O)[C@@H](N)[C@@H]1O,0,0.5396757125854492,0.3766637742519378,0.4370222091674804,0.2462686567164179,0.4726692175748475,0.5745150995201456,0.7758240652351548,Low (<0.3),1
0,C[C@H]1O[C@H](C[C@H](O)[C@@H]1O)O[C@H]2[C@@H](O)C[C@@H](O[C@@H]2C)O[C@H]3[C@@H](O)C[C@@H](O[C@@H]3C)O[C@H]4CC[C@@]5(C)[C@H](CC[C@@H]6[C@@H]5CC[C@]7(C)[C@@H](CC[C@]67O)C8=CC(=O)OC8)C4,0,0.8616507053375244,0.3642747700214386,0.6336675882339478,0.8133333333333334,0.4529888373287394,1.0042141289020583,1.9779736709734335,High (>=0.5),2
0,C[C@]1(Cn2ccnn2)[C@@H](N3[C@@H](CC3=O)[S]1(=O)=O)C(O)=O,0,0.1019564718008041,0.0600392296910285,0.0937086567282676,0.3506493506493506,0.06191713830282323,0.0983944536919088,0.10753673947250739,Medium (0.3-0.5),0
0,C[C@]1(O)CC[C@H]2[C@@H]3CC[C@H]4Cc5[nH]ncc5C[C@]4(C)[C@H]3CC[C@]12C,0,0.5513953566551208,0.3722884356975555,0.5591778755187988,0.5,0.4656745105330823,0.8191138307487236,0.8016133062030993,Medium (0.3-0.5),2
0,C[C@]12CCC(=O)C=C1CC[C@H]3[C@@H]4CC[C@](O)(C(=O)CO)[C@@]4(C)CC(=O)[C@H]23,0,0.9714373350143432,0.6907634735107422,0.5325050354003906,0.7407407407407407,1.1736488370038325,0.7603667012213285,3.555654834041312,High (>=0.5),3
0,Cc1c(O)cccc1C(=O)N[C@@H](CSc2ccccc2)[C@H](O)CN3C[C@H]4CCCC[C@H]4C[C@H]3C(=O)NC(C)(C)C,0,0.846535325050354,0.7890263795852661,0.8014044165611267,0.47,1.5560221750530576,1.6164847660933017,1.8742848690601985,Medium (0.3-0.5),3
0,Cc1ccc(cc1)[S](=O)(=O)NC(=O)NN2CCCCCC2,0,0.9500311613082886,0.8323918581008911,0.722197949886322,0.5,1.786126512763801,1.2808464688702692,2.996355694005916,Medium (0.3-0.5),3
0,Clc1ccc2NC(=O)CC(=O)N(c3ccccc3)c2c1,1,0.952532172203064,0.9632201194763184,0.9255602359771729,0.6363636363636364,0.037473316485105525,0.07735606429215611,0.048631395960553964,High (>=0.5),0
0,FC(F)(F)c1c(Cl)nc(N2CCNCC2)cc1,1,0.9812676906585692,0.978574275970459,0.9408613443374634,0.3469387755102041,0.0216585870345787,0.06095949952316072,0.018909981351402805,Medium (0.3-0.5),0
0,FC(F)(F)c1ccc2Sc3ccccc3N(CCCN4CCN(CC4)C5CC5)c2c1,1,0.983817458152771,0.984679639339447,0.9718323349952698,0.7692307692307693,0.01543892996109597,0.0285719842614811,0.016314909146339932,High (>=0.5),0
0,IC1=C(N([H])[H])C=CC(C2=NC3=CC=C(O[H])C=C3S2)=C1,1,0.569779098033905,0.754105269908905,0.2268252670764923,0.2,0.2822233054556851,1.483575306470983,0.562506540578346,Low (<0.3),1
0,NC(=N)c1ccc(o1)c2ccccc2N(=O)=O,1,0.8537812232971191,0.8777958750724792,0.8102056384086609,0.3148148148148148,0.13034120090459564,0.2104671889577565,0.15808029682195746,Medium (0.3-0.5),0
0,Nc1ccc(N=Nc2ccccc2)c(N)n1,0,0.9159681797027588,0.8395999670028687,0.8623204231262207,0.2790697674418604,1.8300843778319675,1.982826200342006,2.4765597388079814,Low (<0.3),3
0,Nc1nc(N)c2nc(c3ccccc3)c(N)nc2n1,0,0.9033426642417908,0.921846330165863,0.7599331140518188,0.2954545454545454,2.5490782643670626,1.4268377030166397,2.3365831759679376,Low (<0.3),3
0,O=C1Nc2ccccc2N1C3CCN(CCOc4ccccc4)CC3,1,0.9557749032974244,0.9299396276474,0.9251821637153624,0.5862068965517241,0.07263561145017516,0.0777646271122788,0.04523285045689783,High (>=0.5),0
0,O=C1Oc2ccccc2C=C1,0,0.9347535967826844,0.7963188290596008,0.6835241317749023,0.3529411764705882,1.5911993952677315,1.1505082860390485,2.7295843574049434,Medium (0.3-0.5),3
0,OC(=O)C1=CN(C2CC2)c3cc(N4CCNCC4)c(F)cc3C1=O,0,0.8153460621833801,0.6512693166732788,0.4920138716697693,0.6727272727272727,1.0534553356910277,0.6773011382130364,1.6892718120695283,High (>=0.5),2
0,OC(Cn1cncn1)(Cn2cncn2)c3ccc(F)cc3F,1,0.878403902053833,0.5217981934547424,0.4398728907108307,0.2321428571428571,0.6504743684266627,0.8212694785531791,0.1296487660078748,Low (<0.3),1
0,OC12c3c(Oc4c(C)cccc4C2CN(CC1)C)cccc3,1,0.9732100963592528,0.9764377474784852,0.9499446749687196,1.0,0.023844281359636763,0.051351532958415186,0.027155293733598335,High (>=0.5),0
0,OC12c3c(Oc4c(C)cccc4C2CNCC1)cccc3,1,0.954723596572876,0.9560728669166564,0.9033421874046326,1.0,0.044921148211262384,0.10165385226959128,0.046333408066060136,High (>=0.5),0
0,OC1CCC2(O)C3Cc5ccc(O)c6OC1C2(CCN3CC4CCC4)c56,1,0.9548450708389282,0.9572495818138124,0.975972294807434,0.6949152542372882,0.04369112548686842,0.02432107943974103,0.046206181150066854,High (>=0.5),0
0,OCCN1CCN(CC\C=C/2c3ccccc3COc4ccc(Cl)cc24)CC1,1,0.982398808002472,0.9417308568954468,0.941133677959442,0.625,0.06003575977830978,0.06067009001819071,0.017757934942527687,High (>=0.5),0
0,OC[C@@H]1CC[C@@H](O1)n2cnc3C(=O)N=CNc23,0,0.8444144129753113,0.5230266451835632,0.71088707447052,0.4444444444444444,0.7402946495776321,1.2409379214142078,1.8605592999041554,Medium (0.3-0.5),3
0,OC[C@H]1O[C@H](C[C@@H]1O)N2C=C(F)C(=O)NC2=O,0,0.5675321817398071,0.4038678407669067,0.6221142411231995,0.4067796610169492,0.5172928928185966,0.9731633542354364,0.8382473640256166,Medium (0.3-0.5),2
0,Oc1ccc(cc1)/C=C([N+]#[C-])/C(=C/c2ccc(O)cc2)[N+]#[C-],0,0.8505212068557739,0.6030330061912537,0.2868324518203735,0.28125,0.9239021407719766,0.33803889573950985,1.9006007480914116,Low (<0.3),2
0,Oc1ccc2C[C@@H]3[C@@H]4CCCC[C@]4(CCN3CC=C)c2c1,1,0.9332326650619508,0.7019398808479309,0.9336217045783995,0.6862745098039216,0.35390751844138674,0.06868395001696029,0.0691007361663324,High (>=0.5),0
0,S1[C@H]4N(CC1(C2CN3[C@H](S2)CC3=O)O)C(C4)=O,1,0.9447924494743348,0.9359259605407716,0.6479346752166748,0.2222222222222222,0.06621890761962726,0.4339653975623274,0.05679000579652469,Low (<0.3),0
0,S=[P](N1CC1)(N2CC2)N3CC3,1,0.9919379353523254,0.9728574156761168,0.7111563086509705,0.1,0.027517748463268217,0.3408630299499562,0.00809473882357286,Low (<0.3),0
0,[C@@H]2(C3=C([C@H](C1=CC=C(C=C1)F)C2)C=CC(=C3)C(F)(F)F)N4CCN(CCO)CC4,1,0.9404733777046204,0.9221642017364502,0.9385742545127868,0.4923076923076923,0.0810319782925748,0.06339330566690266,0.061371937175851765,Medium (0.3-0.5),0
0,[C@@H]24[C@@](C1=CC=CC=C1OC3=C(C=CC=C23)C)(CCN(C4)C)O,1,0.979838728904724,0.9450826048851012,0.9382888078689576,1.0,0.05648294273182429,0.0636974798517446,0.0203672832015057,High (>=0.5),0
0,[C@@]123C4=C(C[C@H]([C@@]1(CC[C@H](C2)O)O)N(CC3)C)C=CC(=C4OC)OC,1,0.9514489769935608,0.7021976709365845,0.951857089996338,0.4558823529411764,0.3535403320624991,0.049340371009303774,0.049769217442476026,Medium (0.3-0.5),0
0,[C@@]126C3=C4C[C@H]([C@@]1(CCC([C@@H]2OC3=C(C=C4)O)=C)O)N(CC5CC5)CC6,1,0.955943524837494,0.8413881063461304,0.932927429676056,0.7966101694915254,0.1727022434781198,0.0694278628576355,0.04505644211346686,High (>=0.5),0
0,[C@@]23(C([C@H](N(CC1(CC1)O)CC2)CC4=C3C=C(C=C4)O)(C)C)CC,1,0.9845022559165956,0.9001887440681458,0.9250668287277222,0.7254901960784313,0.10515082201380226,0.07788929680620725,0.015619089471762375,High (>=0.5),0
0,[C@@]23(F)[C@H]([C@H]1[C@@]([C@@]([C@H](C1)C)(O)C(=O)CCl)(CC2=O)C)CCC4=CC(=O)C=C[C@]34C,1,0.995983362197876,0.9546886086463928,0.9541338086128236,0.7580645161290323,0.04637005591652577,0.04695135676900483,0.004024726157668996,High (>=0.5),0
0,[C@@]23([C@H]([C@H]1[C@H](OC(O1)(C)C)CO2)OC(O3)(C)C)CO[S](N)(=O)=O,1,0.960185408592224,0.8836536407470703,0.975328266620636,0.2,0.12369010223138713,0.02498118093606004,0.04062887921798215,Low (<0.3),0
0,[C@@]3(C1=CC=CS1)(N2CCCCC2)[C@H](CCCC3)C,1,0.9925268888473512,0.9210425615310668,0.9258432388305664,0.3529411764705882,0.08224903149158168,0.07705034718678323,0.007501174750140761,Medium (0.3-0.5),0
0,[C@@]4(O)(C3(C(C2C(C1(C(=CC(=O)CC1)C=C2)C)C(O)C3)CC4=C)C)C(=O)CO,1,0.969369888305664,0.9382284879684448,0.8519275188446045,0.5507246376811594,0.06376176905458583,0.16025382755026354,0.03110901825088355,High (>=0.5),0
0,[C@@]45([C@@]3([C@H]([C@H]2[C@@H]([C@@]1(C(=CC(=O)C=C1)CC2)C)[C@H](C3)O)C[C@H]4O[C@H](O5)C6CCCCC6)C)C(COC(C(C)C)=O)=O,1,0.986068606376648,0.9411285519599916,0.9507986307144164,0.5952380952380952,0.060675536655082206,0.050452983637631205,0.014029346296412852,High (>=0.5),0
0,[C@@]45([C@@]3([C@H]([C@H]2[C@@H]([C@@]1(C(=CC(=O)CC1)[C@H](C2)F)C)[C@H](C3)O)C[C@H]4OC(O5)(C)C)C)C(CO)=O,1,0.9879232048988342,0.9316639304161072,0.9632115960121156,0.6901408450704225,0.07078311900692656,0.037482165450925906,0.01215031209042199,High (>=0.5),0
0,[C@H](N1C3=C(SC2=C1C=CC=C2)C=CC(=C3)C(=O)NCCC)(CN4CCCC4)C,1,0.911300539970398,0.9549530148506165,0.9212146401405334,0.4117647058823529,0.04609313882102482,0.08206221869496351,0.09288253495263576,Medium (0.3-0.5),0
0,[C@H](O)(/C=C/C1=C(C3=C(OC12CCCC2)C=CC=C3)C4=CC=C(F)C=C4)C[C@H](O)CC(OCC)=O,1,0.9197089076042176,0.9195197820663452,0.927004873752594,0.3614457831325301,0.08390372123079749,0.07579645587606396,0.08369806378362829,Medium (0.3-0.5),0
0,[C@H]12C5CC4=C3[C@]1([C@H](C(C[C@@H]2CC)=O)OC3=C(C=C4)OC)CCN5CC6CC6,1,0.9310176968574524,0.9207754731178284,0.9670886397361756,0.5507246376811594,0.08253905842158893,0.033465123059496504,0.0714769934459296,High (>=0.5),0
0,[C@H]2(NC(=O)C1=C(OC)C=C(NC)C(=C1)Cl)[C@H](N(CC2)CC3=CC=CC=C3)C,1,0.781552255153656,0.7150762677192688,0.3635552823543548,0.5294117647058824,0.3353660738379333,1.0118239100662967,0.24647326615616783,High (>=0.5),1
0,[C@H]4(CC3C2=C1C(=C[N](C1=CC=C2)C(C)C)CC3N(C4)C)C(NC5CCCCC5)=O,1,0.9697511196136476,0.9712182283401488,0.9380210638046264,0.4583333333333333,0.029204089969028284,0.0639828741463552,0.030715818124291742,Medium (0.3-0.5),0
0,[C@]14([C@H]([C@H]3[C@](F)([C@@H](O)C1)[C@@]2(C(=CC(=O)C=C2)CC3)C)C[C@@H]6[C@]4(CC5=CC=CC=C5C6)C(=O)CO)C.O,1,0.94660747051239,0.8350801467895508,0.9783823490142822,0.6338028169014085,0.1802275745583654,0.02185473543597069,0.054870769599032594,High (>=0.5),0
0,[C@]2(C1=CC(=CC=C1)O)([C@H](CN(C)CC2)C)CCC,1,0.9905170798301696,0.8930270671844482,0.9491119980812072,0.293103448275862,0.11313838816807029,0.05222847039023725,0.009528169347406246,Low (<0.3),0
0,[C@]2(C1=CC=CC=C1)([C@H](CN(C)CC2)CC)OC(CC)=O,1,0.9927819967269896,0.9485248923301696,0.952167510986328,0.34375,0.05284724606090106,0.04901430275096284,0.007244179092793733,Medium (0.3-0.5),0
0,[C@]23(C1(C(C1)CC2)[C@H](O)C[C@@H]4[C@@H]3CC[C@]5([C@H]4CC[C@@H]5C(=O)C)C)C,1,0.838239848613739,0.4681867659091949,0.9192902445793152,0.5,0.7588879902171791,0.08415337996105904,0.17645100392238333,Medium (0.3-0.5),1
0,[C@]235[C@@]67[C@H](N(CC1CC1)CC2)CC4=C3C(=C(C=C4)O)O[C@H]5[C@](OC)([C@H](C6)C(C)(C)O)CC7,1,0.9825615882873536,0.8229306936264038,0.834189236164093,0.68,0.19488329372665883,0.18129500048631622,0.01759225192361156,High (>=0.5),0
0,[C@]235[C@H]([C@H](N(CC1CC1)CC2)CC4=C3C(=CC=C4)O)CCC(C5)=O,1,0.9876496195793152,0.8619867563247681,0.906278908252716,0.4615384615384615,0.1485153723288502,0.0984081745603896,0.0124272801858302,Medium (0.3-0.5),0
0,[C@]3(N(C1=CC=CC=C1)C(=O)CC)(C(=O)OC)[C@H](CN(CCC2=CC=CC=C2)CC3)C,1,0.9835143089294434,0.9068765640258788,0.8857058882713318,0.53125,0.09774893071291413,0.12137033803319248,0.0166230922711177,High (>=0.5),0
0,[C@]34([C@H]([C@H]2[C@@H]([C@@]1(C(=CC(=O)C=C1)CC2)C)[C@H](C3)O)CC[C@@]4(C(CN5CCN(C)CC5)=O)O)C,1,0.9873718023300172,0.8952395915985107,0.9437184929847716,0.6984126984126984,0.1106638964224948,0.057927363892989615,0.012708611059559942,High (>=0.5),0
0,[C@]34([C@H]([C@H]2[C@@H]([C@@]1(C(=CC(=O)CC1)CC2)C)C(C3)=O)CC[C@@]4(C(COC(C)=O)=O)O)C,1,0.9882556200027466,0.8975473046302795,0.8983428478240967,0.703125,0.1080894528997274,0.10720349309336988,0.011813889998596233,High (>=0.5),0
0,[C@]4([C@@]3([C@H]([C@H]2[C@]([C@@]1(C(=CC(=O)C=C1)CC2)C)(F)C(C3)=O)C[C@@H]4C)C)(OC(CCC)=O)C(CCl)=O,1,0.9952006340026855,0.9667847156524658,0.9807648062705994,0.6891891891891891,0.03377943949119575,0.019422597120783848,0.004810919936848665,High (>=0.5),0
0,[Ca++].NC1=NC(=O)C2=C(NCC(CNc3ccc(cc3)C(=O)N[C@@H](CCC([O-])=O)C([O-])=O)N2C=O)N1,1,0.8335592746734619,0.7372511625289917,0.8316097259521484,0.3820224719101123,0.3048266544429737,0.1843920275975167,0.18205046393479019,Medium (0.3-0.5),0
0,[Cl-].CC(=O)[C@@]1(N)C[C@H](O[C@H]2C[C@H](O)[C@H](O)CO2)c3c(O)c4C(=O)c5ccccc5C(=O)c4c(O)c3C1.[H+],0,0.6794911026954651,0.1685631424188614,0.3429694175720215,0.4375,0.18459992119874724,0.4200247129842601,1.1378452423061565,Medium (0.3-0.5),1
0,[Cl-].NC12CC3CC(CC(C3)C1)C2.[H+],1,0.9982038736343384,0.9930285811424256,0.97652268409729,0.2156862745098039,0.006995832730405095,0.023757298932870603,0.001797741334704374,Low (<0.3),0
0,[Cl].CCCCOc1ccc(cc1)C(=O)CCN2CCCCC2,0,0.9893145561218262,0.9525106549263,0.895381510257721,0.423728813559322,3.047249907341639,2.2574349767940385,4.538872848895701,Medium (0.3-0.5),3
0,[H+].C1=NC3=C([N]1CCNC(CC2=CC=CC=C2)C)C(=O)N(C(=O)N3C)C.[Cl-],1,0.882743775844574,0.8665616512298584,0.7780539393424988,0.352112676056338,0.14322202264040745,0.2509594264325925,0.12472029506842346,Medium (0.3-0.5),0
0,[H+].[Cl-].CCOC(=O)C1(CCN(C)CC1)c2ccccc2,1,0.9882777333259584,0.9747939705848694,0.926353931427002,0.62,0.025529142534509688,0.07649890199770978,0.011791514132107097,High (>=0.5),0
0,[H+].[Cl-].Clc1ccc2Sc3ccccc3N(CCCN4CCC5(CC4)NC(=O)CS5)c2c1,1,0.9773073196411132,0.9740548133850098,0.929451584815979,0.6,0.02628770034708366,0.07316056051883511,0.02295412200908288,High (>=0.5),0
0,[O+]1=N[N](C=C1[N-]C(NC2=CC=CC=C2)=O)C(CC3=CC=CC=C3)C,1,0.9044031500816344,0.8565809726715088,0.9028008580207824,0.3265306122448979,0.15480642666546804,0.10225328363958204,0.10048005552198828,Medium (0.3-0.5),0
0,c1(nccc(c1)c1nc([nH]n1)N)N(C)C,0,0.8313098549842834,0.7883662581443787,0.6877703070640564,0.6097560975609756,1.552898131145159,1.1640161667239801,1.779691708352236,High (>=0.5),3
0,c12[C@]34[C@@]56[C@H]([N@@](CC7CC7)CC4)Cc2ccc(c1O[C@H]3[C@](OC)([C@H](C5)[C@](C(C)(C)C)(C)O)CC6)O,1,0.9666705131530762,0.7423226833343506,0.8584594130516052,0.620253164556962,0.2979712471491154,0.15261587634738047,0.03389757255972614,High (>=0.5),0
0,c12c3c(C(NC(C)=O)CCc2cc(c(c1OC)OC)OC)cc(=O)c(cc3)OC,1,0.9032730460166932,0.887559711933136,0.7654086351394653,0.2666666666666666,0.11927947884441378,0.26734542418918233,0.10173039473053595,Low (<0.3),0
0,c1ccc2N([C@H](CN3CCCC3)C)c3c(ccc(C(=O)NCCC)c3)Sc2c1,1,0.7620524168014526,0.9277101159095764,0.8865863680839539,0.4117647058823529,0.07503597009263915,0.12037673228684594,0.271739937207958,Medium (0.3-0.5),0
1,C(C(C1CCCCC1)OC(N)=O)C,1,0.8894867300987244,0.932348906993866,0.7694109082221985,0.3333333333333333,0.07004817062583815,0.2621301111946504,0.11711069037007447,Medium (0.3-0.5),0
1,C(C1CCCCC1)CC(OCCN(C)C)=O,1,0.9623169302940368,0.947699248790741,0.8380773663520813,0.3617021276595745,0.053718075171975785,0.17664486014567563,0.038411433202857524,Medium (0.3-0.5),0
1,C(C1CCCCC1)NN,1,0.9624966979026794,0.833074688911438,0.8203345537185669,0.2272727272727272,0.18263197827599223,0.19804302959036627,0.03822464357654572,Low (<0.3),0
1,C(O)C(=O)C4(O)C3(C(C2C(C1(C(=CC(=O)CC1)CC2)C)CC3)CC4)C,1,0.9194080233573914,0.970073401927948,0.849319338798523,0.7407407407407407,0.03038353825702873,0.16332002817574326,0.0840252689160974,High (>=0.5),0
1,C1(=NC(NC1(C(F)(F)F)C(F)(F)F)(C(F)(F)F)C(F)(F)F)N,1,0.9620153903961182,0.9999110698699952,0.872063934803009,0.1621621621621621,8.893408452323542e-05,0.13689253803269597,0.03872483011163936,Low (<0.3),0
1,C1=C(C#N)C=CC3=C1N(C2=C(C=CC=C2)CC3)CCCN(C)C,1,0.916414201259613,0.910987913608551,0.7730152010917664,0.5,0.09322564897972625,0.25745656552757007,0.08728683173149891,Medium (0.3-0.5),0
1,C1=C(C(=C(C(=N1)C)O)CO)CSSCC2=CN=C(C(=C2CO)O)C,1,0.4703899025917053,0.4405735731124878,0.6469664573669434,0.5121951219512195,0.8196778257307287,0.43546082915290196,0.7541933482069665,High (>=0.5),2
1,C1=C(C(=C(C=C1)Cl)NC2=NCCO2)Cl,1,0.8448583483695984,0.8909996151924133,0.7460178732872009,0.4736842105263157,0.11541128339423433,0.2930057202353563,0.1685863007428553,Medium (0.3-0.5),0
1,C1=C(C(=CC=C1C#N)OC)C(NCCN3CCC(C(C2=CC=C(F)C=C2)=O)CC3)=O,1,0.8295494318008423,0.8647103905677795,0.7015537023544312,0.3918918918918919,0.14536063670333027,0.3544578287639527,0.18687257884166342,Medium (0.3-0.5),0
1,C1=C(C(F)(F)F)C=CC3=C1N(C2=C(C=CC=C2)S3)CCCN5CCC(C(C4=CC=C(F)C=C4)=O)CC5,1,0.8757308125495911,0.9711251258850098,0.752196729183197,0.6451612903225806,0.029299956083541794,0.28475738128931277,0.13269652687954284,High (>=0.5),0
1,C1=C(C(F)(F)F)C=CC3=C1N(C2=CC=CC=C2)C(CC(N3C)=O)=O,1,0.8622493147850037,0.9889944195747375,0.7340892553329468,0.4230769230769231,0.011066589868025813,0.30912465648941206,0.14821082184801496,Medium (0.3-0.5),0
1,C1=C(C(F)(F)F)C=CC=C1C2=CCN(CC2)CCC4=CC3=CC=CC=C3C=C4,1,0.9207175374031068,0.9572718739509584,0.7897403240203857,0.3396226415094339,0.04366783806213899,0.23605109132765956,0.08260198096803324,Medium (0.3-0.5),0
1,C1=C(C=CC=C1)C(C2=CC=CC=C2)(C3NCCCC3)O,1,0.8726837635040283,0.8523563146591187,0.7633122801780701,0.5142857142857142,0.15975062988432018,0.2700880520350585,0.1361820298856487,High (>=0.5),0
1,C1=C(C=CC=C1C2(CCN(C)CC2)C(CC)=O)O,1,0.8812097907066345,0.9602330923080444,0.8202462792396545,0.3518518518518518,0.04057921950494787,0.19815064328086437,0.1264595534635673,Medium (0.3-0.5),0
1,C1=C(C=CC=C1N3C(N(CCN2CC(C)(C)C2)CC3)=O)Cl,1,0.917232632637024,0.9758797883987428,0.7871209979057312,0.6382978723404256,0.02441586777903823,0.23937329663178905,0.08639415009114061,High (>=0.5),0
1,C1=C(Cl)C=CC2=C1C(=NCC(=N2)NOCC=C)C3=CC=CC=C3Cl,1,0.8650360107421875,0.9146924614906312,0.709113359451294,0.3787878787878788,0.0891673778639675,0.3437398788393706,0.14498414200097656,Medium (0.3-0.5),0
1,C1=C(Cl)C=CC2=C1C3(N(CC(=O)N2C)C(C=C(O3)C)=O)C4=CC=CC=C4,1,0.8619536757469177,0.9776381850242616,0.7111899256706238,0.373134328358209,0.022615631360092488,0.34081576013779885,0.14855375019532283,Medium (0.3-0.5),0
1,C1=C(Cl)C=CC4=C1N(CCCN3CCC(N2CCCCC2)(CC3)C(N)=O)C5=C(CC4)C=CC=C5,1,0.9431837201118468,0.9608381390571594,0.8307490944862366,0.6,0.03994931389890645,0.18542746174352961,0.058494190179514946,High (>=0.5),0
1,C1=C(F)C=CC3=C1C=C(SCCNC)C2=CC=CC=C2O3,1,0.860262930393219,0.8726803660392761,0.7009852528572083,0.2769230769230769,0.13618592301567778,0.3552684294624028,0.15051720344602734,Low (<0.3),0
1,C1=C(OC)C=CC2=NC=CC(=C12)CCCC3C(CNCC3)C=C,1,0.9086948037147522,0.772212028503418,0.7423282861709595,0.4078947368421052,0.2584961183458169,0.29796369946723733,0.09574599066985853,Medium (0.3-0.5),0
1,C1=C2C(=CC=C1)OC(CCCl)NC2=O,1,0.6458012461662292,0.8367409706115723,0.6703279614448547,0.2711864406779661,0.17824072997184387,0.39998819166675914,0.4372634910125195,Low (<0.3),0
1,C1=C2C(=CC=C1\C=C\C(C(C)(C)C)O)OCO2,1,0.760322093963623,0.7612053751945496,0.6872000694274902,0.25,0.2728520821103643,0.3751298072825706,0.27401312763606767,Low (<0.3),0
1,C1=C3C(=CC=C1\C=C\C(N2CCCCC2)=O)OCO3,1,0.890832245349884,0.8605693578720093,0.7386390566825867,0.4791666666666667,0.15016106475184002,0.3029458986189447,0.1155991460615576,Medium (0.3-0.5),0
1,C1=CC(=C5C2=C1CC6C34C2(C(C(OC)(C(C3)C(CC)(C)O)C=C4)O5)CCN6CC7CC7)OC,1,0.92158704996109,0.9707696437835692,0.8112319707870483,0.6309523809523809,0.029666074897973776,0.2092012352021056,0.08165804083076184,High (>=0.5),0
1,C1=CC(=CC=C1B2OCC(CCC)(C)CO2)C,1,0.9456452131271362,0.9337018728256226,0.8142348527908325,0.2666666666666666,0.0685980856833843,0.20550643765055115,0.05588781925262197,Low (<0.3),0
1,C1=CC(=CC=C1C(CCCN2CC3N(CC2)CCC3)=O)F,1,0.940024733543396,0.9662995934486388,0.8081526160240173,0.6170212765957447,0.0342813547069236,0.2130043570790098,0.06184909178404094,High (>=0.5),0
1,C1=CC(=CC=C1C(CCCN3CCN(C(OC2CCCCC2)=O)CC3)=O)F,1,0.9231062531471252,0.9423555731773376,0.7975410223007202,0.6071428571428571,0.059372609410244186,0.2262220070244652,0.08001093393560797,High (>=0.5),0
1,C1=CC(=CC=C1C23C(C(=O)NC2=O)C3)Cl,1,0.7193759083747864,0.9559374451637268,0.7105087637901306,0.2666666666666666,0.04506280200078476,0.34177399684106646,0.3293712367790216,Low (<0.3),0
1,C1=CC=CC(=C1N2C(=NC3=C(C2=O)C=CC=C3)\C=C\C4=NC=CC=C4)C,1,0.7438384890556335,0.7904922962188721,0.6383572816848755,0.5869565217391305,0.23509936783376986,0.44885714973944046,0.29593135231796125,High (>=0.5),0
1,C1=CC=CC2=C1C(C(N2C3=CC=CC=C3)=O)(CC4=CC=NC=C4)CC5=CC=NC=C5,1,0.8621729016304016,0.8322657346725464,0.7043771743774414,0.4313725490196078,0.1836034965206261,0.35044130723287314,0.14829944649449034,Medium (0.3-0.5),0
1,C1=CC=CC2=C1C(C3=NCCCN23)(C4=CC=CC(=C4)Cl)O,1,0.8880090713500977,0.9476023316383362,0.7597383260726929,0.3448275862068966,0.05382034612820779,0.274781212788388,0.11877332055780049,Medium (0.3-0.5),0
1,C1=CC=CC2=C1C(CC3=C(N2C)C=CC=C3)NC,1,0.8708756566047668,0.9290580153465272,0.7217990159988403,0.4347826086956521,0.0735840928754079,0.3260085500345051,0.1382560716723084,Medium (0.3-0.5),0
1,C1=CC=CC2=C1C(N(C2=O)C3=NC4=C(C=C3)C=CC(=N4)Cl)CC(=O)N6CCC5(OCCO5)CC6,1,0.8247897028923035,0.8545165657997131,0.7234987020492554,0.4216867469879518,0.15721939007290642,0.3236565269007974,0.19262683072649348,Medium (0.3-0.5),0
1,C1=CC=CC2=C1C(N(CC[S](NC(C)C)(=O)=O)C2=O)=O,1,0.6668211221694946,0.7891746759414673,0.6278024911880493,0.3333333333333333,0.23676759361325603,0.46552966645847205,0.40523345168834296,Medium (0.3-0.5),0
1,C1=CC=CC2=C1C3=C(C(=O)N2CCCN(C)C)C=CC=C3,1,0.8472818732261658,0.9252078533172609,0.739963710308075,0.5333333333333333,0.07773686042345795,0.30115413411065084,0.16572184957889322,High (>=0.5),0
1,C1=CC=CC2=C1N(C(CO2)=O)CC(N)=O,1,0.850657045841217,0.9259316325187684,0.7092208862304688,0.4666666666666667,0.07695487803485038,0.3435882548061666,0.16174623299730753,Medium (0.3-0.5),0
1,C1=CC=CC2=C1N(C3=C(CC2)C=CC=C3)CCCN(C)C,1,0.9287688732147216,0.9431149959564208,0.8021289706230164,0.65,0.0585670568520849,0.22048587279372184,0.07389536206407177,High (>=0.5),0
1,C1=CC=CC2=C1N(C3=C(CC2)C=CC=C3)CCC[N+](C)(C)[O-],1,0.9289985299110411,0.866539478302002,0.8075933456420898,0.4418604651162791,0.1432476102157426,0.21369663224791868,0.0736481226119175,Medium (0.3-0.5),0
1,C1=CC=CC3=C1C(C2=C(C=CC=C2)CC3)C(N)=O,1,0.7221543192863464,0.925018310546875,0.6675484776496887,0.5666666666666667,0.07794174647982316,0.4041432656524328,0.32551642430440764,High (>=0.5),0
1,C1=CC=CC3=C1C(C2=CC=CC=C2CC3)CC(CN(C)C)C,1,0.9025910496711732,0.9486678838729858,0.773607611656189,0.3404255319148936,0.052696505930661684,0.25669049562544305,0.10248570780151582,Medium (0.3-0.5),0
1,C1=CC=CC3=C1C(N(C2C(NC(=O)CC2)=O)C3=O)=O,1,0.4019862115383148,0.7218454480171204,0.4858634769916534,0.5128205128205128,0.3259442239217351,0.7218276060844884,0.911337490607296,High (>=0.5),2
1,C1=CC=CC3=C1C2(C(NC(=O)CC2)=O)CCC3=O,1,0.877988874912262,0.9601872563362122,0.7855954170227051,0.3953488372093023,0.04062695485817232,0.24131335568763307,0.13012135637005148,Medium (0.3-0.5),0
1,C1=CC=CC3=C1C4=C(C2=C(C=CC=C2)O3)CCN(CC4)C,1,0.9067412614822388,0.9661248326301576,0.7782562971115112,0.59375,0.034462226793406464,0.2506993783195455,0.09789813805085275,High (>=0.5),0
1,C1=CC=CC3=C1N(C2=C(C=CC=C2)[S]3(=O)=O)CC(CN(C)C)C,1,0.8365308046340942,0.8970518112182617,0.6734741926193237,0.3023255813953488,0.10864165803594186,0.39530560217423727,0.1784919336097614,Medium (0.3-0.5),0
1,C1=CC=CC4=C1N(C2C3CCN(C2)CC3)C5=C(CC4)C=CC=C5,1,0.9044421911239624,0.95905864238739,0.7720481157302856,0.391304347826087,0.041803056450642244,0.2587084048240505,0.10043688871115632,Medium (0.3-0.5),0
1,C1=CC=CC4=C1N(CCCN3CCC(N2CCCCC2)(CC3)C(N)=O)C5=C(CC4)C=CC=C5,1,0.9457802176475524,0.9602707028388976,0.8330740928649902,0.5344827586206896,0.0405400521458903,0.1826326937540507,0.055745064990731646,High (>=0.5),0
1,C1=CC=CC=C1C(CN2CCCC2)OCCC(C)C,1,0.9411567449569702,0.9144157767295836,0.7995782494544983,0.3392857142857143,0.08946991300910158,0.2236708785086358,0.06064558051928607,Medium (0.3-0.5),0
1,C1=CC=CC=C1C(OC2=CC=CC=C2OC)CCNC,1,0.8786154389381409,0.7380583882331848,0.727125883102417,0.44,0.3037323406641033,0.31865566223942776,0.12940797539118132,Medium (0.3-0.5),0
1,C1=CC=CC=C1C2(C(N(CC)C)=O)CCN(CCCCCC)CC2,1,0.9582048058509828,0.9712702631950378,0.8402501344680786,0.4745762711864407,0.02915051451143538,0.17405565234351783,0.04269373904685883,Medium (0.3-0.5),0
1,C1=CC=CC=C1CC(N2CCCC2)CCC,1,0.9511547088623048,0.951590359210968,0.8105594515800476,0.4,0.04962063174066986,0.21003058876295655,0.050078549476036203,Medium (0.3-0.5),0
1,C1=CC=NC=C1C(N2CCOCC2)=O,1,0.8820071816444397,0.8574891686439514,0.7433935403823853,0.4722222222222222,0.15374673134082495,0.29652971044596893,0.12555508055448208,Medium (0.3-0.5),0
1,C1=CN=CC=C1C(NNCCC(NCC2=CC=CC=C2)=O)=O,1,0.8218509554862976,0.6707038283348083,0.6897512078285217,0.4883720930232558,0.3994276279237358,0.371424314775696,0.19619621972603485,Medium (0.3-0.5),0
1,C1=NC(=NC=C1)N5CCN(CCNC(C23CC4CC(C2)CC(C3)C4)=O)CC5,1,0.9417089819908142,0.936224102973938,0.7931727170944214,0.4181818181818181,0.06590040490822914,0.23171427892600793,0.060058988451912106,Medium (0.3-0.5),0
1,C1C(Nc2c1c(ccc2)CCN(CCC)CCC)=O,1,0.9329155683517456,0.9294987320899964,0.7995243668556213,0.4509803921568627,0.07310983589903353,0.22373826955452336,0.06944057702953861,Medium (0.3-0.5),0
1,C1C(Nc2c1c(ccc2O)CCN(CCC)CCC)=O,1,0.8311764001846313,0.906896710395813,0.7639315724372864,0.7272727272727273,0.09772671584160786,0.26927705869945107,0.18491323206334107,High (>=0.5),0
1,C1CCCCC1,1,0.9866572022438048,0.9522035121917723,0.858649492263794,1.0,0.048976493726344786,0.15239448187161167,0.013432612698615374,High (>=0.5),0
1,C1CCN(CC1)Cc1cc(OCCCO)ccc1,1,0.9393250942230223,0.8643797039985657,0.8075134754180908,0.5357142857142857,0.14574313449715234,0.21379553620030456,0.06259364646178953,High (>=0.5),0
1,C1CCN(CC1)Cc1cccc(c1)OCCCNC(=O)C,1,0.9442090392112732,0.9032313823699952,0.796032726764679,0.5409836065573771,0.1017765209907883,0.22811497995693386,0.05740769750836898,High (>=0.5),0
1,C1CN(CCC1)Cc1cccc(c1)OCCCNC(=O)C,1,0.9442090392112732,0.9032313823699952,0.796032726764679,0.5409836065573771,0.1017765209907883,0.22811497995693386,0.05740769750836898,High (>=0.5),0
1,C1CN(CCC1)Cc1cccc(c1)OCCCNc1ncccc1,1,0.9362876415252686,0.851409912109375,0.7894756197929382,0.6271186440677966,0.16086158352597982,0.23638632632951415,0.06583254039251478,High (>=0.5),0
1,C1CN(CCC1)Cc1cccc(c1)OCCCNc1nccs1,1,0.9349027872085572,0.8273977637290955,0.7800894379615784,0.5806451612903226,0.18946972772727771,0.2483467018186141,0.06731272599873753,High (>=0.5),0
1,C1CN(CCC1)Cc1cccc(c1)OCCCO,1,0.9393250942230223,0.8643797039985657,0.8075134754180908,0.5357142857142857,0.14574313449715234,0.21379553620030456,0.06259364646178953,High (>=0.5),0
1,C1NCCN(C1)c1ccc(c(n1)Cl)C(F)(F)F,1,0.9384719729423524,0.977425217628479,0.8046555519104004,0.3469387755102041,0.022833493754054725,0.21734097895842486,0.06350228707507422,Medium (0.3-0.5),0
1,C2=C(C(OC1=CC=C(C=C1)C(F)(F)F)CCNC)C=CC=C2,1,0.900597095489502,0.9312700629234314,0.7675328850746155,0.3571428571428571,0.07120596544158561,0.2645739534359351,0.10469729620369721,Medium (0.3-0.5),0
1,C2=C(C1(C(CN(C)CC1)C)OC(CC)=O)C=CC=C2,1,0.9360294342041016,0.9737799763679504,0.8224393725395203,0.3787878787878788,0.026569897810984674,0.19548051025756563,0.06610835619973142,Medium (0.3-0.5),0
1,C2=C(C1(C(OCC)=O)CCN(C)CC1)C=CC=C2O,1,0.8773258328437805,0.9427981972694396,0.8069885969161987,0.5,0.05890302002483211,0.2144457410273878,0.13087682443180323,Medium (0.3-0.5),0
1,C2=C(C1=C(C=CC1)C=C2)OCC3CNCCO3,1,0.9242826104164124,0.7645236253738403,0.7598780393600464,0.5,0.26850235105082265,0.2745973331054295,0.07873739867567177,Medium (0.3-0.5),0
1,C2=C(C1=C(C=CC=C1)[N]2N(CCN(C)C)C)C3=CC=CC=C3,1,0.8857623338699341,0.9356579780578612,0.7551887631416321,0.320754716981132,0.06650527734017787,0.2807875435761204,0.12130661055796499,Medium (0.3-0.5),0
1,C2=C(C1=C(NC(C1)=O)C=C2)CCN(CCC)CCC,1,0.9329155683517456,0.9294987320899964,0.7995243668556213,0.4509803921568627,0.07310983589903353,0.22373826955452336,0.06944057702953861,Medium (0.3-0.5),0
1,C2=C(C1C(NCCN1)=O)SC=C2,1,0.6801592707633972,0.7931815385818481,0.6251236796379089,0.2549019607843137,0.23170315721420204,0.4698057614022142,0.38542828652672895,Low (<0.3),0
1,C2=C(CC1=CN=C[NH]1)C(=C(C=C2)C)C,1,0.8961844444274902,0.8516096472740173,0.7357776165008545,0.2553191489361702,0.16062701761690656,0.30682735740362466,0.1096090340363791,Low (<0.3),0
1,C2=C(N1N=C(C)CC1=O)C=CC=C2,1,0.8593615293502808,0.9714301228523254,0.6966500878334045,0.3777777777777777,0.028985939820663158,0.36147202034287074,0.15156557318790917,Medium (0.3-0.5),0
1,C3=C(C(C2CCN(CCCC(C1=CC=C(F)C=C1)=O)CC2)=O)C=CC(=C3)Cl,1,0.8745377659797668,0.9185041785240172,0.7546280026435852,0.6595744680851063,0.08500882504605024,0.28153036288577343,0.13405979965862796,High (>=0.5),0
1,C3=C(C(NC1C2CCN(C1)CC2)=O)C(=CC(=C3Cl)N)OCC4CC4,1,0.8223637938499451,0.8870006203651428,0.7019505500793457,0.4430379746835443,0.11990959727579784,0.3538923189198572,0.19557241023827188,Medium (0.3-0.5),0
1,C3=C(C1=CCN(CCC)CC1)C2=CC(=CC=C2[NH]3)Cl,1,0.9093958139419556,0.9318822026252748,0.7854995131492615,0.3943661971830985,0.07054886431765896,0.24143544108390155,0.09497484070061644,Medium (0.3-0.5),0
1,C3=C(C1=NCCN=C2N(NC(=C12)C)C)C=CC=C3Cl,1,0.8434259295463562,0.9741699695587158,0.7120875716209412,0.3636363636363636,0.026169483830336383,0.33955438128364823,0.1702831940749722,Medium (0.3-0.5),0
1,C3=C(CN2CCN(C1=C(OC(C)C)C=CC=C1)CC2)C=CC=C3C(=O)N4CCCCC4.C(C(=O)O)CC(=O)O,1,0.8090300559997559,0.8949964046478271,0.7548275589942932,0.3428571428571428,0.11093557786861621,0.28126595450311914,0.21191921057451205,Medium (0.3-0.5),0
1,C3=C(N2C(C(C1=CC=CC=C1)CC2=O)=O)C(=CC(=C3)[S](N)(=O)=O)Cl,1,0.6768117547035217,0.8409757614135742,0.6085729002952576,0.4166666666666667,0.17319244057366515,0.4966385704514178,0.3903621027801875,Medium (0.3-0.5),0
1,C3=C(N2CCN(CCCC(C1=CC=C(F)C=C1)O)CC2)C(=CC=C3)OC,1,0.8759055733680725,0.9017449021339417,0.7714468836784363,0.492063492063492,0.10342361251755526,0.25948745766515224,0.13249698681464547,Medium (0.3-0.5),0
1,C3=C2C([NH2+]CCCCCCC(O)=O)C1=CC=CC=C1CCC2=CC=C3.[Cl-],1,0.8397622108459473,0.8545112013816833,0.762843132019043,0.3333333333333333,0.15722566781529634,0.2707028625190439,0.17463650954639598,Medium (0.3-0.5),0
1,C4=C3C(N(C1=CC=C2C(=N1)N=C(Cl)C=C2)C(=O)C3=CC=C4)CC(CCC(C)C)=O,1,0.7463064193725586,0.8262447714805603,0.6645321249961853,0.382716049382716,0.1908642158476877,0.4086720573831259,0.29261901328382744,Medium (0.3-0.5),0
1,CC(=O)OCC1=C(N2[C@H](SC1)[C@H](NC(=O)CSc3ccncc3)C2=O)C(O)=O,0,0.0990335196256637,0.1028957888484001,0.2939193248748779,0.676923076923077,0.10858324624488275,0.3480257773018255,0.10428722475802708,High (>=0.5),0
1,CC(=O)O[C@@]12CO[C@@H]1C[C@H](O)[C@]3(C)[C@@H]2[C@H](OC(=O)c4ccccc4)[C@]5(O)C[C@H](OC(=O)[C@H](O)[C@@H](NC(=O)OC(C)(C)C)c6ccccc6)C(=C([C@@H](O)C3=O)C5(C)C)C,0,0.2353820353746414,0.5032875537872314,0.3908508419990539,0.7676767676767676,0.6997439993757101,0.49569211843508326,0.2683789625402296,High (>=0.5),1
1,CC(=O)[C@H]1CC[C@H]2[C@@H]3CC[C@@H]4C[C@H](O)CC[C@]4(C)[C@H]3CC[C@]12C,1,0.6763196587562561,0.4402149617671966,0.6744779944419861,0.6590909090909091,0.8204921219003668,0.39381622885988216,0.3910894467233775,High (>=0.5),1
1,CC(C(C1CCCCC1)O)C,1,0.589625895023346,0.8218239545822144,0.5624053478240967,0.2727272727272727,0.1962290740379432,0.575532429597576,0.5282670194253405,Low (<0.3),0
1,CC(C)(C(O)=O)c1ccc(cc1)C(O)CCCN2CCC(CC2)C(O)(c3ccccc3)c4ccccc4,0,0.7706876993179321,0.8451074361801147,0.7601274847984314,0.3518518518518518,1.865023539039058,1.4276476834298901,1.4726704460648647,Medium (0.3-0.5),3
1,CC(C)(C)OC(=O)C1=C2CN(C(=O)C3=C(N2C=N1)C=CS3)C,1,0.7787392735481262,0.9225856065750122,0.6171395182609558,0.3246753246753247,0.08057510891766731,0.48266015703923276,0.2500789829103261,Medium (0.3-0.5),0
1,CC(C)(C)c1ccc(cc1)C(O)CCCN2CCC(CC2)C(O)(c3ccccc3)c4ccccc4,0,0.8621109127998352,0.899052083492279,0.7733701467514038,0.38,2.2931505732899553,1.4844371948089201,1.9813056329185843,Medium (0.3-0.5),3
1,CC(C)N1CCN(CC1)c2ccc(OC[C@H]3CO[C@@](Cn4cncn4)(O3)c5ccc(Cl)cc5Cl)cc2,0,0.9035061001777648,0.8628712892532349,0.746130108833313,0.7469879518072289,1.986835299700816,1.3709333827043053,2.3382754869126585,High (>=0.5),3
1,CC(C)[C@H](NC(=O)N(C)Cc1csc(n1)C(C)C)C(=O)N[C@H](C[C@H](O)[C@H](Cc2ccccc2)NC(=O)OCc3scnc3)Cc4ccccc4,0,0.359529048204422,0.5675716400146484,0.4649616777896881,0.2264150943396226,0.838338607982663,0.6254169043518095,0.44555151106165514,Low (<0.3),1
1,CC(CN(C)C)CN1c2ccccc2CCc3ccccc13,1,0.9161936044692992,0.9470829367637634,0.7763528227806091,0.36,0.0543686112108,0.2531481935976228,0.08752757805014896,Medium (0.3-0.5),0
1,CC1(C)N[C@@H](C(=O)N1[C@H]2[C@H]3SC(C)(C)[C@@H](N3C2=O)C(O)=O)c4ccccc4,0,0.060181900858879,0.0684192031621933,0.1892060041427612,0.6065573770491803,0.07087235428250753,0.2097412696398524,0.06206893399586257,High (>=0.5),0
1,CC1(C)SC2C(N([C@H](C(=O)NC(=O)CN)c3ccccc3)C(=N)c4ccncc4)C(=O)N2C1C(O)=O,0,0.1468569040298462,0.053325705230236,0.344693124294281,0.4594594594594595,0.054800178672074915,0.42265164053679616,0.15882798944018403,Medium (0.3-0.5),0
1,CC1(C)S[C@@H]2[C@H](NC(=O)[C@@H](N=Cc3occc3)c4ccc(O)cc4)C(=O)N2[C@H]1C(O)=O,0,0.0457203574478626,0.0463864542543888,0.2028906643390655,0.6268656716417911,0.0474967779212568,0.22676342558455975,0.04679852412206596,High (>=0.5),0
1,CC1(C)S[C@@H]2[C@H](NC(=O)[C@H](NC(=O)C(C)(C)Oc3ccc(Cl)cc3)c4ccccc4)C(=O)N2[C@H]1C(O)=O,0,0.1049277633428573,0.1143126785755157,0.2896850705146789,0.6875,0.12139130102068345,0.3420468446362285,0.11085085261550462,High (>=0.5),0
1,CC13CCCCCC(Cc2ccc(O)cc12)C3N,1,0.8612339496612549,0.931890606880188,0.780316174030304,0.46,0.07053984577755534,0.2480560901102495,0.14938909292515964,Medium (0.3-0.5),0
1,CC14C5(C(CC1C3C(C2(C(=CC(=O)CC2)CC3)C)CC4)OC(O5)(C)C)C(C)=O,1,0.9445244669914246,0.989824116230011,0.8432304859161377,0.6166666666666667,0.01022801201070134,0.17051494682473384,0.057073687673685605,High (>=0.5),0
1,CCC(=O)C1(O)CCC2C3CCC4=CC(=O)CCC4(C)C3C(O)CC21C,1,0.8829466104507446,0.974351704120636,0.8259742856025696,0.8518518518518519,0.025982947991498147,0.1911916371775018,0.12449054402187848,High (>=0.5),0
1,CCC(C(=O)NC\C=C\C=C(/C)C(OC)C(C)C1OC(\C=C\C=C\C=C(/C)C(=O)C2=C(O)N(C)C=CC2=O)C(O)C1O)C3(O)OC(\C=C\C=C\C)C(C)(C)C(OC4OC(C)C(OC5OC(C)C(OC)C(O)C5OC)C(OC)C4O)C3O,0,0.2768731415271759,0.4743005335330963,0.4030303955078125,0.2093023255813953,0.6430255860575661,0.5158890806341135,0.3241706109800064,Low (<0.3),0
1,CCCN(CCc1c2c(c(cc1)O)NC(=O)C2)CCC,1,0.8311764001846313,0.906896710395813,0.7639315724372864,0.7272727272727273,0.09772671584160786,0.26927705869945107,0.18491323206334107,High (>=0.5),0
1,CCCN(CCc1c2c(ccc1)NC(=O)C2)CCC,1,0.9329155683517456,0.9294987320899964,0.7995243668556213,0.4509803921568627,0.07310983589903353,0.22373826955452336,0.06944057702953861,Medium (0.3-0.5),0
1,CCOC(=O)C1(CCN(C)CC1)c2ccccc2,1,0.9450449347496032,0.9648733735084534,0.8364577293395996,0.6458333333333334,0.035758405415363084,0.17857929260004393,0.05652280261927963,High (>=0.5),0
1,CC[C@H]1OC(=O)[C@H](C)[C@@H](O[C@H]2C[C@@](C)(OC)[C@@H](O)[C@H](C)O2)[C@H](C)[C@@H](O[C@@H]3O[C@H](C)C[C@@H]([C@H]3O)N(C)C)[C@](C)(O)C[C@@H](C)\C(=N\OCOCCOC)[C@H](C)[C@@H](O)[C@]1(C)O,0,0.1231024712324142,0.3011722266674042,0.2593826055526733,0.8369565217391305,0.35835095718947324,0.3002711238120246,0.13136513634701116,High (>=0.5),0
1,CN(C)C(=O)COC2c1ccccc1CCc3ccccc23,1,0.8773520588874817,0.9379567503929138,0.737260639667511,0.4,0.06405143936205338,0.3048137998310197,0.13084693171607836,Medium (0.3-0.5),0
1,CN(C)C1C2C(O)C3C(=C)c4c(Cl)ccc(O)c4C(=C3C(=O)C2(O)C(=O)\C(=C(N)/O)C1=O)O,0,0.0747805684804916,0.0263178925961256,0.2536677122116089,0.75,0.026670407048082507,0.2925843519612837,0.07772434633836796,High (>=0.5),0
1,CN(C)CCC(c1ccccc1)c2ccccn2,0,0.8956496715545654,0.903261423110962,0.7631099820137024,0.4594594594594595,2.3357430223732165,1.4401593046853132,2.260001497927373,Medium (0.3-0.5),3
1,CN(C)CCCN1c2ccccc2CCc3ccc(Cl)cc13,1,0.9244650602340698,0.9452378749847412,0.7995378375053406,0.5660377358490566,0.056318663603874636,0.22372142136727607,0.07854002201779006,High (>=0.5),0
1,CN(C)CCCN1c2ccccc2CCc3ccccc13,1,0.9287688732147216,0.9431149959564208,0.8021289706230164,0.65,0.0585670568520849,0.22048587279372184,0.07389536206407177,High (>=0.5),0
1,CN(C)CCOC(C)(c1ccccc1)c2ccccn2,1,0.9258278608322144,0.9011026620864868,0.8018578886985779,0.6097560975609756,0.10413608548240101,0.2208238829531493,0.0770669570462288,High (>=0.5),0
1,CN(C)CCOC(C)(c1ccccc1)c2ccccn2.OC(=O)CCC(O)=O,1,0.7760005593299866,0.832664966583252,0.7801550030708313,0.5208333333333334,0.18312391870029254,0.24826265715539692,0.2536020380131129,High (>=0.5),0
1,CN(C)c1cnccn1,1,0.9020742774009703,0.8047806620597839,0.7136431932449341,0.3,0.21718550818108112,0.33737217089771016,0.103058414858692,Low (<0.3),0
1,CN1C(=C(/O)Nc2sc(C)cn2)/C(=O)c3ccccc3[S]1(=O)=O,0,0.3717693984508514,0.3431023359298706,0.428240954875946,0.6153846153846154,0.4202270350800926,0.5590376261360764,0.4648479799963029,High (>=0.5),0
1,CN1C(=O)CC(=O)N(c2ccccc2)c3cc(Cl)ccc13,1,0.8268682956695557,0.9691218137741088,0.7004744410514832,0.5106382978723404,0.03136496418311866,0.35599740059238344,0.19010985217958232,High (>=0.5),0
1,CN1CCN(CC1)c2cc3N(C=C(C(O)=O)C(=O)c3cc2F)c4ccc(F)cc4,0,0.7196953296661377,0.8109440803527832,0.6519680619239807,0.6607142857142857,1.6657124365344365,1.0554610273383143,1.271878159038457,High (>=0.5),3
1,CN1Cc2n(cnc2C(=O)OC(C)(C)C)c3ccsc3C1=O,1,0.7787392735481262,0.9225856065750122,0.6171395182609558,0.3246753246753247,0.08057510891766731,0.48266015703923276,0.2500789829103261,Medium (0.3-0.5),0
1,CNCCCN1c2ccccc2CCc3ccccc13,1,0.9239098429679872,0.8766015768051147,0.7947211265563965,0.5945945945945946,0.13170269222524414,0.22976401007276698,0.0791407846464318,High (>=0.5),0
1,CO/N=C(C(=O)N[C@H]1[C@H]2SCC(=C(N2C1=O)C(O)=O)CSC(=O)c3occc3)/c4csc(N)n4,0,0.1423399150371551,0.1780697703361511,0.2671322226524353,0.6593406593406593,0.1960997662828042,0.31078997897734306,0.15354742936276122,High (>=0.5),0
1,CO/N=C(C(=O)N[C@H]1[C@H]2SCC(=C(N2C1=O)C(O)=O)CSc3snnc3)/c4csc(N)n4,0,0.1413120478391647,0.1306353062391281,0.273237019777298,0.7209302325581395,0.1399925711429259,0.3191548790590983,0.15234969172606094,High (>=0.5),0
1,CO/N=C(C(=O)N[C@H]1[C@H]2SCC(=C(N2C1=O)C(O)=O)Cn3nnc(C)n3)/c4csc(N)n4,0,0.1511960476636886,0.1488668322563171,0.3026656806468963,0.72,0.1611866788159661,0.3604903284801466,0.16392703531206493,High (>=0.5),0
1,COC1C(O)CC(=O)OC(C)C\C=C\C=C\C(OC2CCC(C(C)O2)N(C)C)C(C)CC(CC=O)C1OC3OC(C)C(OC4CC(C)(O)C(O)C(C)O4)C(C3O)N(C)C,0,0.4754896759986877,0.75037682056427,0.504845917224884,0.6330275229357798,1.3878027804696287,0.7028862865169283,0.645290167828898,High (>=0.5),2
1,COC1CC(OC(C)C1O)O[C@H]2[C@H](C)[C@@H](OC3OC(C)CC(C3O)N(C)C)[C@@H](C)C[C@]4(CO4)C(=O)[C@H](C)[C@@H](O)[C@@H](C)[C@@H](C)OC(=O)[C@@H]2C,0,0.0906211137771606,0.1948945671319961,0.1998223215341568,0.7654320987654321,0.21678203763288656,0.2229214778920336,0.0949934551217596,High (>=0.5),0
1,COCOC(=O)[C@@H]1N2[C@H](SC1(C)C)[C@H](N3C(=O)C(NC3(C)C)c4ccccc4)C2=O,0,0.1259345710277557,0.0771760195493698,0.2622363865375519,0.8448275862068966,0.08031676640268345,0.3041318126523485,0.1346000446042787,High (>=0.5),0
1,CO[C@@H]([C@@H]1Cc2cc3cc(O[C@H]4C[C@@H](O[C@H]5C[C@@H](O)[C@H](O)[C@@H](C)O5)[C@H](O)[C@@H](C)O4)c(C)c(O)c3c(O)c2C(=O)[C@H]1O[C@H]6C[C@@H](O[C@H]7C[C@@H](O[C@H]8C[C@](C)(O)[C@H](O)[C@@H](C)O8)[C@H](O)[C@@H](C)O7)[C@H](O)[C@@H](C)O6)C(=O)[C@@H](O)[C@@H](C)O,1,0.0280660968273878,0.1577889323234558,0.1235468089580535,0.2416666666666666,1.8464970103973035,2.091135174820737,3.573192949670268,Low (<0.3),3
1,CO[C@H]1/C=C/O[C@@]2(C)Oc3c(C)c(O)c4c(O)c(NC(=O)C(=C\C=C\[C@H](C)[C@H](O)[C@@H](C)[C@@H](O)[C@@H](C)[C@H](OC(C)=O)[C@@H]1C)/C)c5n6ccc(C)cc6nc5c4c3C2=O,0,0.1316943615674972,0.2603043615818023,0.2955927550792694,0.7040816326530612,0.3015164768256022,0.3503986171762799,0.14121150829098864,High (>=0.5),0
1,COc1cc(Cc2cnc(N)nc2N)cc(OC)c1OC,1,0.8501154780387878,0.7026306390762329,0.6873021721839905,0.425,0.3529239319653893,0.3749812403998155,0.16238308220921469,Medium (0.3-0.5),0
1,COc1ccc2nccc([C@H](O)[C@H]3C[C@@H]4CCN3C[C@@H]4C=C)c2c1,1,0.4918924570083618,0.5198131799697876,0.4640064239501953,1.0,0.6542858012482067,0.7678568821314705,0.7094951696989816,High (>=0.5),2
1,COc1cccc2C(=O)c3c(O)c4CC(O)(CC(O)c4c(O)c3C(=O)c12)C(=O)CO,0,0.2439412325620651,0.082931101322174,0.4811510145664215,0.6575342465753424,0.08657267467593502,0.6561424103465063,0.2796361711175267,High (>=0.5),0
1,C[C@@H]1CC2=C(CCC(=O)C2)[C@H]3CC[C@@]4(C)[C@@H](CC[C@@]4(O)C#C)[C@H]13,1,0.3388121426105499,0.8157691359519958,0.6768166422843933,0.4285714285714285,0.20362388567536013,0.39035488132874263,1.0823094767917254,Medium (0.3-0.5),1
1,C[C@H]1C[C@H]2[C@@H]3CC[C@](O)(C(=O)CO)[C@@]3(C)C[C@H](O)[C@@H]2[C@@]4(C)C=CC(=O)C=C14,0,0.5598318576812744,0.6511380076408386,0.588805079460144,0.5970149253731343,1.0530788723519828,0.8886879176902016,0.8205984834338806,High (>=0.5),3
1,C[C@H]1O[C@@H](O[C@@H]\2C[C@@H]3O[C@](O)(C[C@@H](O)C[C@@H](O)[C@H](O)CC[C@@H](O)C[C@@H](O)CC(=O)O[C@@H](C)[C@H](C)[C@H](O)[C@@H](C)\C=C/C=C\C=C/C=C\C=C/C=C\C=C2)C[C@H](O)[C@H]3C(O)=O)[C@@H](O)[C@@H](N)[C@@H]1O,0,0.0735430940985679,0.3237767815589905,0.1814876943826675,0.247787610619469,0.39123205265038496,0.20026684793169286,0.07638774712700026,Low (<0.3),0
1,C[C@]12C[C@H](O)[C@H]3[C@@H](CCC4=CC(=O)C=C[C@]34C)[C@@H]1CC[C@]2(O)C(=O)CO,0,0.4788206815719604,0.5336332321166992,0.5829144716262817,0.8,0.762782898878722,0.8744639742005753,0.6516611152017093,High (>=0.5),2
1,Cc1c(O)cccc1C(=O)N[C@@H](CSc2ccccc2)[C@H](O)CN3C[C@H]4CCCC[C@H]4C[C@H]3C(=O)NC(C)(C)C,0,0.4886822402477264,0.772278904914856,0.5365312695503235,0.47,1.4796336660001213,0.7690163602225162,0.6707640429946724,Medium (0.3-0.5),2
1,ClCCN(N=O)C(=O)NC1CCCCC1,1,0.8115277886390686,0.8697971105575562,0.7766340970993042,0.5277777777777778,0.13949530078599748,0.2527859570350735,0.20883664906595242,High (>=0.5),0
1,Clc1ccc2NC(=O)CC(=O)N(c3ccccc3)c2c1,1,0.786422610282898,0.9382048845291138,0.6674182415008545,0.6363636363636364,0.06378692682429751,0.4043383808525035,0.24026095893114502,High (>=0.5),0
1,FC(F)(F)c1c(Cl)nc(N2CCNCC2)cc1,1,0.9384719729423524,0.977425217628479,0.8046555519104004,0.3469387755102041,0.022833493754054725,0.21734097895842486,0.06350228707507422,Medium (0.3-0.5),0
1,Fc1ccc(cc1)C(=O)CCCN2CCC(CC2)C(=O)c3ccc(F)cc3,1,0.8769832849502563,0.9306045174598694,0.7578926682472229,0.7380952380952381,0.07192088523148064,0.27721350198423567,0.13126734614135044,High (>=0.5),0
1,N1(Cc2cc(OCCCNc3nccs3)ccc2)CCCCC1,1,0.9349027872085572,0.8273977637290955,0.7800894975662231,0.5806451612903226,0.18946972772727771,0.24834662541116695,0.06731272599873753,High (>=0.5),0
1,N1(Cc2cccc(OCCCNc3ccccn3)c2)CCCCC1,1,0.9362876415252686,0.851409912109375,0.7894756197929382,0.6271186440677966,0.16086158352597982,0.23638632632951415,0.06583254039251478,High (>=0.5),0
1,N1(c2c(CCc3c1cccc3)cccc2)CCCN,1,0.9205352663993835,0.8957961797714233,0.7948906421661377,0.42,0.11004236981791542,0.2295507308133664,0.08279996682194991,Medium (0.3-0.5),0
1,NC(=O)OC1(CCCCC1)C#C,1,0.9158197045326232,0.9088982939720154,0.8025577664375305,0.275,0.09552207888413228,0.2199514434688986,0.08793576279425562,Low (<0.3),0
1,NC(=O)OC1(CCCCC1)CC#C,1,0.9244479537010192,0.9104005098342896,0.8051507472991943,0.2857142857142857,0.09387065559892516,0.21672575536952926,0.07855852643949321,Low (<0.3),0
1,NC(=O)c1cnccn1,1,0.7229915857315063,0.6745359897613525,0.6456671357154846,0.4333333333333333,0.3937302470686164,0.4374711777869046,0.3243576948834784,Medium (0.3-0.5),0
1,NC(=O)c1ncn(n1)[C@@H]2O[C@H](CO)[C@@H](O)[C@H]2O,0,0.0463454239070415,0.3812645673751831,0.1239065751433372,0.44,0.4800775086090024,0.1322825443526344,0.04745375266761387,Medium (0.3-0.5),0
1,NC(N)=NC(=O)c1nc(Cl)c(N)nc1N,1,0.5384108424186707,0.8853888511657715,0.5768619775772095,0.1860465116279069,0.12172835062493827,0.5501522480604958,0.6191333626324909,Low (<0.3),0
1,NCC1(CCCCC1)CC(O)=O,1,0.8679963946342468,0.8571868538856506,0.8439396023750305,0.2926829268292683,0.15409935161131463,0.16967434811382787,0.14156771797759438,Low (<0.3),0
1,NCCC(Oc1ccc(cc1)C(F)(F)F)c2ccccc2,1,0.8950960040092468,0.944574236869812,0.7668217420578003,0.2727272727272727,0.057020996008292746,0.2655009139379742,0.11082429941054245,Low (<0.3),0
1,O=C1Nc2ccccc2N1C3CCN(CCOc4ccccc4)CC3,1,0.8174310326576233,0.9011487364768982,0.7201670408248901,0.5862068965517241,0.10408495566726186,0.3282720927344594,0.20158874349110922,High (>=0.5),0
1,O=C2\C(=C1\OC=NN1)C=CC=C2,1,0.6397193670272827,0.9169536232948304,0.5119706392288208,0.1578947368421052,0.08669838238319197,0.6694880008431408,0.44672568781271293,Low (<0.3),0
1,OC(=O)C1=C\C(C=CC1=O)=N/Nc2ccc(cc2)[S](=O)(=O)Nc3ccccn3,0,0.4989773631095886,0.558939516544342,0.4796397686004638,0.3050847457627119,0.8185732622464855,0.6532339545576329,0.6911039955040172,Medium (0.3-0.5),1
1,OC1=C(C2CCC(CC2)c3ccc(Cl)cc3)C(=O)C(=O)c4ccccc14,0,0.5263760089874268,0.6250717639923096,0.5555446147918701,0.265625,0.9810206419715837,0.810905599801023,0.7473415399965029,Low (<0.3),3
1,OC1OC(COCCOC(O)C(Cl)(Cl)Cl)C(OC2OC(COCCOCCOC(O)C(Cl)(Cl)Cl)CC(OC(O)C(Cl)(Cl)Cl)C2O)C(OCCOCCOC(O)C(Cl)(Cl)Cl)C1O,1,0.4726195335388183,0.850727915763855,0.6049191951751709,0.240506329113924,0.16166292448773653,0.5026603915653853,0.7494645830081096,Low (<0.3),1
1,OC[C@@H]1CC[C@@H](O1)n2cnc3C(=O)N=CNc23,0,0.3770163059234619,0.4539964199066162,0.5226982831954956,0.4444444444444444,0.6051297463111394,0.739606458068093,0.47323493376909,Medium (0.3-0.5),1
1,[Br-].CN(C)C(=O)Oc1ccc[n+](C)c1,1,0.8293672800064087,0.8708522319793701,0.6492025256156921,0.32,0.13828296981816884,0.432010552998541,0.18709218214527618,Medium (0.3-0.5),0
1,[C@@H](O)(/C=C/C1=C(C2=C([N]1C(C)C)C=CC=C2)C3=CC=C(F)C=C3)C[C@H](O)CC(=O)O,1,0.456786185503006,0.7774442434310913,0.5585440993309021,0.3614457831325301,0.2517433501290428,0.5824217032840806,0.7835398629912265,Medium (0.3-0.5),1
1,[C@@H]1(CCCO1)[C@@H](CC2=CC=CC=C2)NCC,1,0.846035361289978,0.6949689984321594,0.712795615196228,0.3333333333333333,0.36388804098468014,0.33856055436490146,0.16719412203433076,Medium (0.3-0.5),0
1,[C@@H]2(C3=C([C@H](C1=CC=C(C=C1)F)C2)C=CC(=C3)C(F)(F)F)N4CCN(CCO)CC4,1,0.8343407511711121,0.9609552621841432,0.7729010581970215,0.4923076923076923,0.03982742449388184,0.2576042357448492,0.18111338552154416,Medium (0.3-0.5),0
1,[C@@H]23[C@@H](CC[C@@H]1C[C@H](CC(O1)=O)O)[C@H](C=CC2=CCC[C@@H]3OC([C@H](CC)C)=O)C,1,0.1319514662027359,0.420661985874176,0.3553735911846161,0.2231404958677686,0.8659256516929852,1.0345856733252228,2.025321104289038,Low (<0.3),3
1,[C@@H]23[C@H]([C@H]1[C@]([C@@H](C(C)=O)CC1)(C)CC2=O)CC[C@@H]4[C@@]3(CC[C@H](C4)O)C,1,0.6484269499778748,0.5148903131484985,0.5781626105308533,0.7959183673469388,0.6638013851804246,0.5479001167781329,0.43320592616901465,High (>=0.5),0
1,[C@@H]3(C1=C(C=C2C(=C1OC)OCO2)CCN3C)[C@@H]5C4=C(C(=C(OC)C=C4)OC)C(O5)=O,1,0.2530498206615448,0.6967196464538574,0.4999704360961914,0.325,0.3613721780414356,0.6932063101156802,1.3741688900298894,Medium (0.3-0.5),2
1,[C@@H]3(N(C1CCC1)C2CCC2)CC4=C(OC3)C(=CC=C4C(=O)N)F,1,0.653134822845459,0.9422083497047424,0.691487729549408,0.2448979591836734,0.05952885083151639,0.3689098727210855,0.42597170417867514,Low (<0.3),0
1,[C@@H]45N([C@@H](CC(NC(=O)C1=CN(C2=C(C1=O)C=CC=C2)C3CCCCC3)C4)CC5)C,1,0.7336540818214417,0.7436472773551941,0.6254666447639465,0.5423728813559322,0.296188446141392,0.4692572762141497,0.30971763962650534,High (>=0.5),0
1,[C@@]12(C3=C(NC(CN1C[C@H](O2)C)=O)C=CC(=C3)Cl)C4=CC=CC=C4,1,0.8395692110061646,0.9064067006111144,0.6939749121665955,0.543859649122807,0.09826717674147907,0.36531946874460236,0.17486636273454104,High (>=0.5),0
1,[C@@]125C3=C4C[C@H]([C@@]1(CC[C@@H]([C@@H]2OC3=C(C=C4)O)O)O)N(C)CC5,1,0.4331096112728119,0.6369426846504211,0.5684358477592468,0.6949152542372882,0.4510756044590556,0.5648668169096595,0.8367644391980195,High (>=0.5),1
1,[C@@]135C67[C@@H](N(CC1)CC2CC2)CC4=CC=C(O)C(=C34)O[C@@H]5C(OC)(C(C6)C(O)(C)C)C=C7,1,0.7609138488769531,0.9003953337669373,0.7163054347038269,0.6962025316455697,0.10492135236310267,0.33364861820103076,0.2732351353121776,High (>=0.5),0
1,[C@@]23([C@H]([C@H]1[C@H](OC(O1)(C)C)CO2)OC(O3)(C)C)CO[S](N)(=O)=O,1,0.5728713870048523,0.7320454716682434,0.5959017872810364,0.2,0.31191264718481837,0.5176794119367788,0.5570940429502147,Low (<0.3),0
1,[C@@]4(OC(=O)CCCC)(C3(C(C2C(C1(C(=CC(=O)CC1)CC2)C)C(O)C3)CC4)C)C(=O)CO,1,0.8725546598434448,0.9428263306617736,0.8040053844451904,0.9193548387096774,0.05887318015807249,0.2181493127544636,0.13632997948278325,High (>=0.5),0
1,[C@@]4([C@@]3([C@H]([C@H]2[C@@H]([C@@]1(C(=CC(=O)C=C1)CC2)C)[C@H](C3)O)CC4)C)(C(COC(CC)=O)=O)OC(OCC)=O,1,0.7602324485778809,0.8232097625732422,0.6872469782829285,0.75,0.19454423523567668,0.3750615487701243,0.2741310390734255,High (>=0.5),0
1,[C@@]4([C@@]3([C@H]([C@H]2[C@@H]([C@@]1(C(=CC(=O)C=C1)C[C@H]2Cl)C)[C@H](C3)O)C[C@H]4C)C)(C(COC(CC)=O)=O)OC(CC)=O,1,0.4318795800209045,0.8592232465744019,0.6040189266204834,0.5875,0.15172649952464218,0.5041497460738911,0.8396084795476257,High (>=0.5),1
1,[C@@]4([C@@]3([C@H]([C@H]2[C@@H]([C@@]1(C(=CC(=O)C=C1)[C@H](C2)C)C)[C@H](C3)O)CC4)C)(C(COC(C)=O)=O)OC(CC)=O,1,0.7191516757011414,0.7908777594566345,0.6296929121017456,0.6455696202531646,0.23461186240262402,0.4625230195429353,0.32968298982142874,High (>=0.5),0
1,[C@H](C1=CC=CC=C1)([C@@H]2CNCCO2)OC3=CC=CC=C3OCC,1,0.6414368152618408,0.710624098777771,0.6263042688369751,0.3333333333333333,0.3416116826888412,0.46791897351203915,0.44404459508242966,Medium (0.3-0.5),0
1,[C@H](OC1=C(C=CC=C1)C)(C2=CC=CC=C2)CCNC,1,0.815353512763977,0.773195743560791,0.7218010425567627,0.4545454545454545,0.2572230366284641,0.3260057423899496,0.20413350179446813,Medium (0.3-0.5),0
1,[C@H]12[C@@H](OC(C(CC)(C)C)=O)C[C@@H](C)C=C1C=C[C@@H]([C@@H]2CC[C@@H]3C[C@H](CC(O3)=O)O)C,1,0.221740573644638,0.6906877160072327,0.4429025650024414,0.226890756302521,0.3700674878908338,0.8144054766892139,1.506247167626585,Low (<0.3),2
1,[C@H]12[C@@]([C@](C(CC)=O)(C)[C@@H](C1)C)(C[C@H](O)[C@H]3[C@H]2CCC4=CC(=O)C=C[C@]34C)C,1,0.6114571690559387,0.7712540030479431,0.6578487753868103,0.5942028985507246,0.25973751343831963,0.41878019871065547,0.49191036873491484,High (>=0.5),0
1,[C@H]13[C@H](C[C@@H]1C2=CC=C(F)C=C2)CN(C3)CCN4C(=O)C5=C(NC4=O)C=CC=C5,1,0.6586496233940125,0.7578043937683105,0.6241260766983032,0.3857142857142857,0.2773299823565005,0.47140288503038114,0.4175635650911566,Medium (0.3-0.5),0
1,[C@H]15C3=C(CCC2=C1C=CC=C2)C=CC=C3[C@H]4C[C@](C(C)C)(O)CCN4C5,1,0.7170110940933228,0.8980029225349426,0.7388265132904053,0.6727272727272727,0.1075819561919787,0.30269214433507613,0.33266396556871675,High (>=0.5),0
1,[C@H]2(C1=CC(=C(OC)C=C1CCN(C2)C)OC)C3=CC=CC=C3,1,0.847233235836029,0.9281432628631592,0.7430605292320251,0.3793103448275862,0.07456918002570598,0.29697777159059313,0.16577925525192613,Medium (0.3-0.5),0
1,[C@H]23OC1=C(OC(=O)C)C=CC6=C1C25C4(C[C@@H](C3(OC)C=C4)[C@](O)(CCC)C)C(N(CC5)C)C6,1,0.8321145176887512,0.9622879028320312,0.7771971821784973,0.7866666666666666,0.03844159779717641,0.25206118709209296,0.1837852061798181,High (>=0.5),0
1,[C@H]24[C@H]1[C@@]([C@@H](C(C(OCCCC)=O)=O)[C@@H](C1)C)(C[C@@H]([C@@H]2[C@@]3(C(=CC(=O)C=C3)[C@H](C4)F)C)O)C,1,0.5050233602523804,0.8238734602928162,0.4864018559455871,1.0,0.19373832847118308,0.7207201326598545,0.6831505928511363,High (>=0.5),1
1,[C@H]24[C@H]1[C@@]([C@@H](C(CO)=O)[C@@H](C1)C)(C[C@@H]([C@@H]2[C@@]3(C(=CC(=O)C=C3)[C@H](C4)F)C)O)C,1,0.4886457622051239,0.8079472184181213,0.4758911728858948,0.7164179104477612,0.21325854633467894,0.7425660792811493,0.7161174646893669,High (>=0.5),2
1,[C@H]24[C@H]1[C@@]([C@](C(CO)=O)(O)CC1)(C[C@@H]([C@@H]2[C@@]3(C(=CC(=O)C=C3)[C@H](C4)C)C)O)C,1,0.5698628425598145,0.6470239758491516,0.5860068202018738,0.5970149253731343,0.435371928213962,0.5344238509031016,0.5623595741969288,High (>=0.5),0
1,[C@H]24[C@H]1[C@@]([C@](C(CO)=O)(O)CC1)(C[C@@H]([C@@H]2[C@@]3(C(=CC(=O)C=C3)[C@H](C4)F)C)O)C,1,0.5588782429695129,0.7544154524803162,0.5993156433105469,0.6857142857142857,0.28181206473332854,0.5119668692213437,0.5818236417706826,High (>=0.5),0
1,[C@H]24[C@H]1[C@@]([C@](C(COC(C)=O)=O)(O)CC1)(C[C@@H]([C@@H]2[C@@]3(C(=CC(=O)C=C3)[C@H](C4)C)C)O)C,1,0.6512436270713806,0.7413191795349121,0.6086466312408447,0.589041095890411,0.2993240048160205,0.496517423947,0.42887147164938005,High (>=0.5),0
1,[C@H]24[C@H]1[C@@]([C@](C(COC(CCC(O)=O)=O)=O)(O)CC1)(C[C@@H]([C@@H]2[C@@]3(C(=CC(=O)C=C3)[C@H](C4)C)C)O)C,1,0.5824981927871704,0.689995527267456,0.628196120262146,0.5897435897435898,0.37107016363291984,0.4649028678563152,0.5404291960583897,High (>=0.5),0
1,[C@H]24[C@H]1[C@@]([C@](O)([C@@H](C1)C)C(=O)CO)(C[C@H](O)[C@@H]2[C@@]3(C(=CC(=O)C=C3)C[C@H]4Cl)C)C,1,0.1892275214195251,0.724098801612854,0.5115540623664856,0.5352112676056338,0.32282742959100463,0.6703020053995291,1.6648051708947071,High (>=0.5),1
1,[C@H]3(CCCC1=C2C(=NC=C1)C=CC(=C2)OC)[C@@H](CNCC3)C=C,1,0.8609568476676941,0.6725278496742249,0.7145785093307495,0.4078947368421052,0.3967117562086213,0.33606240754957123,0.14971089466325033,Medium (0.3-0.5),0
1,[C@H]34C1[C@@H](C2(C(C(=O)CC1)C(=O)C=C2)C)C(O)CC3([C@](O)(CC4)C(OC)=O)C,1,0.6811901330947876,0.8868967890739441,0.6888315081596375,0.4925373134328358,0.120026662998725,0.3727585833613398,0.383913814892183,Medium (0.3-0.5),0
1,[C@H]34[C@H]2[C@@H]([C@@]1(C(=CC(=O)C=C1)CC2)C)[C@@H](O)C[C@@]3([C@](C(COC(COC(CCCCCCCCCCCCCCCCC)=O)=O)=O)(O)CC4)C,1,0.8795605301856995,0.8839863538742065,0.7531986832618713,0.7432432432432432,0.12331365325752615,0.283426230392554,0.12833289376660692,High (>=0.5),0
1,[C@H]37[C@H]2[C@@]([C@](C(COC(C1=CC(=CC=C1)[S](O)(=O)=O)=O)=O)(O)[C@@H](C2)C)(C[C@@H]([C@@H]3[C@@]4(C(=CC5=C(C4)C=N[N]5C6=CC=CC=C6)C(=C7)C)C)O)C,1,0.4779440462589264,0.735017716884613,0.5713459253311157,0.7777777777777778,0.307860675454896,0.5597604290659942,0.7382616113782265,High (>=0.5),1
1,[C@]12(C(=CC(C=C1)=O)[C@H](C[C@H]3[C@H]4[C@](C[C@@H]([C@H]23)O)([C@](C(=O)CO)(O)[C@@H](C4)C)C)F)C,1,0.3339142799377441,0.5700162649154663,0.4871563911437988,0.6521739130434783,0.5620903836212403,0.7191700757391868,1.0968709658378681,High (>=0.5),2
1,[C@]14([C@@](C(=O)COC(CCC(=O)[O-])=O)(CC[C@H]1[C@@H]3CCC2=CC(C=C[C@@]2([C@H]3[C@H](C4)O)C)=O)O)C.[Na+],1,0.7222075462341309,0.7714105248451233,0.6791009902954102,0.75,0.25953458947800656,0.38698542861664237,0.32544272123998985,High (>=0.5),0
1,[C@]14([C@H]([C@H]3[C@](F)([C@@H](O)C1)[C@@]2(C(=CC(=O)C=C2)CC3)C)C[C@@H]6[C@]4(CC5=CC=CC=C5C6)C(=O)CO)C.O,1,0.7315205335617065,0.7754558324813843,0.71961909532547,0.6338028169014085,0.2543042515898029,0.32903324123022065,0.3126299884282897,High (>=0.5),0
1,[C@]2(C1=CC(=CC=C1)O)([C@H](CN(C)CC2)C)CCC,1,0.8471382856369019,0.8936247825622559,0.7944704294204712,0.3571428571428571,0.11246929821616813,0.2300795128037776,0.1658913324416372,Medium (0.3-0.5),0
1,[C@]2(C1=CC=CC=C1)([C@H](CN(C)CC2)CC)OC(CC)=O,1,0.9193016290664672,0.9364686608314514,0.7990802526473999,0.34375,0.06563922179946685,0.22429389689880708,0.08414099604126116,Medium (0.3-0.5),0
1,[C@]3(C1=CC=CC=C1)(C(C2=C(C=CC=C2)CC3)=O)CCN(C)C,1,0.9163464903831482,0.9395334124565125,0.7886261343955994,0.4042553191489361,0.062371896677435736,0.23746291784477455,0.08736072122160464,Medium (0.3-0.5),0
1,[C@]34([C@H]([C@H]2[C@@H]([C@@]1(C(=CC(=O)C=C1)CC2)C)[C@H](C3)O)CC[C@@]4(C(COC(C)=O)=O)O)C,1,0.7048287987709045,0.7735782861709595,0.6425030827522278,0.7761194029850746,0.25672840378537937,0.44238366416633074,0.3498003442827715,High (>=0.5),0
1,[C@]34([C@H]([C@H]2[C@@H]([C@@]1(C(=CC(=O)C=C1)CC2)C)[C@H](C3)O)CC[C@@]4(C(COC(CC(C)(C)C)=O)=O)O)C,1,0.7738555669784546,0.8250700831413269,0.6778349876403809,0.7714285714285715,0.19228694699322588,0.3888514017251036,0.2563700287764593,High (>=0.5),0
1,[C@]34([C@H]([C@H]2[C@@H]([C@@]1(C(=CC(=O)C=C1)[C@H](C2)F)C)[C@H](C3)O)C[C@H]([C@@]4(C(COC(C)=O)=O)O)C)C,1,0.5963141918182373,0.7784826755523682,0.5562539100646973,0.684931506849315,0.25040854158143094,0.5865304161965998,0.5169875833404846,High (>=0.5),0
1,[H+].C1=CC3=C([N]1N(C2=CC=NC=C2)CCC)C=CC=C3.[Cl-],1,0.88074791431427,0.7875771522521973,0.729193925857544,0.2413793103448276,0.23879394196730377,0.31581556608403966,0.12698382984276507,Low (<0.3),0
1,[H+].C2=C(C1(C(N(C)C)C=CCC1)C(OCC)=O)C=CC=C2.[Cl-],1,0.9187469482421876,0.95328688621521,0.758862316608429,0.3818181818181818,0.04783938577651919,0.27593491908457946,0.08474455010176363,Medium (0.3-0.5),0
1,[H+].[Cl-].CCOC(=O)C1(CCN(C)CC1)c2ccccc2,1,0.9425281286239624,0.9545497298240662,0.8145225644111633,0.62,0.046515536781615525,0.20515314793375883,0.05918951541145592,High (>=0.5),0
1,[N]14C3=C(C2=C1C=CC(=C2)C)CCCC3NCC4.[H+].[Cl-],1,0.9075227975845336,0.9300787448883056,0.7666950225830078,0.2615384615384615,0.07248602449639116,0.2656661804391338,0.09703659185339475,Low (<0.3),0
1,c1(ccc(c(c1)Cl)Cl)CC(N1[C@H](CN2CCCC2)c2n(CC1)ccn2)=O,1,0.8357875347137451,0.8935580849647522,0.7614835500717163,0.7241379310344828,0.11254393814109862,0.2724867088871858,0.17938084327702108,High (>=0.5),0
1,c1(ccc(c(c1)Cl)Cl)CC(N1[C@H](C[N@@]2C[C@@H](CC2)O)c2n(CC1)ccn2)=O,0,0.7171874046325684,0.8316971659660339,0.7133285403251648,0.6176470588235294,1.7819903387473202,1.249418458746531,1.2629708078771407,High (>=0.5),3
1,c1ccc2Oc3c(cc(cc3)Cl)[C@@H]3[C@@H](c2c1)CNCC3,1,0.7197701930999756,0.7673571109771729,0.6853938698768616,0.8157894736842105,0.2648029914760073,0.37776161344380554,0.3288232941696504,High (>=0.5),0
1,c1ccc2Oc3c(cc(cc3)Cl)[C@@H]3[C@@H](c2c1)C[N@](CC3)C,1,0.7379264235496521,0.9114351868629456,0.7106638550758362,0.825,0.09273479341137959,0.3415557386446132,0.3039111564389418,High (>=0.5),0
2,C(C(C1(CCC2C4C(C(CC12C)O)(F)C3(C=CC(C=C3CC4)=O)C)O)=O)O,1,0.9248237013816832,0.9693254232406616,0.9883576035499572,0.7096774193548387,0.031154889373328942,0.011710699808339614,0.07815215273576803,High (>=0.5),0
2,C(C(C4(C3(C(C2C(C1(C(=CC(=O)C=C1)CC2)C)C(C3)O)CC4)C)O)=O)OC(CN(CC)CC)=O,1,0.9359498620033264,0.9540553689002992,0.9281023740768432,0.7361111111111112,0.04703357053847063,0.07461323538724751,0.06619337017502942,High (>=0.5),0
2,C(C)CCC(=O)OC3(CCC4C2CCC1=CC(=O)C=CC1(C)C2C(O)CC34C)C(=O)CO,1,0.9253233075141908,0.9546617269515992,0.9235783219337464,0.704225352112676,0.04639821386563986,0.07949967304863892,0.07761208090120679,High (>=0.5),0
2,C(C1=NC2=C([N]1C)C(N(C)C(N2C)=O)=O)CCN3CCN(C(N(CC)CC)=O)CC3,1,0.7844997048377991,0.9430104494094848,0.9125999808311462,0.352112676056338,0.05867791538198806,0.09145763149349624,0.24270908305156916,Medium (0.3-0.5),0
2,C(O)C(=O)C4(O)C3(C(C2C(C1(C(=CC(=O)CC1)CC2)C)CC3)CC4)C,1,0.96072655916214,0.969016134738922,0.9696481823921204,0.7272727272727273,0.03147401631263563,0.030821971840566068,0.040065448312957906,High (>=0.5),0
2,C1=C(C(=C(C=C1\C=C\C(N2CCCCCCC2)=O)OC)OC)OC,1,0.9220973253250122,0.9089600443840028,0.9260895252227784,0.5853658536585366,0.09545414134388697,0.07678436950287973,0.08110450207565653,High (>=0.5),0
2,C1=C(C(=CC(=C1[S](NC)(=O)=O)N)OC)C(NCC2N(CCC2)CC=C)=O,1,0.6199765801429749,0.6741568446159363,0.7378498911857605,0.4683544303797468,0.39429248799663186,0.3040148745474329,0.47807357561939773,Medium (0.3-0.5),0
2,C1=C(C(=CC=C1C3(CCN(CCCC(C2=CC=C(F)C=C2)=O)CC3)O)Cl)C(F)(F)F,1,0.95341157913208,0.9442993998527528,0.8973604440689087,0.6833333333333333,0.0573120022605433,0.10829766478379926,0.047708591191728815,High (>=0.5),0
2,C1=C(C(=CC=C1[S](N)(=O)=O)OC)C(NCC2N(CCC2)C)=O,1,0.5767070055007935,0.7747020125389099,0.8426599502563477,0.7096774193548387,0.2552768235176431,0.17119178283890077,0.5504209308694507,High (>=0.5),0
2,C1=C(C(C)=O)C=CC(=C1C(NCC2N(CCC2)CC)=O)OC,1,0.7512828707695007,0.8833685517311096,0.9267691373825072,0.6101694915254238,0.12401277958048652,0.07605078716989103,0.28597303932187745,High (>=0.5),0
2,C1=C(C(F)(F)F)C=CC3=C1N(C2=C(C=CC=C2)S3)CCCN4CCN(CCO)CCC4,1,0.9225095510482788,0.9671749472618104,0.9534658789634703,0.9375,0.03337588235179544,0.04765163962289619,0.08065754968118266,High (>=0.5),0
2,C1=C(C)C=CC3=C1C(=NC2=C(C=CC=C2)S3)N4CCN(C)CC4,1,0.9049965739250184,0.9729544520378112,0.965714693069458,0.5,0.02741800977487304,0.034886837183043445,0.09982412100758847,Medium (0.3-0.5),0
2,C1=C(C3=C(N=C1N2CCN(CC)CC2)CCCCCC3)C4=CC=C(F)C=C4,1,0.9656813144683838,0.9577328562736512,0.9529850482940674,0.2794117647058823,0.04318639556299389,0.04815606454432864,0.034921401405965384,Low (<0.3),0
2,C1=C(C=CC=C1N3CCN(CCC2=N[NH]C(=C2)C)CC3)C,1,0.9128049612045288,0.8663838505744934,0.8962722420692444,0.4,0.1434272231568735,0.10951107056257717,0.0912330452994701,Medium (0.3-0.5),0
2,C1=C(C=CC=C1N3CCN(CCC2=N[NH]C(=C2)C)CC3)Cl,1,0.9167647361755372,0.8752558827400208,0.895881712436676,0.5370370370370371,0.13323899795884298,0.1099468920920478,0.08690439779334017,High (>=0.5),0
2,C1=C(Cl)C=CC2=C1C(=NC3=C(S2)C=CC=C3)N4CCN(CC4)C,1,0.9086598753929138,0.9748210310935974,0.9641844034194946,0.62,0.025501382685814977,0.03647271281091519,0.09578442931064143,High (>=0.5),0
2,C1=C(Cl)C=CC3=C1N(C2=CC=CC=C2)C(CCN3)=O,1,0.8874369859695435,0.9484030604362488,0.9332576394081116,0.6363636363636364,0.0529756978493948,0.06907397540995187,0.11941776187776602,High (>=0.5),0
2,C1=C(Cl)C=CC3=C1N(C2=CC=CC=C2)C(CCN3C(OCC)=O)=O,1,0.8813934326171875,0.9590319395065308,0.953188419342041,0.5094339622641509,0.0418308996412747,0.047942683073861014,0.12625117768303154,High (>=0.5),0
2,C1=C(Cl)C=CC4=C1C3C2=CC=CC=C2CCN3CC(=O)N4C,1,0.9115685820579528,0.9710822105407716,0.959164023399353,0.3928571428571428,0.029344148424328777,0.04169318285364167,0.09258844681844386,Medium (0.3-0.5),0
2,C1=C(Cl)C=CC4=C1N(CCCN3CCC(N2CCCCC2)(CC3)C(N)=O)C5=C(CC4)C=CC=C5,1,0.9640924334526062,0.9613050222396852,0.9593098163604736,0.6,0.039463519499083874,0.041541194373653306,0.03656810364401502,High (>=0.5),0
2,C1=C(F)C=CC2=C1N4C(CN=C2C3=CC=CS3)CN(C)CC4,1,0.913780152797699,0.9665019512176514,0.9577697515487672,0.3164556962025316,0.03407196148669325,0.04314787274922182,0.09016526950479233,Medium (0.3-0.5),0
2,C1=C(OC)C(=CC2=C1C(=NN=C(C2)C)C3=CC=CC(=C3)Cl)OC,1,0.9087811708450316,0.9460507035255432,0.924426019191742,0.3015873015873015,0.05545911355944179,0.07858225386450945,0.09565094993033474,Medium (0.3-0.5),0
2,C1=C(OC)C(=CC2=C1C(=NN=C(C2CC)C)C3=CC=C(C(=C3)OC)OC)OC,1,0.8729451894760132,0.9277867674827576,0.9085435271263124,0.3636363636363636,0.07495334901802476,0.09591248131252426,0.13588250921890793,Medium (0.3-0.5),0
2,C1=C(OC)C(=CC2=C1[S](OC(C2)C(NC(CC(N(C)C)(C)C)C)=O)(=O)=O)OC,1,0.7058944702148438,0.792610228061676,0.7789539694786072,0.2531645569620253,0.23242369386586945,0.24980332410163367,0.3482895282778569,Low (<0.3),0
2,C1=C([S](=O)(=O)N)C=CC(=C1C(NCC2N(CC)CCC2)=O)OC,1,0.629838764667511,0.7829320430755615,0.8426041603088379,0.7704918032786885,0.2447093772105105,0.17125799198342642,0.46229142145118834,High (>=0.5),0
2,C1=C([S](CC)(=O)=O)C(=CC(=C1C(NCC2N(CCC2)CC)=O)OC)N,1,0.6903555989265442,0.8070195317268372,0.8552180528640747,0.5230769230769231,0.21440740812175588,0.15639880997109845,0.37054845338047415,High (>=0.5),0
2,C1=C([S](CC)(=O)=O)C=CC(=C1C(NCC2N(CCC2)CC)=O)OC,1,0.6997876763343811,0.8236600160598755,0.8793820142745972,0.6461538461538462,0.19399743608532075,0.12853587471362812,0.3569783094717156,High (>=0.5),0
2,C1=C([S](N)(=O)=O)C=C(C(=C1C(NCC2N(CCC2)CC=C)=O)OC)OC,1,0.6157504916191101,0.7663459181785583,0.8143959641456604,0.5616438356164384,0.2661216208663288,0.20530858881497957,0.4849134435748087,High (>=0.5),0
2,C1=C([S](N)(=O)=O)C=CC(=C1C(NCC2N(CCC2)CCC)=O)OC,1,0.6703062653541565,0.7915036082267761,0.845845103263855,0.734375,0.2338208409515924,0.16741902920822524,0.4000205585723124,High (>=0.5),0
2,C1=C3C(=CC=C1\C=C\C(N2CCCCC2)=O)OCO3,1,0.9271827340126038,0.8831595778465271,0.9387029409408568,0.4375,0.1242493723434982,0.0632562066507496,0.0756046087729872,Medium (0.3-0.5),0
2,C1=C4C(=CC=C1CN3CCC(NC(NC(C2=CC=CC=C2)=O)=O)CC3)C=CC=C4,1,0.774337649345398,0.8452636003494263,0.8955613970756531,0.417910447761194,0.16810674719596314,0.11030449804976497,0.25574726105284284,Medium (0.3-0.5),0
2,C1=CC(=CC(=C1NC(OCC)=O)N)NCC2=CC=C(C=C2)F,1,0.7233070731163025,0.7978367805480957,0.8694846630096436,0.296875,0.22585123810661326,0.13985458420519042,0.323921426222272,Low (<0.3),0
2,C1=CC(=CC2=C1C(=NO2)C5CCN(CCC3=C(N=C4N(C3=O)C=CC=C4C)C)CC5)F,1,0.8818246126174927,0.9136178493499756,0.9099435806274414,0.6621621621621622,0.09034290289167292,0.09437268070378198,0.1257620946566124,High (>=0.5),0
2,C1=CC(=CC2=C1C(C3=C(CC2)C=CC=N3)=C4CCN(C(OCC)=O)CC4)Cl,1,0.9212465882301332,0.9571118950843812,0.9297028183937072,0.3246753246753247,0.04383497160091754,0.07289029401614584,0.08202753889914369,Medium (0.3-0.5),0
2,C1=CC(=CC=C1C(CCCN3CCC2(C(N(C)C(C2)=O)=O)CC3)=O)F,1,0.944487690925598,0.9591907858848572,0.9490950703620912,0.5686274509803921,0.04166528135661268,0.05224630587235914,0.057112624496486915,High (>=0.5),0
2,C1=CC(=CC=C1C2(C(CC(C)C)N(C)C)CCC2)Cl,1,0.980262041091919,0.961340606212616,0.9692760109901428,0.3333333333333333,0.03942650386561687,0.031205866587785718,0.01993535419024691,Medium (0.3-0.5),0
2,C1=CC(=CC=C1C3(CCN(CCCC(C2=CC=C(C=C2)F)=O)CC3)OC(CCCCCCCCC)=O)Br,1,0.9645376205444336,0.9430583715438844,0.8908306360244751,0.4852941176470588,0.05862709842994734,0.11560095260467612,0.03610644216693527,Medium (0.3-0.5),0
2,C1=CC(=CC=C1C3(CCN(CCCC(C2=CC=C(C=C2)F)=O)CC3)OC(CCCCCCCCC)=O)Cl,1,0.9663228392601012,0.9424262046813964,0.8835404515266418,0.515625,0.05929766014564335,0.12381820272818951,0.03425729847010248,High (>=0.5),0
2,C1=CC(=CC=C1C3(CCN(CCCC(C2=CC=C(F)C=C2)=O)CC3)C(N(C)C)=O)Cl,1,0.935364842414856,0.930152177810669,0.930406391620636,0.5689655172413793,0.07240707416661706,0.07213380804565138,0.06681862001264151,High (>=0.5),0
2,C1=CC(=CC=C1[S](NC2=NOC(=C2)C)(=O)=O)N,1,0.5764502882957458,0.463748425245285,0.3836848735809326,0.5853658536585366,0.7684130607637563,0.9579337050214795,0.5508661731805727,High (>=0.5),2
2,C1=CC=C(C2=C1CC3C(C2)CC(N[S](N(CC)CC)(=O)=O)CN3CCC)O,1,0.7931663393974304,0.8753089308738708,0.8233181238174438,0.282051282051282,0.13317839108104698,0.19441261129507564,0.23172231970009705,Low (<0.3),0
2,C1=CC=CC(=C1N3CCN(CCCOC2=CC=CC=N2)CC3)C,1,0.9303606748580932,0.8988643884658813,0.9292771220207214,0.3666666666666666,0.10662310297931549,0.07334828322966236,0.07218294559045815,Medium (0.3-0.5),0
2,C1=CC=CC2=C1C(=NS2)N5CCN(CCC4=CC3=C(NC(C3)=O)C=C4Cl)CC5,1,0.8933205008506775,0.9303799271583556,0.9193508625030518,0.4647887323943662,0.07216225243178544,0.08408744221657477,0.11280985896790882,Medium (0.3-0.5),0
2,C1=CC=CC2=C1C(N3C2=NCC3)(C4=CC=C(C=C4)Cl)O,1,0.8719011545181274,0.9386438131332396,0.8852894306182861,0.3448275862068966,0.06331919747277906,0.1218406471935613,0.13707921640871515,Medium (0.3-0.5),0
2,C1=CC=CC2=C1C3=C(C2)CCOC3(CCN(C)C)C,1,0.9721325039863586,0.9806596636772156,0.9585373401641846,0.3877551020408163,0.019529807564107517,0.0423467603807619,0.02826316283893755,Medium (0.3-0.5),0
2,C1=CC=CC3=C1C(=NC2=CC=CC=C2S3)N4CCN(CCOCCO)CC4,1,0.8872037529945374,0.9425057172775269,0.94096440076828,0.5084745762711864,0.05921329360141822,0.060849971389445145,0.11968061279877565,High (>=0.5),0
2,C1=CC=CC3=C1C(C2=C(C=CC=C2)S3)=CCCN(C)C,1,0.92050439119339,0.974376618862152,0.9710792899131776,0.6341463414634146,0.025957377735014962,0.029347156029611153,0.08283350787672197,High (>=0.5),0
2,C1=CC=CC3=C1C(C2=CC=CC=C2)OCCN(C3)C,1,0.9465843439102172,0.9546605348587036,0.9616791605949402,0.3469387755102041,0.046399462573539475,0.03907439683929746,0.05489520093451357,Medium (0.3-0.5),0
2,C1=CC=CC4=C1N(CCCN3CCC(N2CCCCC2)(CC3)C(N)=O)C5=C(CC4)C=CC=C5,1,0.9634608626365662,0.9594570994377136,0.9632799625396729,0.5344827586206896,0.041387675906854035,0.03741119028647997,0.03722341194591533,High (>=0.5),0
2,C1=CC=CC=C1C2=NCC(NC3=C2[N](N=C3C)CC)=O,1,0.8896206021308899,0.9659130573272704,0.9414220452308656,0.490566037735849,0.034681451586911945,0.06036373279314107,0.11696019688382661,Medium (0.3-0.5),0
2,C1=CC=CC=C1C3(CCN(CCCC(C2=CC=C(F)C=C2)=O)CC3)CNC(C)=O,1,0.922515630722046,0.9018967151641846,0.9369993209838868,0.5230769230769231,0.1032552719457416,0.06507272141432234,0.08065095933886399,High (>=0.5),0
2,C1=CC=CC=C1NC(OCC3(COC(NC2=CC=CC=C2)=O)CCCC3)=O,1,0.8565749526023865,0.8667473793029785,0.9179757237434388,0.3333333333333333,0.14300771801202408,0.0855843334352373,0.15481345471123262,Medium (0.3-0.5),0
2,C1=CSC2=C1N(C3=C(C=C2)C=CC=C3)CCCN(C)C,1,0.926985800266266,0.9617457389831544,0.965179443359375,0.7368421052631579,0.03900516784236036,0.0354412432622734,0.07581703147722094,High (>=0.5),0
2,C1=C[NH]C2=C1C(=NC=N2)NCCCCCCCCC,1,0.8951237797737122,0.8654302954673767,0.8469711542129517,0.2444444444444444,0.1445284443308197,0.16608864132919907,0.11079326884689975,Low (<0.3),0
2,C1=NC(=NC=C1)N5CCN(CCNC(C23CC4CC(C2)CC(C3)C4)=O)CC5,1,0.9293735027313232,0.9165138006210328,0.9422876834869384,0.396551724137931,0.08717815385499135,0.059444654546838165,0.0732445728180286,Medium (0.3-0.5),0
2,C2=C(C(C[N]1C=CN=C1)=O)C=CC3=CC=CC=C23,1,0.8328734636306763,0.6885431408882141,0.6578658223152161,0.3461538461538461,0.3731773035342948,0.4187542859048897,0.18287355275888748,Medium (0.3-0.5),0
2,C2=C(C1=CC=CC=C1)ON=C2C(CN3CCCCC3)O,1,0.8431689739227295,0.8009402751922607,0.7729648947715759,0.3090909090909091,0.2219688974998884,0.25752164569301694,0.17058789750445164,Medium (0.3-0.5),0
2,C2=C(CN(C(=C(SC(=O)C1=CC=CO1)\CCOC(=O)COC(=O)C)/C)C=O)C(=NC(=N2)C)N,1,0.7970605492591858,0.7666318416595459,0.8397482633590698,0.6619718309859155,0.2657485906870347,0.17465311853704174,0.22682463161062433,High (>=0.5),0
2,C2=C(N1C(N(CCN(C)C)CC1)=O)C=CC=C2Cl,1,0.9006409645080566,0.9666035771369934,0.96249258518219,0.6382978723404256,0.03396681883623261,0.038228916556687,0.10464858635291444,High (>=0.5),0
2,C2=C1C(=NN=C(CC1=CC(=C2OC)OC)C)C3=CC=C(N)C=C3,1,0.8957639336585999,0.9250594973564148,0.9092050790786744,0.2542372881355932,0.0778972220718543,0.09518460070316839,0.11007836761959144,Low (<0.3),0
2,C3=C(C1=NCCN=C2N(NC(=C12)C)C)C=CC=C3Cl,1,0.8957109451293945,0.977161467075348,0.8144285678863525,0.3636363636363636,0.023103372349663597,0.20526855535519883,0.11013752393805082,Medium (0.3-0.5),0
2,C3=C(C2C(COC1=CC=C(OC)C=C1)CN(C)CC2)C=CC=C3,1,0.9199095964431764,0.8999883532524109,0.9052714109420776,0.3571428571428571,0.10537345657221414,0.09952047865024874,0.08347987850302435,Medium (0.3-0.5),0
2,C4=C(C(C(=O)N1CCCC1)(C2=CC=CC=C2)C(CN3CCOCC3)C)C=CC=C4,1,0.94607675075531,0.9039744138717652,0.9221709966659546,0.3518518518518518,0.10095422222970252,0.08102460986029598,0.055431581344622484,Medium (0.3-0.5),0
2,C4=C(C(C2C(C1=CC=NC=C1)C2)(C3=CC=CC=C3)O)C=CC=C4,1,0.8581098318099976,0.8336013555526733,0.8279220461845398,0.3846153846153846,0.18199998184151445,0.1888362761491167,0.15302317858407954,Medium (0.3-0.5),0
2,C4=C3C(N(C1=CC=C2C(=N1)N=C(Cl)C=C2)C(=O)C3=CC=C4)CC(CCC(C)C)=O,1,0.7527353763580322,0.9001113772392273,0.8619717955589294,0.5774647887323944,0.10523677082650344,0.14853272862297068,0.2840415387661139,High (>=0.5),0
2,CC#C[C@]1(O)CC[C@H]2[C@@H]3CCC4=CC(=O)CCC4=C3[C@H](C[C@]12C)c5ccc(cc5)N(C)C,0,0.7285621762275696,0.8667364120483398,0.5966973304748535,0.3205128205128205,2.015426247764306,0.9080679579202917,1.3040221758812487,Medium (0.3-0.5),3
2,CC(=O)C3(O)CCC4C2CCC1=CC(=O)C=CC1(C)C2C(O)CC34C,1,0.930911660194397,0.9599571824073792,0.9564242959022522,0.6984126984126984,0.04086659717391875,0.04455364022601317,0.07159089321636766,High (>=0.5),0
2,CC(=O)OCC1=C(N2[C@H](SC1)[C@H](NC(=O)CCC[C@@H](N)C(O)=O)C2=O)C(O)=O,0,0.0387821123003959,0.0841370746493339,0.0780317708849906,0.6461538461538462,0.08788857031959242,0.0812445146797669,0.0395541655347594,High (>=0.5),0
2,CC(C)(C)NC(=O)[C@@H]1CN(CCN1C[C@@H](O)C[C@@H](Cc2ccccc2)C(=O)N[C@@H]3[C@H](O)Cc4ccccc34)Cc5cccnc5,1,0.1908280700445175,0.5623656511306763,0.4887518882751465,0.2586206896551724,0.5756030158653118,0.7159003042114641,1.6563824131549492,Low (<0.3),2
2,CC(C)(C)NC(=O)[C@@H]1C[C@@H]2CCCC[C@@H]2CN1C[C@@H](O)[C@H](Cc3ccccc3)NC(=O)[C@H](CC(N)=O)NC(=O)c4ccc5ccccc5n4,0,0.4082589745521545,0.4937959611415863,0.508705198764801,0.47,0.6808154521229878,0.7107109215138381,0.5246861968241398,Medium (0.3-0.5),1
2,CC(C)(C)NCC(O)COc1cccc2NC(=O)CCc12,0,0.8578060269355774,0.8392078280448914,0.8433163166046143,0.5535714285714286,1.8276426052934867,1.8535262614272312,1.9505631460244055,High (>=0.5),3
2,CC(C)CC1C(=O)NC(C(=O)N2CCCC2C(=O)NC(C(=O)NC(C(=O)NC(C(=O)NC(C(=O)N3CCCC3C(=O)NC(C(=O)NC(C(=O)N1)CCCN)C(C)C)CC4=CC=CC=C4)CC(C)C)CCCN)C(C)C)CC5=CC=CC=C5,0,0.8015512228012085,0.8795103430747986,0.5925382375717163,0.2786885245901639,2.116191364381063,0.8978081852357739,1.6172242615317265,Low (<0.3),3
2,CC/C(c1ccccc1)=C(c2ccccc2)/c3ccc(OCCN(C)C)cc3,1,0.9247202277183532,0.9184505343437196,0.8817329406738281,0.3877551020408163,0.08506723060165497,0.12586605717666288,0.0782640437396096,Medium (0.3-0.5),0
2,CC/C=C(C(=O)N[C@H]1[C@H]2SCC(=C(N2C1=O)C(O)=O)COC(N)=O)/c3csc(N)n3,0,0.1915124207735061,0.25853231549263,0.3278129696846008,0.6363636363636364,0.2991236995981154,0.39721865826078884,0.21258996282077722,High (>=0.5),0
2,CC1(C)S[C@@H]2[C@H](NC(=O)C(C(=O)Oc3ccc4CCCc4c3)c5ccccc5)C(=O)N2[C@H]1C(O)=O,0,0.1813603341579437,0.0706543251872062,0.0883358567953109,0.6461538461538462,0.07327451593032623,0.09248362076360206,0.2001112603904004,High (>=0.5),0
2,CC1(C)S[C@@H]2[C@H](NC(=O)C(C(=O)Oc3ccccc3)c4ccccc4)C(=O)N2[C@H]1C(O)=O,0,0.1065703108906745,0.04117301851511,0.0566063895821571,0.7777777777777778,0.04204463592831617,0.05827168108490699,0.11268763901864284,High (>=0.5),0
2,CC1(C)S[C@@H]2[C@H](NC(=O)C3(N)CCCCC3)C(=O)N2[C@H]1C(O)=O,0,0.083192378282547,0.0458054095506668,0.0352414399385452,0.6363636363636364,0.04688765511622849,0.03587740577510701,0.08685761966458076,High (>=0.5),0
2,CC1(C)S[C@@H]2[C@H](NC(=O)CCC[C@@H](N)C(O)=O)C(=O)N2[C@H]1C(O)=O,0,0.0189168471843004,0.0184583067893981,0.0228668246418237,0.5789473684210527,0.018630787094370643,0.023132325729117595,0.01909805969022514,High (>=0.5),0
2,CC1(C)S[C@@H]2[C@H](NC(=O)[C@H](N)c3ccccc3)C(=O)N2[C@H]1C(O)=O.CC4(C)[C@@H](N5[C@@H](CC5=O)[S]4(=O)=O)C(O)=O,0,0.0651178956031799,0.0251117777079343,0.0551345907151699,0.7627118644067796,0.02543245835940247,0.05671278566887743,0.06733484919786152,High (>=0.5),0
2,CC1(C)S[C@@H]2[C@H](NC(=O)c3nc4ccccc4nc3C(O)=O)C(=O)N2[C@H]1C(O)=O,0,0.0389153808355331,0.0318067595362663,0.032863151282072,0.6071428571428571,0.032323583050455955,0.03341527470205302,0.03969282064744321,High (>=0.5),0
2,CC12C(C(CC1=O)CC2)(C)C,1,0.9845770001411438,0.9878140687942504,0.9912537932395936,0.2448979591836734,0.01226078842363491,0.008784679316977627,0.015543171527520992,Low (<0.3),0
2,CC12CC3(CC(C1)(CC(C2)C3)N)C,1,0.9941428303718568,0.9916127920150756,0.9518049359321594,0.2222222222222222,0.00842257852605788,0.04939516441641205,0.005874390121326403,Low (<0.3),0
2,CC1=C(N2[C@H](SC1)[C@H](NC(=O)Cc3ccc(cc3)C4=NCCCN4)C2=O)C(O)=O,0,0.1194243878126144,0.1615659594535827,0.1517915278673172,0.5,0.1762193644428137,0.16462883362477368,0.12717948058476852,Medium (0.3-0.5),0
2,CC1CC2C3CC(F)(F)C4=CC(=O)C=C[C@]4(C)C3(F)C(O)CC2(C)C1(O)C(=O)CO,1,0.908784031867981,0.967762529850006,0.9552950263023376,0.5797101449275363,0.032768542204418646,0.04573505814458114,0.09564780173741702,High (>=0.5),0
2,CC1CCCC1,1,0.9957872033119202,0.9856294989585876,0.9662912487983704,0.2727272727272727,0.014474756700908021,0.034289990420273864,0.004221695517480577,Low (<0.3),0
2,CC3CC2C1CCC(C(C)=O)C1(C)CC(O)C2C4(C)C=CC(=O)C=C34,1,0.9389466047286988,0.9677038788795472,0.9027754068374634,0.6440677966101694,0.032829148754046356,0.10228147539621511,0.06299666536438785,High (>=0.5),0
2,CC4CC3C2CC(F)(F)C1=CC(=O)C=CC1(C)C2(F)C(O)CC3(C)C4(O)C(=O)COC(C)=O,1,0.9340181946754456,0.9819486737251282,0.9886294603347778,0.6216216216216216,0.018216239075996912,0.011435678497881461,0.06825936056247188,High (>=0.5),0
2,CC4CC3C2CC(F)C1=CC(=O)C=CC1(C)C2(F)C(O)CC3(C)C4(O)C(=O)CCl,1,0.9496991634368896,0.9841496348381042,0.9883882403373718,0.746268656716418,0.01597732556613579,0.011679702614125848,0.0516100146045357,High (>=0.5),0
2,CC4CC3C2CC(F)C1=CC(=O)C=CC1(C)C2(F)C(O)CC3(C)C4(O)C(=O)SCF,1,0.939211905002594,0.9760178327560424,0.9880430698394777,0.676056338028169,0.024274421469525267,0.012028989229477592,0.06271415430444793,High (>=0.5),0
2,CCC(=O)C1(O)CCC2C3CCC4=CC(=O)CCC4(C)C3C(O)CC21C,1,0.9480392932891846,0.967322051525116,0.9649385213851928,0.8518518518518519,0.03322379706690605,0.03569088808174469,0.05335932896880215,High (>=0.5),0
2,CCCCC1C(=O)N(N(C1=O)c2ccccc2)c3ccccc3,0,0.6947668790817261,0.9184268712997437,0.92105895280838,0.325,2.506255376388838,2.539053943170109,1.1866794634472297,Medium (0.3-0.5),3
2,CCCCCC(=O)OCC(=O)C3C(C)CC4C2CC(F)C1=CC(=O)C=CC1(C)C2C(O)CC34C,1,0.9437604546546936,0.9575321674346924,0.8967780470848083,0.4767441860465116,0.04339596325958846,0.10894688668882846,0.057882900700452954,Medium (0.3-0.5),0
2,CCCCOC(=O)C(=O)C3C(C)CC4C2CC(F)C1=CC(=O)C=CC1(C)C2C(O)CC34C,1,0.9188821911811828,0.9208499789237976,0.8340926170349121,0.4651162790697674,0.08245814532829161,0.18141083118854878,0.08459735724729925,Medium (0.3-0.5),0
2,CCCN1C[C@H](CSC)C[C@H]2[C@H]1Cc3c[nH]c4cccc2c34,1,0.7054298520088196,0.8757964372634888,0.8308530449867249,0.5573770491803278,0.1326215926026877,0.18530234093614203,0.3489479428116288,High (>=0.5),0
2,CCCSc1ccc2nc(NC(=O)OC)[nH]c2c1,1,0.7888976335525513,0.7549389004707336,0.839107096195221,0.25,0.2811184595366702,0.17541693322944168,0.23711870856546127,Low (<0.3),0
2,CCOC(=O)N1CCC(CC1)=C2c3ccc(Cl)cc3CCc4cccnc24,0,0.9212465882301332,0.9571118950843812,0.9297028183937072,0.3246753246753247,3.1491607661901018,2.655023571918074,2.5414336781530538,Medium (0.3-0.5),3
2,CCOC(=O)OC3(CCC4C2CCC1=CC(=O)C=CC1(C)C2C(O)CC34C)C(=O)OCCl,1,0.9208756685256958,0.9504652619361876,0.9375295042991638,0.5844155844155844,0.050803664869136005,0.06450705038033924,0.08243024801151651,High (>=0.5),0
2,CN(C)CC\C=C/1c2ccccc2Sc3ccc(Cl)cc13,1,0.9239402413368224,0.9748821258544922,0.9618090391159058,0.5769230769230769,0.025438711852363176,0.03893935205848468,0.07910788330979615,High (>=0.5),0
2,CN(C)Cc1ccnc(c2cccc(NC3C([N+]([O-])=O)=CC=N3)c2)c1,1,0.7246690392494202,0.8526991009712219,0.7583999037742615,0.3972602739726027,0.1593485475665502,0.27654445492126256,0.3220402259412131,Medium (0.3-0.5),0
2,CN(C)[C@H]1[C@@H]2C[C@H]3C(=C(O)c4c(O)cccc4[C@@]3(C)O)C(=O)[C@]2(O)C(=O)\C(=C(/O)NCN(C)CCN(C)CNC(/O)=C/5C(=O)[C@H]([C@@H]6C[C@H]7C(=C(O)c8c(O)cccc8[C@@]7(C)O)C(=O)[C@]6(O)C5=O)N(C)C)C1=O,0,0.1692472100257873,0.1494392454624176,0.2670080959796905,0.7368421052631579,0.16185943579087816,0.31062062214923847,0.18542301337303946,High (>=0.5),0
2,CN(C)[C@H]1[C@@H]2[C@@H](O)[C@@H]3C(=C)c4cccc(O)c4C(=C3C(=O)[C@]2(O)C(=O)\C(=C(N)/O)C1=O)O,0,0.0448549389839172,0.035679206252098,0.12422676384449,0.75,0.03633126613103574,0.1326480843926887,0.045892053684570465,High (>=0.5),0
2,CN1C(=C(\O)Nc2ccccn2)/C(=O)c3sccc3[S]1(=O)=O,0,0.1919846534729004,0.2170840948820114,0.2054256647825241,0.7,0.244729989630244,0.229948735119643,0.2131742274148023,High (>=0.5),0
2,CN1CCC(=CC1)c2ccccc2,1,0.9643478989601136,0.9634870886802672,0.9653745889663696,0.3611111111111111,0.03719619165313601,0.03523907786892858,0.03630315843963609,Medium (0.3-0.5),0
2,CNCC[C@@H](O)[C@@H]1C[C@@H](CN1)SC2=C(N3[C@H]([C@H]2C)[C@@H]([C@@H](C)O)C3=O)C(O)=O,0,0.019488900899887,0.0059471493586897,0.0281392391771078,0.6615384615384615,0.005964904079753326,0.028542734965194976,0.019681313572871728,High (>=0.5),0
2,CN[C@H]1[C@H](O)[C@@H](O)[C@H](CO)O[C@H]1O[C@H]2[C@@H](O[C@@H](C)[C@]2(O)C=O)O[C@H]3[C@H](O)[C@@H](O)[C@H](N=C(N)N)[C@@H](O)[C@@H]3N=C(N)N,0,0.0129448035731911,0.1030951589345932,0.0609515458345413,0.3176470588235294,0.10880550831961136,0.06288819922505767,0.013029317680894893,Medium (0.3-0.5),0
2,CN[C@H]1[C@H](O)[C@@H](O)[C@H](CO)O[C@H]1O[C@H]2[C@@H](O[C@@H](C)[C@]2(O)CO)O[C@@H]3[C@@H](O)[C@H](O)[C@@H](N=C(N)N)[C@H](O)[C@H]3N=C(N)N,0,0.011003503575921,0.1043684035539627,0.0679643079638481,0.3333333333333333,0.11022611523934304,0.07038416885369707,0.011064489909603651,Medium (0.3-0.5),0
2,CO/N=C(C(=O)N[C@H]1[C@H]2SCC(=C(N2C1=O)C(O)=O)CSc3snnc3)/c4csc(N)n4,0,0.1697830259799957,0.1575575768947601,0.1954642236232757,0.7294117647058823,0.17144995961884574,0.2174898432131494,0.18606819787237264,High (>=0.5),0
2,CO/N=C(C(=O)N[C@H]1[C@H]2SCC(=C(N2C1=O)C(O)=O)Cn3nnc(C)n3)/c4csc(N)n4,0,0.1820651739835739,0.2075258046388626,0.261286586523056,0.72,0.23259533481932587,0.30284523639253363,0.20097262035014032,High (>=0.5),0
2,COC(=O)[C@H]1[C@H](CC2CCC1N2C)OC(=O)c3ccccc3,1,0.5026258230209351,0.6841121912002563,0.7032989263534546,0.4,0.37963335258716363,0.3519732622533556,0.6879092763207572,Medium (0.3-0.5),0
2,CO\N=C(C(=O)NC1[C@H]2SCC(=C(N2C1=O)C(O)=O)\C=C/c3scnc3C)\c4csc(N)n4,0,0.2184595614671707,0.2335957437753677,0.36937016248703,0.72,0.2660454988118984,0.46103621692177077,0.24648838569562276,High (>=0.5),0
2,COc1ccc2[C@H]3CC[C@@]4(C)[C@@H](CC[C@@]4(O)C#C)[C@@H]3CCc2c1,0,0.934008538722992,0.8794838786125183,0.9154667854309082,0.4918032786885246,2.115971747552189,2.4706107500279284,2.7182299199161144,Medium (0.3-0.5),3
2,COc1ccc2nccc([C@H](O)[C@H]3C[C@@H]4CCN3C[C@@H]4C=C)c2c1,1,0.4904973208904266,0.3941408693790436,0.5827152132987976,1.0,0.9310468970901106,0.540056696886988,0.7123354619887277,High (>=0.5),2
2,COc1cccc2C(=O)c3c(O)c4C[C@](O)(C[C@H](O[C@H]5C[C@H](N)[C@H](O)[C@H](C)O5)c4c(O)c3C(=O)c12)C(=O)CO,0,0.0832483917474746,0.0359218083322048,0.0535557568073272,0.8356164383561644,0.03658287597238237,0.05504321847503528,0.08691871773442157,High (>=0.5),0
2,COc1cccc2C(=O)c3c(O)c4C[C@](O)(C[C@H](O[C@H]5C[C@H](N)[C@H](O)[C@H](C)O5)c4c(O)c3C(=O)c12)C(C)=O,0,0.0854654610157013,0.0393822528421878,0.0674720183014869,0.8472222222222222,0.04017871484627646,0.06985612073098085,0.08934004370225204,High (>=0.5),0
2,COc1cccc2C(=O)c3c(O)c4C[C@](O)(C[C@H](O[C@H]5C[C@H](NC(=O)[C@@H](N)CC(C)C)[C@H](O)[C@H](C)O5)c4c(O)c3C(=O)c12)C(=O)CO,0,0.0887010395526886,0.0672118589282035,0.0934611111879348,0.6703296703296703,0.06957717672594656,0.0981213497492557,0.0928842682166756,High (>=0.5),0
2,COc2cc1oc(=O)c(C)c(C)c1cc2OCCCN3CCN(CC3)c4ccccc4OC,1,0.8878159523010254,0.8639883399009705,0.8876984119415283,0.4848484848484848,0.1461960057541342,0.11912321986797623,0.11899081839374888,Medium (0.3-0.5),0
2,CSC(=O)C3(O)C(C)CC4C2CCC1=CC(=O)C=CC1(C)C2(F)C(O)CC34C,1,0.9278534650802612,0.9688855409622192,0.988736093044281,0.5657894736842105,0.03160879485020329,0.01132782518828545,0.07488146267242612,High (>=0.5),0
2,C[C@@H](O)[C@@H]1[C@H]2SC(=C(N2C1=O)C(O)=O)SC3CC[S](=O)C3,0,0.0699458271265029,0.0132189020514488,0.0314903482794761,0.3636363636363636,0.013307049406469823,0.03199683054661825,0.07251244412971439,Medium (0.3-0.5),0
2,C[C@@H]1O[C@H](C[C@H](N)[C@@H]1O)O[C@H]2C[C@@](O)(Cc3c(O)c4C(=O)c5ccccc5C(=O)c4c(O)c23)C(C)=O,0,0.1721691042184829,0.0788158774375915,0.0947096347808837,0.8656716417910447,0.08209534678725883,0.0994995411961514,0.18894637760302863,High (>=0.5),0
2,C[C@H]1C[C@H]2[C@@H]3CC[C@](O)(C(=O)CO)[C@@]3(C)C[C@H](O)[C@@H]2[C@@]4(C)C=CC(=O)C=C14,0,0.8131481409072876,0.6768767237663269,0.8742496371269226,0.5970149253731343,1.129721368407025,2.0734565843358563,1.6774391734468774,High (>=0.5),3
2,C[C@]12CC[C@H]3[C@@H](CCc4cc(O)ccc34)[C@@H]1CC[C@@H]2O,0,0.3182927072048187,0.5410000085830688,0.3565185666084289,0.625,0.7787050876210885,0.44086210490054933,0.38315490271670893,High (>=0.5),1
2,C[C@]12CC[C@H]3[C@@H](CCc4cc(O)ccc34)[C@@H]1CC[C@@]2(O)C#C,0,0.7633048892021179,0.6836255192756653,0.3703720867633819,0.5769230769230769,1.1508287014478373,0.46262624798778823,1.4409824183667765,High (>=0.5),2
2,C[C@]12C[C@H](O)[C@H]3[C@@H](CCC4=CC(=O)C=C[C@]34C)[C@@H]1CC[C@]2(O)C(=O)CO,0,0.3312236368656158,0.4812240302562713,0.1818509995937347,0.746031746031746,0.6562831465337116,0.20071080688116805,0.4023055600395685,High (>=0.5),0
2,Cc1ccc(cc1)C2(O)CCN(CCCC(=O)c3ccc(F)cc3)CC2,1,0.9472596049308776,0.8806177377700806,0.8878111839294434,0.58,0.12713164304018088,0.11899618930916772,0.0541820893292101,High (>=0.5),0
2,Cc1ccc(cc1)[S](=O)(=O)NC(=O)NN2CCCCCC2,0,0.8134194016456604,0.7148975133895874,0.7791935205459595,0.5,1.254906561213042,1.5104686196563188,1.678891970495843,Medium (0.3-0.5),3
2,Cc1onc(N[S](=O)(=O)c2ccc(N)cc2)c1,1,0.5764502882957458,0.463748425245285,0.3836848735809326,0.5853658536585366,0.7684130607637563,0.9579337050214795,0.5508661731805727,High (>=0.5),2
2,Cc1sc(SCC2=C(N3[C@H](SC2)[C@H](NC(=O)CN4C=C(Cl)C(=O)C(=C4)Cl)C3=O)C(O)=O)nn1,0,0.1210453063249588,0.0954118818044662,0.0447888560593128,0.6363636363636364,0.10027555689583394,0.04582286980728171,0.12902192565715528,High (>=0.5),0
2,Cn1c2CCC(Cn3ccnc3C)C(=O)c2c4ccccc14,1,0.8096340894699097,0.8733646273612976,0.8586353659629822,0.2542372881355932,0.13540213868063802,0.15241093377328008,0.21117287477670932,Low (<0.3),0
2,FC1=CNC(=O)NC1=O,0,0.6116008162498474,0.6842181086540222,0.9003592133522034,0.2340425531914893,1.1527035209643848,2.306183693719717,0.9457216441373285,Low (<0.3),3
2,Fc1ccc(cc1)C(CCCN2CCC(CC2)N3C(=O)Nc4cc(Cl)ccc34)c5ccc(F)cc5,1,0.9139816761016846,0.9183712005615234,0.9252945780754088,0.6363636363636364,0.08515361218211855,0.07764312938399513,0.08994475575774295,High (>=0.5),0
2,Fc1ccc(cc1)C(CCCN2CCC(CC2)N3C(=O)Nc4ccccc34)c5ccc(F)cc5,1,0.9122899174690248,0.9131507277488708,0.9305673837661744,0.5862068965517241,0.09085432137909605,0.07196078879296836,0.09179744746309967,High (>=0.5),0
2,IC1=C(N([H])[H])C=CC(C2=NC3=CC=C(O[H])C=C3S2)=C1,1,0.4781723022460937,0.6708317995071411,0.4808229207992553,0.2777777777777778,0.3992368448091244,0.7322562246859935,0.7377841464925763,Low (<0.3),2
2,O.O.Nc1scc(n1)\C(=C\CC(O)=O)C(=O)N[C@H]2[C@H]3SCC=C(N3C2=O)C(O)=O,0,0.094903290271759,0.1643919795751571,0.1970382630825042,0.6428571428571429,0.17959565094363317,0.21944821633569198,0.09971347941333583,High (>=0.5),0
2,O=C2CC1(CCCC1)CC(=O)N2CCNCC4COc3ccccc3O4,1,0.950307846069336,0.9300975799560548,0.9486073851585388,0.5094339622641509,0.07246577365511517,0.05276028024475835,0.05096929838588609,High (>=0.5),0
2,OC(COc1ccc2OC(=CC(=O)c2c1)C(O)=O)COc3cccc4OC(=CC(=O)c34)C(O)=O,0,0.4212983846664428,0.2933978736400604,0.2621072232723236,0.4705882352941176,0.3472875347778109,0.30395675392402016,0.5469682790919885,Medium (0.3-0.5),0
2,OC(Cn1cncn1)(Cn2cncn2)c3ccc(F)cc3F,1,0.8202037215232849,0.3892583549022674,0.6540813446044922,0.2321428571428571,0.9435120043949312,0.4245235551303123,0.1982025286981089,Low (<0.3),1
2,OC1(CCN(CCCC(=O)c2ccc(F)cc2)CC1)c3ccc(Br)cc3,1,0.9449192881584167,0.8888299465179443,0.8961188793182373,0.5535714285714286,0.11784934802231242,0.10968219699759613,0.05665576449215381,High (>=0.5),0
2,OC1(CCN(CCCC(=O)c2ccc(F)cc2)CC1)c3ccc(Cl)cc3,1,0.9487467408180236,0.8871721029281616,0.8859701156616211,0.6346153846153846,0.11971628738967299,0.12107205844746487,0.05261338551611763,High (>=0.5),0
2,OC1(CCN(CCCC(=O)c2ccc(F)cc2)CC1)c3cccc(c3)C(F)(F)F,1,0.9519394040107728,0.9430178999900818,0.8903486132621765,0.5,0.05867001456692402,0.1161421926559047,0.049253897465786685,Medium (0.3-0.5),0
2,OC1OC(COCCOC(O)C(Cl)(Cl)Cl)C(OC2OC(COCCOCCOC(O)C(Cl)(Cl)Cl)CC(OC(O)C(Cl)(Cl)Cl)C2O)C(OCCOCCOC(O)C(Cl)(Cl)Cl)C1O,1,0.6590245366096497,0.8338167667388916,0.7728381752967834,0.240506329113924,0.18174160491189276,0.2576855986279412,0.41699451207769656,Low (<0.3),0
2,OC[C@H]1O[C@@H](OC2=C(Oc3cc(O)cc(O)c3C2=O)c4ccc(O)c(O)c4)[C@H](O)[C@@H](O)[C@@H]1O,0,0.0318173579871654,0.0828679054975509,0.0603661313652992,0.2571428571428571,0.08650376638847569,0.06226498104592721,0.032334529738023324,Low (<0.3),0
2,Oc1ccc(cc1)C2(OC(=O)c3ccccc23)c4ccc(O)cc4,0,0.6169661283493042,0.8256338834762573,0.7781411409378052,0.2777777777777778,1.7465980723709393,1.5057138692874121,0.9596318559816004,Low (<0.3),3
2,S1[C@H]4N(CC1(C2CN3[C@H](S2)CC3=O)O)C(C4)=O,1,0.5597071647644043,0.8581144213676453,0.0739602893590927,0.2222222222222222,0.15301783014824522,2.6042269600980608,0.5803415520868844,Low (<0.3),1
2,[C@@H](CN2CCN(C1=CC=CC=CC1=O)CC2)(C3=CC(=C(OC)C=C3)OC)O,1,0.7735369801521301,0.7670944929122925,0.7820513248443604,0.4666666666666667,0.2651452871427834,0.24583490779726383,0.25678180125321937,Medium (0.3-0.5),0
2,[C@@H]1(NCCCC1)[C@@H]2OC(OC2)(C3=CC=CC=C3)C4=CC=CC=C4,1,0.8668824434280396,0.7544260621070862,0.8822557926177979,0.6666666666666666,0.2817980014580705,0.1252732507154722,0.1428519014431541,High (>=0.5),0
2,[C@@H]2(OC1=C(C=CC=C1)CO)O[C@@H]([C@@H](O)[C@@H]([C@H]2O)O)CO,1,0.0555521771311759,0.1605546623468399,0.1921921223402023,0.3333333333333333,1.8291208190249741,1.6492597700694729,2.890432571384101,Medium (0.3-0.5),3
2,[C@@H]3(C1=CC=C(Cl)C=C1)[C@H]2CC[C@@H](C2)C34CCC(=N4)N5CCOCC5,1,0.9217444062232972,0.9319280982017516,0.951788067817688,0.2580645161290322,0.07049961512479234,0.049412886812363964,0.08148731053474095,Low (<0.3),0
2,[C@@H]3(CN(CCC=C(C1=C(C=CS1)C)C2=C(C=CS2)C)CCC3)C(O)=O,1,0.7179549932479858,0.7672033905982971,0.861112654209137,0.2753623188405797,0.26500333597755293,0.14952994198776515,0.33134839539723243,Low (<0.3),0
2,[C@@H]34C1=CC=CC2=C1C(=C[NH]2)C[C@H]3N(C[C@@H](C4)C(N(C(NCC)=O)CCCN(C)C)=O)CC=C,1,0.6098520159721375,0.8904632329940796,0.9089507460594176,0.369047619047619,0.11601346515187072,0.09546437102582092,0.49453894801312365,Medium (0.3-0.5),0
2,[C@@H]34C1=CC=CC2=C1C(=C[NH]2)C[C@H]3N(C[C@H](C4)NC(N(CC)CC)=O)C,1,0.3215020298957824,0.835185170173645,0.8120413422584534,0.5507246376811594,0.18010181802954806,0.2082040260051427,1.134751421496145,High (>=0.5),1
2,[C@@H]34C1=CC=CC2=C1C(=C[NH]2)C[C@H]3N(C[C@H](C4)N[S](N(CC)CC)(=O)=O)C,1,0.4611672461032867,0.7633882761001587,0.635420560836792,0.546875,0.2699884962684232,0.45346819878327105,0.7739945119658986,High (>=0.5),1
2,[C@@H]34C1=CC=CC2=C1C(=C[N]2C)C[C@H]3N(C[C@H](C4)N[S](N(C)C)(=O)=O)C,1,0.4325544536113739,0.8000662326812744,0.6633301973342896,0.4583333333333333,0.22306076388959015,0.4104823775796334,0.83804705623173,Medium (0.3-0.5),1
2,[C@@H]4(C1=C2C(=CC(=C1)Br)CCO2)C3=C(C=C(Cl)C(=C3)O)CCN(C4)C,1,0.8052033185958862,0.9058700799942015,0.8971405029296875,0.328125,0.09885938278675732,0.10854279270160881,0.2166604637695961,Medium (0.3-0.5),0
2,[C@@H]4(C1=CC=CC2=C1OCC2)C3=CC(=C(Cl)C=C3CCN(C4)C)O.CC(=O)O,1,0.71256023645401,0.8460322022438049,0.8983595967292786,0.3692307692307692,0.1671978559823612,0.10718484904328453,0.33889082802124504,Medium (0.3-0.5),0
2,[C@@]23(Cl)C(C1C([C@](O)(CC1)C(=O)CO)(CC2Cl)C)CCC4=CC(=O)C=CC34C,1,0.9248434901237488,0.976249933242798,0.9747843146324158,0.5223880597014925,0.024036646209500558,0.025539048217730422,0.07813075565184162,High (>=0.5),0
2,[C@@]23(Cl)C(C1C([C@](O)(CC1)C(=O)COC(=O)C)(CC2Cl)C)CCC4=CC(=O)C=CC34C,1,0.932561993598938,0.976973593235016,0.977709412574768,0.527027027027027,0.0232956557232407,0.022542777254126536,0.06981964860268776,High (>=0.5),0
2,[C@@]23(Cl)C(C1C([C@](O)([C@@H](C1)C)C(=O)CO)(CC2Cl)C)CCC4=CC(=O)C=CC34C,1,0.8806638717651367,0.9712432026863098,0.9715264439582824,0.5652173913043478,0.029178375845943554,0.02888679081478091,0.12707925619322016,High (>=0.5),0
2,[C@@]23(F)C(C1C([C@](O)(C(C1)C)C(=O)CCl)(CC2O)C)CCC4=CC(=O)C=CC34C,1,0.9343942999839784,0.9683713912963868,0.9805440306663512,0.7580645161290323,0.032139596592959015,0.01964772801401475,0.06785676711515996,High (>=0.5),0
2,[C@@]24(Cl)C1(C(=CC(=O)C=C1)[C@@H](F)CC2C3C(C([C@@H](C3)C)C(=O)CO)(CC4O)C)C,1,0.930621862411499,0.9728314876556396,0.9761729836463928,0.4868421052631579,0.027544400227005286,0.024115470931111167,0.07190224703484029,Medium (0.3-0.5),0
2,[C@@]24(Cl)C1(C(=CC(=O)C=C1)[C@@H](F)CC2C3C(C([C@@H](C3)C)C(=O)COC(=O)C(C)(C)C)(CC4O)C)C,1,0.9443627595901488,0.9743536114692688,0.9647377729415894,0.5512820512820513,0.025980990436789846,0.03589895245494326,0.05724490742613578,High (>=0.5),0
2,[C@@]24(F)C1(C(=CC(=O)C=C1)[C@@H](F)CC2C3C(C([C@@H](C3)C)C(=O)CO)(CC4O)C)C,1,0.9298279881477356,0.9722256660461426,0.9858319759368896,0.5555555555555556,0.028167334754080457,0.014269348701216164,0.07275566892278665,High (>=0.5),0
2,[C@@]34(F)C(C2C(C1(N=C(OC1C2)C)C(=O)COC(=O)C)(CC3O)C)CCC5=CC(=O)C=CC45C,1,0.948725163936615,0.9815043807029724,0.9888530969619752,0.6538461538461539,0.018668802002048904,0.011209495336542726,0.052636128283855534,High (>=0.5),0
2,[C@@]4(OC(=O)CCCC)(C3(C(C2C(C1(C(=CC(=O)C=C1)C(F)C2)C)C(O)C3)CC4)C)C(=O)CO,1,0.8910526037216187,0.9460675716400146,0.8913263082504272,0.55,0.05544128368623219,0.11504469156344108,0.11535181428479013,High (>=0.5),0
2,[C@@]4(OC(=O)CCCC)(C3(C(C2C(C1(C(=CC(=O)CC1)CC2)C)C(O)C3)CC4)C)C(=O)CO,1,0.9002060890197754,0.9388371706008912,0.8885460495948792,0.9193548387096774,0.0631132220514455,0.11816880426128541,0.10513155407178042,High (>=0.5),0
2,[C@@]4([C@@]3([C@H]([C@H]2[C@@H]([C@@]1(C(=CC(=O)C=C1)CC2)C)[C@H](C3)O)CC4)C)(C(COC(CC)=O)=O)OC(OCC)=O,1,0.8911151885986328,0.8316389918327332,0.911774516105652,0.6282051282051282,0.1843568363717249,0.0923625605891519,0.1152815797341383,High (>=0.5),0
2,[C@@]4([C@@]3([C@H]([C@H]2[C@@H]([C@@]1(C(=CC(=O)C=C1)C[C@H]2Cl)C)[C@H](C3)O)C[C@H]4C)C)(C(COC(CC)=O)=O)OC(CC)=O,1,0.891613781452179,0.8942429423332214,0.922723114490509,0.4021739130434782,0.11177779314899733,0.0804260737842161,0.11472222059999912,Medium (0.3-0.5),0
2,[C@@]4([C@@]3([C@H]([C@H]2[C@@H]([C@@]1(C(=CC(=O)C=C1)[C@H](C2)C)C)[C@H](C3)O)CC4)C)(C(COC(C)=O)=O)OC(CC)=O,1,0.8607492446899414,0.7680158019065857,0.8969330191612244,0.6455696202531646,0.2639449706469354,0.10877409177250345,0.1499520542661353,High (>=0.5),0
2,[C@@]45([C@@]3([C@H]([C@H]2[C@]([C@@]1(C(=CC(=O)C=C1)CC2)C)(F)[C@H](C3)O)C[C@H]4OC(O5)(C)C)C)C(COC(C(CNC(C6=CC=CC=C6)=O)C)=O)=O,1,0.8775526285171509,0.8984634280204773,0.9650578498840332,0.6741573033707865,0.10706927695868397,0.035567231373608996,0.130618349922455,High (>=0.5),0
2,[C@@]45([C@@]3([C@H]([C@H]2[C@]([C@@]1(C(=CC(=O)C=C1)CC2)C)(F)[C@H](C3)O)C[C@H]4OC6(O5)CCCC6)C)C(COC(C)=O)=O,1,0.9513078331947328,0.939674437046051,0.98134446144104,0.7215189873417721,0.06222180727690387,0.01883174808210623,0.04991757460333982,High (>=0.5),0
2,[C@H](C1=CC=CC=C1)([C@@H]2CNCCO2)OC3=CC=CC=C3OCC,1,0.6737244129180908,0.6469056606292725,0.8326581716537476,0.5714285714285714,0.43555480557741877,0.18313207919401106,0.3949341345960853,High (>=0.5),0
2,[C@H](NC(C3=CC=C(NCC1=NC2=C(N=C1)NC(=NC2=O)N)C=C3)=O)(CCC(O)=O)C(O)=O,1,0.2677001059055328,0.4340740740299225,0.5199463963508606,0.2837837837837837,0.8345400819571769,0.6540295566608313,1.3178879328431599,Low (<0.3),2
2,[C@H](O)(/C=C/C1=C(C3=C(OC12CCCC2)C=CC=C3)C4=CC=C(F)C=C4)C[C@H](O)CC(OCC)=O,1,0.8104576468467712,0.8878524303436279,0.8782646059989929,0.3295454545454545,0.11894973184519712,0.1298073571757514,0.21015619475873415,Medium (0.3-0.5),0
2,[C@H]12C([C@@](O)(CC1)C#C)(CC[C@H]3C2CCC4=CC5=C(CC34C)C=N[N]5C6=CC=C(F)C=C6)C,1,0.9594969153404236,0.9582294821739196,0.9467431306838988,0.3866666666666666,0.04266798671807579,0.0547274679076763,0.04134617840101591,Medium (0.3-0.5),0
2,[C@H]12[C@@]([C@](C(CC)=O)(C)[C@@H](C1)C)(C[C@H](O)[C@H]3[C@H]2CCC4=CC(=O)C=C[C@]34C)C,1,0.8041290044784546,0.8456020355224609,0.4773814678192138,0.5909090909090909,0.16770643723593534,0.7394393848103267,0.21799556934301847,High (>=0.5),1
2,[C@H]23C([C@@]1(OC(O[C@@H]1C2)(C)C)C(=O)COC(=O)C)(CC(O)[C@@]4(F)C3CC(=C5C4(CCC(=C5)OCCCl)C)C#N)C,1,0.9671105742454528,0.9683743715286256,0.9800575971603394,0.8048780487804879,0.03213651902614981,0.020143936431970596,0.03344244234582492,High (>=0.5),0
2,[C@H]24[C@H]1[C@@]([C@@H](C(C(OCCCC)=O)=O)[C@@H](C1)C)(C[C@@H]([C@@H]2[C@@]3(C(=CC(=O)C=C3)[C@H](C4)F)C)O)C,1,0.8883569240570068,0.8758982419967651,0.9062666296958924,0.4651162790697674,0.13250535689723475,0.09842172297235124,0.11838167524117668,Medium (0.3-0.5),0
2,[C@H]24[C@H]1[C@@]([C@@H](C(CO)=O)[C@@H](C1)C)(C[C@@H]([C@@H]2[C@@]3(C(=CC(=O)C=C3)[C@H](C4)F)C)O)C,1,0.8717546463012695,0.890912652015686,0.9404017925262452,0.5555555555555556,0.11550888996936902,0.06144805618634507,0.13724726358538136,High (>=0.5),0
2,[C@H]24[C@H]1[C@@]([C@](C(CO)=O)(O)CC1)(C[C@@H]([C@@H]2[C@@]3(C(=CC(=O)C=C3)[C@H](C4)C)C)O)C,1,0.821835994720459,0.6960086822509766,0.8644189834594727,0.5970149253731343,0.36239314422699376,0.1456976931612713,0.1962144236374757,High (>=0.5),0
2,[C@H]24[C@H]1[C@@]([C@](C(CO)=O)(O)CC1)(C[C@@H]([C@@H]2[C@@]3(C(=CC(=O)C=C3)[C@H](C4)F)C)O)C,1,0.884064257144928,0.8135846853256226,0.917646050453186,0.6285714285714286,0.20630525777103656,0.08594352866644625,0.1232255299082438,High (>=0.5),0
2,[C@H]24[C@H]1[C@@]([C@](C(COC(C)=O)=O)(O)CC1)(C[C@@H]([C@@H]2[C@@]3(C(=CC(=O)C=C3)[C@H](C4)C)C)O)C,1,0.8532980680465698,0.759281575679779,0.8964179158210754,0.589041095890411,0.2753825879331801,0.10934855084157516,0.15864635753852824,High (>=0.5),0
2,[C@H]24[C@H]1[C@@]([C@](C(COC(CCC(O)=O)=O)=O)(O)CC1)(C[C@@H]([C@@H]2[C@@]3(C(=CC(=O)C=C3)[C@H](C4)C)C)O)C,1,0.759840726852417,0.7183306813240051,0.8227036595344543,0.5897435897435898,0.33082525701154986,0.19515921661676355,0.2746464375956371,High (>=0.5),0
2,[C@H]24[C@H]1[C@@]([C@](O)([C@@H](C1)C)C(=O)CO)(C[C@H](O)[C@@H]2[C@@]3(C(=CC(=O)C=C3)C[C@H]4Cl)C)C,1,0.8484511971473694,0.8273647427558899,0.8821606040000916,0.5070422535211268,0.18950963795376705,0.12538114884879392,0.164342712582661,High (>=0.5),0
2,[C@H]34[C@H]2[C@@H]([C@@]1(C(=CC(=O)C=C1)CC2)C)[C@@H](O)C[C@@]3([C@](C(COC(COC(CCCCCCCCCCCCCCCCC)=O)=O)=O)(O)CC4)C,1,0.9589390754699708,0.9479106068611144,0.8927149772644043,0.6025641025641025,0.05349507773332129,0.1134879234485903,0.04192773534515905,High (>=0.5),0
2,[C@H]5(CN(C(C3=C2C1=CC(=CC=C1CCN2C(=O)C(=C3)C4=CC=CC=C4)Cl)=O)CC5)OCC,1,0.8344032764434814,0.8638142347335815,0.8264236450195312,0.2962962962962963,0.1463975393905973,0.19064774951011684,0.1810384485972898,Low (<0.3),0
2,[C@]12(C(=CC(C=C1)=O)[C@H](C[C@H]3[C@H]4[C@](C[C@@H]([C@H]23)O)([C@](C(=O)CO)(O)[C@@H](C4)C)C)F)C,1,0.2547906041145324,0.5548144578933716,0.3750161826610565,0.6521739130434783,0.5891215312318155,0.9807861001800057,1.3673132314957104,High (>=0.5),2
2,[C@]14([C@@](C(=O)COC(CCC(=O)[O-])=O)(CC[C@H]1[C@@H]3CCC2=CC(C=C[C@@]2([C@H]3[C@H](C4)O)C)=O)O)C.[Na+],1,0.899196982383728,0.8013057708740234,0.8547555208206177,0.6266666666666667,0.22151266833458674,0.15693979149485474,0.10625315573832361,High (>=0.5),0
2,[C@]14([C@](OC(=O)CC)([C@@H](CC1C3[C@@](F)(C2(C(=CC(=O)C=C2)[C@@H](F)C3)C)[C@@H](O)C4)C)C(SC)=O)C,1,0.8188220858573914,0.9509905576705932,0.9752269983291626,0.8405797101449275,0.05025114532873714,0.025085016283239486,0.19988845211301567,High (>=0.5),0
2,[C@]34([C@H](C2[C@@](F)([C@@]1(C(=CC(=O)C=C1)[C@@H](F)C2)C)[C@@H](O)C3)C[C@H]5OC(O[C@@]45C(=O)COC(=O)C6CC6)(C)C)C,1,0.9529218077659608,0.953561007976532,0.965579390525818,0.8732394366197183,0.04755187279339628,0.03502695312396686,0.04822242720830533,High (>=0.5),0
2,[C@]34([C@H]([C@H]2[C@@H]([C@@]1(C(=CC(=O)C=C1)CC2)C)[C@H](C3)O)CC[C@@]4(C(COC(C)=O)=O)O)C,1,0.9074246287345886,0.7769870162010193,0.8156181573867798,0.7076923076923077,0.25233163892010435,0.20380897791711483,0.09714477002827421,High (>=0.5),0
2,[C@]34([C@H]([C@H]2[C@@H]([C@@]1(C(=CC(=O)C=C1)CC2)C)[C@H](C3)O)CC[C@@]4(C(COC(CC(C)(C)C)=O)=O)O)C,1,0.9281235337257384,0.8269916772842407,0.8094785809516907,0.6438356164383562,0.18996064775244623,0.21136496581711442,0.07459043681644076,High (>=0.5),0
2,[C@]34([C@H]([C@H]2[C@@H]([C@@]1(C(=CC(=O)C=C1)[C@H](C2)F)C)[C@H](C3)O)C[C@H]([C@@]4(C(COC(C)=O)=O)O)C)C,1,0.8975547552108765,0.734553337097168,0.8371322154998779,0.684931506849315,0.30849266912630585,0.17777325740740252,0.10808115188914573,High (>=0.5),0
2,[Ca++].NC1=NC(=O)C2=C(NCC(CNc3ccc(cc3)C(=O)N[C@@H](CCC([O-])=O)C([O-])=O)N2C=O)N1,1,0.3849670588970184,0.6453819870948792,0.7789063453674316,0.2183908045977011,0.4379129094301149,0.24986446451420663,0.954597509661376,Low (<0.3),1
2,[Cl-].CC(=O)[C@@]1(N)C[C@H](O[C@H]2C[C@H](O)[C@H](O)CO2)c3c(O)c4C(=O)c5ccccc5C(=O)c4c(O)c3C1.[H+],0,0.2785601615905761,0.1081475540995597,0.1971601098775863,0.5,0.11445457947954986,0.21959997455198008,0.3265062882927771,Medium (0.3-0.5),0
2,[Cl-].NC12CC3CC(CC(C3)C1)C2.[H+],1,0.9884243011474608,0.9678332805633544,0.877316951751709,0.2156862745098039,0.032695437361972446,0.13088694739489246,0.011643218820810864,Low (<0.3),0
2,[H+].C1=CC=CC2=C1N(C3=C(CC2)C=CC=C3)CCCN(CC(=O)C4=CC=C(Cl)C=C4)C.[Cl-],1,0.919545590877533,0.9157760739326476,0.9204069972038268,0.5660377358490566,0.08798340496563078,0.08293931849886048,0.08387565391837987,High (>=0.5),0
2,[H+].C4=C(N3CCN(CCCN1N=C(N(C1=O)CCOC2=CC=CC=C2)CC)CC3)C=CC=C4Cl.[Cl-],1,0.9028045535087584,0.8654338717460632,0.889846920967102,0.7258064516129032,0.1445243119687843,0.11670582996282945,0.10224919028900557,High (>=0.5),0
2,[H+].[H+].[Cl-].[Cl-].OCCN1CCCN(CCCN2c3ccccc3Sc4cc(ccc24)C(F)(F)F)CC1,1,0.9243243932724,0.9469760060310364,0.9356030821800232,0.8076923076923077,0.0544815229374888,0.06656394994232863,0.07869219398272037,High (>=0.5),0
2,[N]12C(=CC=C1)C4N(C3=C(C2)C=CC=C3)CCN(C4)C.O=C(O)\C=C/C(=O)O,1,0.6887949705123901,0.840916097164154,0.9044007062911988,0.4716981132075472,0.17326338954596787,0.10048275762860638,0.3728116277065546,Medium (0.3-0.5),0
2,[O+]1=N[N](C=C1[N-]C(NC2=CC=CC=C2)=O)C(CC3=CC=CC=C3)C,1,0.7441883087158203,0.7947571873664856,0.8784105181694031,0.3265306122448979,0.2297186356756715,0.1296412340619915,0.2954611730615726,Medium (0.3-0.5),0
2,c1(cc(c(cc1)Cl)Cl)CC(N1CCCC[C@H]1CN1CCCC1)=O,1,0.9192798733711244,0.9199466705322266,0.8168483972549438,0.72,0.08343957743198889,0.2023017616160387,0.08416466178065315,High (>=0.5),0
2,c1(ccc(cc1)C(F)(F)F)CC(N1[C@@H](CCCC1)CN1CCCC1)=O,1,0.924541711807251,0.9599236845970154,0.8213339447975159,0.559322033898305,0.04090149289160923,0.1968254985196185,0.07845711093884314,High (>=0.5),0
2,c12c(nc([nH]1)NC(OC)=O)cc(SCCC)cc2,1,0.7911367416381836,0.7549422979354858,0.8381040692329407,0.2207792207792207,0.28111395922928734,0.17661299858189172,0.23428445429898992,Low (<0.3),0
2,c1c2CCOc2c(cc1OC)CN[C@@H]1CCCN[C@H]1c1ccccc1,1,0.650951623916626,0.7195008993148804,0.7584869861602783,0.2714285714285714,0.3291975027390532,0.276429637677221,0.4293199499546532,Low (<0.3),0
2,c1ccc2Oc3c(cc(cc3)Cl)[C@@H]3[C@@H](c2c1)CNCC3,1,0.797456681728363,0.8153623938560486,0.9127437472343444,0.8157894736842105,0.20412260953293368,0.09130010893893852,0.2263277633803806,High (>=0.5),0
2,c1ccc2Oc3c(cc(cc3)Cl)[C@@H]3[C@@H](c2c1)C[N@](CC3)C,1,0.8236236572265625,0.9274288415908812,0.939625918865204,0.825,0.07533920810045878,0.06227344157868562,0.194041580070851,High (>=0.5),0
3,BrCC(O)(Br)Br,1,0.5012781620025635,0.8198589086532593,0.7379703521728516,0.1785714285714285,0.19862301614628522,0.30385162839614765,0.6905941183933332,Low (<0.3),0
3,C(=C)OC=C,1,0.8108379244804382,0.8463846445083618,0.7487605214118958,0.1333333333333333,0.16678136016417308,0.28933607768206304,0.20968709134863936,Low (<0.3),0
3,C(Br)(Br)Br,1,0.2679498195648193,0.0002628799411468,0.0848061367869377,0.0952380952380952,8.243813127553917,2.4673873710322085,1.3169555564327369,Low (<0.3),3
3,C(C(C(C)C)(C(N)=O)Br)C,1,0.6407676339149475,0.8734490275382996,0.7764984965324402,0.275,0.13530550538855116,0.252960572605907,0.44508839337540834,Low (<0.3),0
3,C(C(C(CC)C)(COC(N)=O)C)OC(N)=O,1,0.6459906697273254,0.822523832321167,0.7643948197364807,0.375,0.19537782129592637,0.26867084354049897,0.4369702184503935,Medium (0.3-0.5),0
3,C(C(C(CC)C)C(N)=O)C,1,0.7028989791870117,0.8173677921295166,0.5948962569236755,0.3055555555555556,0.20166611145489705,0.5193682467501196,0.35254209708898065,Medium (0.3-0.5),0
3,C(C(C(N)=O)(CC)CC)C=C,1,0.8098756670951843,0.8801096081733704,0.8306217789649963,0.238095238095238,0.12770882452371646,0.18558072736714679,0.21087454051093893,Low (<0.3),0
3,C(C(C(N)=O)(CCC)CCC)CC,1,0.8724778294563293,0.9002520442008972,0.8766628503799438,0.2571428571428571,0.10508050575215123,0.1316327956666829,0.13641803559364218,Low (<0.3),0
3,C(C(C(NC(N)=O)=O)(CC)Br)C,1,0.6110013127326965,0.8167062401771545,0.6825815439224243,0.3421052631578947,0.20247580792571293,0.3818732807853685,0.4926561713141647,Medium (0.3-0.5),0
3,C(C(C(NC(NC(C)=O)=O)=O)(CC)Br)C,1,0.5647081136703491,0.7335191965103149,0.5924064517021179,0.25,0.30990151063001775,0.5235623058609679,0.5714462942989886,Low (<0.3),0
3,C(C(C(OCOC(C(C)(C)C)=O)=O)CCC)CC,1,0.7310394644737244,0.8466699719429016,0.7004664540290833,0.2539682539682539,0.16644430377571573,0.3560088029612172,0.31328783372144325,Low (<0.3),0
3,C(C(C)(C)O)C,1,0.8206955790519714,0.8352250456809998,0.8284909129142761,0.2692307692307692,0.18005407465850803,0.18814941029362248,0.19760303116252567,Low (<0.3),0
3,C(C(C3(C(CC4C2CCC1=CC(C=CC1(C)C2C(CC34C)O)=O)=C)O)=O)O,1,0.6864110231399536,0.9345698952674866,0.7717125415802002,0.6031746031746031,0.06766886058974765,0.259143153764933,0.37627867158425526,High (>=0.5),0
3,C(C(C=C)N)CC(O)=O,1,0.6354304552078247,0.602755606174469,0.6753042936325073,0.2162162162162162,0.506243460969554,0.3925918843103328,0.45345262753076704,Low (<0.3),0
3,C(C(CCC)C(N)=O)CC,1,0.8062870502471924,0.8592628836631775,0.7243290543556213,0.2857142857142857,0.15168036928467662,0.3225094948816464,0.2153154581330308,Low (<0.3),0
3,C(C(CCCC)CC)NC(CC(C)O)=O,1,0.8025988936424255,0.7988887429237366,0.7562623620033264,0.2222222222222222,0.22453358831348533,0.27936692332000806,0.21990019961722126,Low (<0.3),0
3,C(C(COC(C(Cl)(Cl)Cl)O)(COC(C(Cl)(Cl)Cl)O)COC(C(Cl)(Cl)Cl)O)OC(C(Cl)(Cl)Cl)O,1,0.4270541667938232,0.8805089592933655,0.4144190847873688,0.3414634146341463,0.12725517586383836,0.8808775350737444,0.8508444194807541,Medium (0.3-0.5),2
3,C(C(COC(N)=O)(C(CC)C)C)OC(NC(C)C)=O,1,0.6575960516929626,0.7830290794372559,0.6815679669380188,0.3125,0.24458544519147948,0.3833593014346536,0.41916443937473263,Medium (0.3-0.5),0
3,C(C(Cl)(Cl)Cl)OC(OCC(Cl)(Cl)Cl)=O,1,0.4866762161254883,0.9471774697303772,0.7404073476791382,0.2105263157894736,0.0542688013152142,0.3005547744001913,0.7201562309647161,Low (<0.3),1
3,C(C(F)(F)F)F,1,0.5931439995765686,0.9936052560806274,0.8636316657066345,0.16,0.006415277880695152,0.14660891391477807,0.5223180771251846,Low (<0.3),0
3,C(C(N(C(\C=C\C)=O)CC)C(N(C)C)=O)C,1,0.6428734660148621,0.7703415155410767,0.5630013346672058,0.1818181818181818,0.26092133578656784,0.574473280210788,0.4418073610227256,Low (<0.3),0
3,C(C(N(C(\C=C\C)=O)CCC)C(N(C)C)=O)C,1,0.6804447174072266,0.7790334224700928,0.6053037643432617,0.2,0.24970132970557493,0.5020248571326426,0.3850086983871984,Low (<0.3),0
3,C(C(NC(C)=O)C(O)=O)CC(N)=O,1,0.4421173334121704,0.3476266860961914,0.4161577820777893,0.28,1.0566261161091233,0.8766908067899678,0.8161799719242354,Low (<0.3),3
3,C(C(NN)C)CCCCC,1,0.9056192636489868,0.8543655872344971,0.8446996212005615,0.3125,0.15739608870053362,0.16877419269135616,0.09913630006225516,Medium (0.3-0.5),0
3,C(C(OC(C(Cl)(Cl)Cl)O)C)C(C)(C)O,1,0.5359185338020325,0.8143625855445862,0.5101103782653809,0.2978723404255319,0.20534957537015097,0.6731281487095853,0.6237731186381729,Low (<0.3),0
3,C(C([S](CC)(=O)=O)([S](CC)(=O)=O)C)C,1,0.6396188139915466,0.583837628364563,0.8291050791740417,0.2068965517241379,0.538132368434747,0.1874083777491403,0.44688288320863717,Low (<0.3),0
3,C(C)Cl,1,0.9086762070655824,0.931947946548462,0.8970504999160767,0.1764705882352941,0.0704783171991421,0.10864311982792209,0.0957664561103879,Low (<0.3),0
3,C(CCl)(F)(F)F,1,0.5936896800994873,0.991109013557434,0.8497471809387207,0.1481481481481481,0.008930747112358622,0.16281640792983687,0.5213985202054329,Low (<0.3),0
3,C(Cl)(Cl)Cl,1,0.305196613073349,0.9762125611305236,0.1285072863101959,0.0857142857142857,0.02407492823784851,2.0517696734513247,1.186799077033972,Low (<0.3),2
3,C(Cl)Cl,1,0.8119331002235413,0.9412870407104492,0.781306803226471,0.1304347826086956,0.060507147961906,0.24678737244475094,0.20833733110187436,Low (<0.3),0
3,C(N1C(CCC1)=O)C(NNC(CN2C(CCC2)=O)=O)=O,1,0.6938071250915527,0.9352108836174012,0.8019054532051086,0.6333333333333333,0.06698323114883854,0.22076456683673495,0.36556127483713796,High (>=0.5),0
3,C(NC(C(C)(C)C)=O)CCC(O)=O,1,0.6482236981391907,0.7672907710075378,0.7067980766296387,0.25,0.26488944775103307,0.34701025977736866,0.43351942902445834,Low (<0.3),0
3,C(NCC(N)=O)CCCC,1,0.8603683114051819,0.876879870891571,0.8319079875946045,0.2790697674418604,0.1313852733108228,0.18403343611006423,0.15039471233981622,Low (<0.3),0
3,C(OC(NC(C(Cl)(Cl)Cl)O)=O)C,1,0.4487549066543579,0.7504630088806152,0.4075237810611725,0.3333333333333333,0.28706491775676907,0.8976559895716816,0.8012784051907162,Medium (0.3-0.5),2
3,C([S](C(C)(C)[S](=O)(=O)CC)(=O)=O)C,1,0.588111400604248,0.5043333768844604,0.783685564994812,0.2222222222222222,0.6845177675080404,0.24374740413746784,0.5308388922182394,Low (<0.3),0
3,C1=C(C(=C(C(=N1)C)O)CO)CSSCC2=CN=C(C(=C2CO)O)C,1,0.733092725276947,0.6596195101737976,0.6293301582336426,0.5121951219512195,0.4160921099382039,0.46309926613712105,0.3104830840361149,High (>=0.5),0
3,C1=C(C(=CC(=C1[S](NC)(=O)=O)N)OC)C(NCC2N(CCC2)CC=C)=O,1,0.7228663563728333,0.6816133856773376,0.6356882452964783,0.4683544303797468,0.38329266504874865,0.45304701617112675,0.3245309198668456,Medium (0.3-0.5),0
3,C1=C(C(=CC=C1[S](N)(=O)=O)OC)C(NCC2N(CCC2)C)=O,1,0.704091489315033,0.7727546095848083,0.6526009440422058,0.7096774193548387,0.25779373281810297,0.4267894482376839,0.3508469748542987,High (>=0.5),0
3,C1=C(C(C)=O)C=CC(=C1C(NCC2N(CCC2)CC)=O)OC,1,0.7693658471107483,0.8951898813247681,0.7174407243728638,0.6101694915254238,0.11071942530481853,0.33206494887557036,0.26218867863961204,High (>=0.5),0
3,C1=C(Cl)C=CC(=C1C(C2=C(C=CC=C2)Cl)=O)N(C(CNC3CC3)=O)C,1,0.7205878496170044,0.8411634564399719,0.6917861700057983,0.6727272727272727,0.17296927827510564,0.3684783739974894,0.32768794229100495,High (>=0.5),0
3,C1=C(OC)C=CC3=C1N(C2=C(C=CC=C2)S3)CCC4N(CCCC4)C,1,0.8652145266532898,0.9512320160865784,0.8199207782745361,0.5535714285714286,0.049997275544398354,0.19854755525138643,0.14477779510741692,High (>=0.5),0
3,C1=C([S](=O)(=O)N)C=CC(=C1C(NCC2N(CC)CCC2)=O)OC,1,0.7272042632102966,0.7718376517295837,0.6655546426773071,0.7704918032786885,0.2589810467596671,0.40713453681318035,0.31854787363564446,High (>=0.5),0
3,C1=C([S](CC)(=O)=O)C(=CC(=C1C(NCC2N(CCC2)CC)=O)OC)N,1,0.7484789490699768,0.7901976704597473,0.7268136143684387,0.5230769230769231,0.23547214904798322,0.3190852107032021,0.2897121996729531,High (>=0.5),0
3,C1=C([S](CC)(=O)=O)C=CC(=C1C(NCC2N(CCC2)CC)=O)OC,1,0.7609933614730835,0.825600802898407,0.7494726777076721,0.6461538461538462,0.1916439117523962,0.2883854161297365,0.2731306445841464,High (>=0.5),0
3,C1=C([S](N)(=O)=O)C=C(C(=C1C(NCC2N(CCC2)CC=C)=O)OC)OC,1,0.7115685939788818,0.7499389052391052,0.6314929127693176,0.5616438356164384,0.287763535450994,0.45966856010600476,0.3402834585392219,High (>=0.5),0
3,C1=C([S](N)(=O)=O)C=CC(=C1C(NCC2N(CCC2)CCC)=O)OC,1,0.7471957206726074,0.7770999073982239,0.685429573059082,0.734375,0.2521863559302164,0.37770952331883356,0.29142811923512574,High (>=0.5),0
3,C1=C2C(=CC=C1)CCC(=C2)CC3=NCNC3,1,0.8945608139038086,0.9585506319999696,0.8634161949157715,0.2352941176470588,0.04233289368713257,0.1468584388954041,0.11142239186719133,Low (<0.3),0
3,C1=C2C(=CC=C1\C=C\C(C(C)(C)C)O)OCO2,1,0.7700802087783813,0.8386572003364563,0.6469520330429077,0.4375,0.17595323725078488,0.43548312472119804,0.2612606023147871,Medium (0.3-0.5),0
3,C1=CC(=NC2=C1C(C(=CN2CC)C(O)=O)=O)CC3=CC=CC=C3,1,0.7578766942024231,0.5123396515846252,0.5801258087158203,0.6595744680851063,0.6687674918819835,0.5445102873845866,0.2772345791285508,High (>=0.5),0
3,C1=CC=C2C(=C1)C3C(O3)C4=CC=CC=C4N2C(=O)N,1,0.7095663547515869,0.8926090002059937,0.6024017930030823,0.425,0.11360664370314631,0.5068306260681433,0.3431012634970163,Medium (0.3-0.5),0
3,C1=CC=CC(=C1N2C(=NC3=C(C2=O)C=CC=C3)\C=C\C4=NC=CC=C4)C,1,0.8157827854156494,0.8567190170288086,0.7087184190750122,0.5869565217391305,0.15464528225593277,0.3442969835572616,0.20360715379759992,High (>=0.5),0
3,C1=CC=CC2=C1N(C3=C(C=C2)C=CC=C3)CCCN(C)C,1,0.8746572136878967,0.941961407661438,0.8408967852592468,0.7368421052631579,0.05979097375728031,0.17328635512687154,0.13392322516612828,High (>=0.5),0
3,C1=CC=CC2=C1OC(CNCCCC)CO2,1,0.8862631320953369,0.9031326174736024,0.8379679322242737,0.3389830508474576,0.10188587314406393,0.17677544626772862,0.1207413836485842,Medium (0.3-0.5),0
3,C1=CC=CC2=C1SC5=C(N2CC3C4CCN(C3)CC4)C=CC=C5,1,0.8699635863304138,0.962879240512848,0.8208439350128174,0.391304347826087,0.03782727430691926,0.1974222789357547,0.13930392300207173,Medium (0.3-0.5),0
3,C1=CC=CC3=C1N(C2=C(C=CC=C2)[S]3(=O)=O)CC(CN(C)C)C,1,0.7718572020530701,0.7755342125892639,0.672426164150238,0.6,0.2542031805246526,0.3968629666189928,0.2589557175005335,High (>=0.5),0
3,C1=CC=CC4=C1N(C3CCN(CCCC(C2=CC=C(F)C=C2)=O)CC3)C(N4)=S,1,0.8165751695632935,0.867956280708313,0.7691329717636108,0.8035714285714286,0.1416139334378552,0.2624914092573532,0.20263630765755433,High (>=0.5),0
3,C1=CC=NC=C1C(N2CCOCC2)=O,1,0.8372426629066467,0.9125059843063354,0.7780144810676575,0.4722222222222222,0.09156063540306575,0.2510101417794657,0.1776413306706205,Medium (0.3-0.5),0
3,C1=N[N]3C(=C1C(C2=NC=CC=C2)=O)N=CC=C3C4=CC=NC=C4,1,0.7942270040512085,0.8303518295288086,0.6843183040618896,0.3382352941176471,0.18590577700933753,0.37933211278886103,0.23038595928759392,Medium (0.3-0.5),0
3,C1CN(CCC1)Cc1cccc(c1)OCCCNc1nc2c(o1)cccc2,1,0.8961983919143677,0.919667661190033,0.8465065360069275,0.6271186440677966,0.0837429120380764,0.16663735622561016,0.1095934709696113,High (>=0.5),0
3,C1CN2CCC1C(C2)CN3c4ccccc4Sc5ccccc35,0,0.8699635863304138,0.9628793597221376,0.8208439350128174,0.391304347826087,3.293582122348069,1.7194979815637326,2.0399407625980155,Medium (0.3-0.5),3
3,C2=C(N1C(SCC1)=N)C(=CC(=C2)Cl)N,1,0.7638413310050964,0.9160593152046204,0.7380924820899963,0.2641509433962264,0.08767416181429785,0.30368614774777886,0.2693951933149971,Low (<0.3),0
3,C2=CC(=C3OC5C14C6(C(N(CC1)C)CC2=C34)CC(C5(OC)C=C6)C(O)(CCC)C)O,1,0.7944174408912659,0.9318180084228516,0.8123809695243835,0.7866666666666666,0.07061775329676412,0.2077858745571906,0.23014621169451127,High (>=0.5),0
3,C2C1=NN=N[N]1CCCC2,1,0.9137465357780457,0.9366320967674256,0.8972983360290527,0.2162162162162162,0.06546471336928662,0.10836687909971214,0.09020205913951258,Low (<0.3),0
3,C3=C(C1C(N(CCO1)CCOC(C(C2=CC=CC=C2)CC)=O)C)C=CC=C3,1,0.826135516166687,0.8858588933944702,0.7831007242202759,0.4509803921568627,0.12119760359513825,0.2444939524136744,0.19099645576225127,Medium (0.3-0.5),0
3,C4=C3[NH]C1=C(CCNC1CC2=CC=CC=C2)C3=CC=C4,1,0.8705193996429443,0.9313482642173768,0.833931028842926,0.3333333333333333,0.07112199623237954,0.18160457927226556,0.1386652343898831,Medium (0.3-0.5),0
3,C5=C(C(CN1C2C4C(CC1)(C3=C(C2)C=CC(=C3)O)CCCC4)=O)C=CC=C5,1,0.8452519178390503,0.9428735971450806,0.8180986642837524,0.7241379310344828,0.05882304865769971,0.20077233316916826,0.16812056843599374,High (>=0.5),0
3,C=C,1,0.9126043319702148,0.9457037448883056,0.8042268753051758,0.0476190476190476,0.055825925057011,0.2178738663939732,0.09145286365568424,Low (<0.3),0
3,C=COC=C,1,0.8108379244804382,0.8463846445083618,0.7487605214118958,0.1333333333333333,0.16678136016417308,0.28933607768206304,0.20968709134863936,Low (<0.3),0
3,CC(C(C(NC(N)=O)=O)Br)C,1,0.4068650901317596,0.0503754690289497,0.1366315931081771,0.3513513513513513,2.9882509480102537,1.99046707668232,0.8992736223668917,Medium (0.3-0.5),3
3,CC(C(C(OC(N)=O)C)C)OC(N)=O,1,0.4445503354072571,0.313001811504364,0.384142518043518,0.3333333333333333,1.161546300904853,0.9567416545117696,0.810691989928136,Medium (0.3-0.5),3
3,CC(C)=O,1,0.5671560764312744,0.9253514409065248,0.4154598414897918,0.238095238095238,0.07758167751199951,0.8783693204050801,0.567120746058857,Low (<0.3),1
3,CC(C)CCNCC2COc1ccccc1O2,1,0.8568752408027649,0.8858481049537659,0.8129299879074097,0.3333333333333333,0.12120978217852087,0.2071102888775427,0.15446294764121854,Medium (0.3-0.5),0
3,CC(C)CO,1,0.7678284049034119,0.7532477378845215,0.706709623336792,0.2142857142857142,0.283361104116599,0.34713541409094506,0.2641890019142643,Low (<0.3),0
3,CC(C)C[C@@H]1N2C(=O)[C@](NC(=O)[C@H]3CN(C)[C@@H]4Cc5c(Br)[nH]c6cccc(C4=C3)c56)(O[C@@]2(O)[C@@H]7CCCN7C1=O)C(C)C,0,0.5827718377113342,0.6246982216835022,0.5105183720588684,0.4117647058823529,0.9800248344657698,0.7144083500118781,0.8741220550449065,Medium (0.3-0.5),3
3,CC(C)N=C1C=C2N(c3ccc(Cl)cc3)c4ccccc4N=C2C=C1Nc5ccc(Cl)cc5,0,0.8012561798095703,0.9073824286460876,0.7347733378410339,0.2133333333333333,2.379276399889472,1.3271704896794723,1.6157386193125909,Low (<0.3),3
3,CC(C)O,1,0.6074070334434509,0.1565753668546676,0.1864139884710312,0.2631578947368421,1.8542178075769653,1.6797853341009685,0.4985561468467332,Low (<0.3),2
3,CC(C)[C@@H](CN1CCCC1)N(C)C(=O)Cc2ccc(Cl)c(Cl)c2,1,0.7323471903800964,0.8548316955566406,0.7029546499252319,0.5087719298245614,0.15685067672452463,0.35246289860473384,0.31150057366937145,High (>=0.5),0
3,CC(C)[C@H](NC(=O)[C@H](Cc1ccccc1)NC(=O)CNC(=O)[C@@H](C)NC(=O)[C@@H](N)Cc2ccc(O)cc2)C(N)=O,0,0.5094902515411377,0.3066603541374206,0.3006718754768371,0.3150684931506849,0.36623529038684033,0.3576352269727014,0.7123101256403471,Medium (0.3-0.5),1
3,CC(C)c1onc(n1)c2ncn3c2CN(C)C(=O)c4c(Cl)cccc34,1,0.7146546244621277,0.8944425582885742,0.6195322275161743,0.2911392405063291,0.11155459465366421,0.4787905574481515,0.3359558957011534,Low (<0.3),0
3,CC(Cl)(Cl)Cl,1,0.560061514377594,0.9845746159553528,0.7962120175361633,0.2,0.015545593063548515,0.22788977491495285,0.5797086541828469,Low (<0.3),0
3,CC1(C)S[C@@H]2[C@H](NC(=O)[C@H](N)c3ccccc3)C(=O)N2[C@H]1C(O)=O.CC4(C)[C@@H](N5[C@@H](CC5=O)[S]4(=O)=O)C(O)=O,0,0.3726141154766083,0.0154238790273666,0.1302836835384369,0.7627118644067796,0.015544064468248669,0.1395881935395643,0.46619348184748827,High (>=0.5),0
3,CCC(C)(C)C,1,0.9042366743087769,0.9312587976455688,0.8721901774406433,0.1666666666666666,0.07121806219681037,0.1367477854568315,0.10066414499196753,Low (<0.3),0
3,CCC(C)(CC)OC(N)=O,1,0.7440539598464966,0.8702877759933472,0.8174082636833191,0.3243243243243243,0.13893134502431265,0.20161659818527597,0.2956417201035787,Medium (0.3-0.5),0
3,CCC(C)(O)C#C,1,0.7578946948051453,0.4425092935562134,0.751084566116333,0.1818181818181818,0.815293812367777,0.28623702887523256,0.2772108280499204,Low (<0.3),1
3,CCC(C)=O,1,0.714893639087677,0.9094520211219788,0.8260611295700073,0.2692307692307692,0.0949130354424112,0.19108650145617265,0.33562150387420947,Low (<0.3),0
3,CCC(C)C(CC)C(=O)NC(N)=O,1,0.60933518409729,0.655634343624115,0.5000306963920593,0.4324324324324324,0.4221520484568789,0.6930857896602866,0.4953867782819731,Medium (0.3-0.5),0
3,CCC(C)C(N)C1=NC(CS1)C(=O)N[C@@H](CC(C)C)C(=O)N[C@H](CCC(O)=O)C(=O)N[C@@H]([C@@H](C)CC)C(=O)NCCCC[C@@H]2NC(=O)[C@H](CC(N)=O)NC(=O)[C@@H](CC(O)=O)NC(=O)[C@H](Cc3[nH]cnc3)NC(=O)[C@@H](Cc4ccccc4)NC(=O)[C@@H](NC(=O)[C@@H](CCCN)NC2=O)[C@@H](C)CC,0,0.5147817730903625,0.4534824788570404,0.4068382978439331,0.1844660194174757,0.6041889112336206,0.5222882322387042,0.7231565368518708,Low (<0.3),1
3,CCC(C)CC,1,0.8990727663040161,0.8856608867645264,0.8196344971656799,0.2307692307692307,0.12142114795855556,0.19889677325709074,0.10639130640231617,Low (<0.3),0
3,CCC(O)(\C=C\Cl)C#C,1,0.7202733755111694,0.5027482509613037,0.7156052589416504,0.1555555555555555,0.6876657292786321,0.3346265783784191,0.3281244508254064,Low (<0.3),0
3,CCCC(C)(COC(N)=O)COC(N)=O,1,0.6845483183860779,0.8384309411048889,0.8025055527687073,0.3947368421052631,0.17622306115252168,0.22001650466395165,0.3789960474299998,Medium (0.3-0.5),0
3,CCCC(C)C,1,0.8972193598747253,0.8931577205657959,0.8489283919334412,0.2857142857142857,0.11299209492621008,0.16378044024038277,0.10845489846509221,Low (<0.3),0
3,CCCC(C)CC,1,0.9140732884407043,0.8960778713226318,0.8578137755393982,0.2666666666666666,0.10972795982536374,0.153368247877688,0.08984452645296448,Low (<0.3),0
3,CCCC(CCC)C(O)=O,1,0.7557826042175293,0.4289248287677765,0.5973005890846252,0.2564102564102564,0.8464735997252317,0.5153347929985482,0.28000150471489316,Low (<0.3),1
3,CCCCC,1,0.9572374820709229,0.9390146136283876,0.9049189686775208,0.2068965517241379,0.06292423692544707,0.09990987666382604,0.04370376567976179,Low (<0.3),0
3,CCCCCC,1,0.9588981866836548,0.9385239481925964,0.9082278609275818,0.2413793103448276,0.06344690576105848,0.09625998370493624,0.041970375862296884,Low (<0.3),0
3,CCCCCCC,1,0.9600469470024108,0.93817138671875,0.905491292476654,0.2424242424242424,0.06382263161430218,0.09927761796481267,0.04077309258846286,Low (<0.3),0
3,CCCCNC(=O)OCC(C)(CCC)COC(N)=O,1,0.7763301134109497,0.8549320101737976,0.8124403357505798,0.3061224489795918,0.1567333334718449,0.20771280039693682,0.2531774453774057,Medium (0.3-0.5),0
3,CCCCc1nc(Cl)c(CO)n1Cc2ccc(cc2)c3ccccc3c4n[nH]nn4,0,0.835497260093689,0.9033280611038208,0.7933411002159119,0.4324324324324324,2.3364321058516935,1.576685672007215,1.804828052950003,Medium (0.3-0.5),3
3,CCCO,1,0.899183988571167,0.8481942415237427,0.873516857624054,0.1935483870967742,0.16464561101946412,0.13522785065428922,0.10626760630555171,Low (<0.3),0
3,CCN(CC)C(=S)SSC(=S)N(CC)CC,1,0.6844955682754517,0.1314114183187484,0.5300569534301758,0.25,2.0294222793040317,0.6347708189070883,0.37907310867130295,Low (<0.3),1
3,CCO,1,0.8517839908599854,0.762945294380188,0.81001216173172,0.2,0.27056894832815076,0.21070601694476393,0.16042231615193248,Low (<0.3),0
3,CCOCC,1,0.9219873547554016,0.884843647480011,0.8804211020469666,0.1851851851851851,0.12234431909621635,0.12735496091311505,0.08122377053542831,Low (<0.3),0
3,CC[C@@H](CO)NCCN[C@@H](CC)CO,0,0.683763325214386,0.7139400243759155,0.7144500613212585,0.1794871794871795,1.2515537851679839,1.2533383486191731,1.151264374893366,Low (<0.3),3
3,CC[C@@]1(O)C(=O)OCC2=C1C=C3N(Cc4cc5c(CN(C)C)c(O)ccc5nc34)C2=O,1,0.705897331237793,0.8914042711257935,0.6981053352355957,0.2142857142857142,0.11495722700057573,0.35938527752589516,0.3482854752398009,Low (<0.3),0
3,CC\C(=C/C)C(=O)NC(N)=O,1,0.5541849732398987,0.7537868618965149,0.4733284413814544,0.3076923076923077,0.28264562746454314,0.7479657522179513,0.5902567612479996,Medium (0.3-0.5),1
3,CN(C)CCO,1,0.8628028631210327,0.8840745687484741,0.8450669050216675,0.2424242424242424,0.12321386611420766,0.16833947721890433,0.14756904606625232,Low (<0.3),0
3,CN(C)Cc1ccnc(c2cccc(NC3C([N+]([O-])=O)=CC=N3)c2)c1,1,0.7612661123275757,0.8901708722114563,0.6517096757888794,0.6507936507936508,0.11634184343508541,0.428156098755584,0.2727722945628718,High (>=0.5),0
3,CN1C(=O)c2c(cccc2Cl)n2cnc(c2C1)c1noc(n1)C(C)C,1,0.7146546244621277,0.8944425582885742,0.6195322871208191,0.2911392405063291,0.11155459465366421,0.4787904612390453,0.3359558957011534,Low (<0.3),0
3,CN1CC(=CCC1)\C=N\OC,1,0.8574053049087524,0.953295111656189,0.8655470013618469,0.2777777777777778,0.04783075730841423,0.14439360039628535,0.15384453763335104,Low (<0.3),0
3,CN1CCCCC1CCN2c3ccccc3Sc4ccc(cc24)[S](C)(=O)=O,1,0.8184805512428284,0.8926642537117004,0.7546045184135437,0.5692307692307692,0.11354474448900284,0.28156148364379546,0.20030564391589645,High (>=0.5),0
3,CN1CCCCC1CCN2c3ccccc3Sc4ccc(cc24)[S](C)=O,1,0.827433705329895,0.8893099427223206,0.7221733331680298,0.4285714285714285,0.11730946224736331,0.32549009526244527,0.18942628934521014,Medium (0.3-0.5),0
3,CN1CCN2C(C1)c3ccccc3Cc4ccccc24,1,0.8795154094696045,0.9669610857963562,0.8577008247375488,0.6511627906976745,0.03359702653469724,0.1534999294174363,0.12838419424214376,High (>=0.5),0
3,CN=C1CN(O)C(=C2C=C(Cl)C=CC2=N1)c3ccccc3,1,0.770054280757904,0.9376456141471864,0.7641634941101074,0.6923076923076923,0.06438321144174756,0.26897351518350243,0.2612942721282429,High (>=0.5),0
3,CNC(NC(C(Cl)(Cl)Cl)O)=O,1,0.3982209861278534,0.6699916124343872,0.312279462814331,0.1956521739130435,0.40049008543013154,1.1638567779366917,0.920748186259971,Low (<0.3),2
3,COC(=O)C1=CCCN(C)C1,1,0.7590975165367126,0.9531400799751282,0.7671573162078857,0.34375,0.04799339769827178,0.26506339276892,0.2756250295538682,Medium (0.3-0.5),0
3,COC(C(F)Br)(F)F,1,0.4169952273368835,0.838680624961853,0.6359545588493347,0.1923076923076923,0.1759253065321843,0.4526281665446725,0.8746805024841242,Low (<0.3),1
3,COC(F)(F)C(Cl)Cl,1,0.4303546845912933,0.9730778336524964,0.5827260613441467,0.25,0.027291206519081387,0.5400380806845495,0.8431455624078658,Low (<0.3),1
3,COc1cc2CCN(C)C3CC4(C=CC(=O)C=C4)c(c1O)c23,1,0.753790557384491,0.8747055530548096,0.7027639150619507,0.3333333333333333,0.13386796005148868,0.35273426852073614,0.2826407249130339,Medium (0.3-0.5),0
3,COc1cccc2C(=O)c3c(O)c4C[C@](O)(C[C@H](O[C@H]5C[C@H](N)[C@H](O[C@H]6CCCCO6)[C@H](C)O5)c4c(O)c3C(=O)c12)C(=O)CO,0,0.5215122103691101,0.1782010048627853,0.3281182050704956,0.7857142857142857,0.19625944529189276,0.39767285433380095,0.7371245864274875,High (>=0.5),1
3,CSc1ccc2Sc3ccccc3N(CCC4CCCCN4C)c2c1,1,0.8668599724769592,0.9520134925842284,0.8047196269035339,0.6271186440677966,0.04917607140861323,0.21726135179129702,0.14287782334582597,High (>=0.5),0
3,C[C@H]1C[C@H]2[C@@H]3CC[C@](O)(C(=O)CO)[C@@]3(C)C[C@H](O)[C@@H]2[C@@]4(C)C=CC(=O)C=C14,0,0.5005941987037659,0.7552321553230286,0.6423890590667725,0.5970149253731343,1.4074450904153293,1.0283096406999492,0.6943362846716286,High (>=0.5),3
3,C[C@]1(O)CC[C@H]2[C@@H]3CC[C@H]4CC(=O)OC[C@]4(C)[C@H]3CC[C@]12C,0,0.6685664057731628,0.7930885553359985,0.8387055397033691,0.5,1.5754643808063642,1.8245236385409886,1.1043278084971633,Medium (0.3-0.5),3
3,C[C@]12C[C@H](O)[C@H]3[C@@H](CCC4=CC(=O)C=C[C@]34C)[C@@H]1CC[C@]2(O)C(=O)CO,0,0.5405027866363525,0.7343646287918091,0.6709195971488953,0.8,1.3256306955171908,1.1114531725083852,0.7776224017017432,High (>=0.5),3
3,C[N+](C)(C)CCO,1,0.8869282007217407,0.7953591346740723,0.8486922383308411,0.1388888888888889,0.2289615246039883,0.16405865741083106,0.11999124614759187,Low (<0.3),0
3,C[S](=O)(=O)OCCCCO[S](C)(=O)=O,1,0.5915102362632751,0.4137412011623382,0.7578192949295044,0.1707317073170731,0.8825146185898891,0.2773103189515202,0.5250762901119562,Low (<0.3),1
3,Cc1noc(N[S](=O)(=O)c2ccc(N)cc2)c1C,1,0.6993210911750793,0.7098476886749268,0.5867422223091125,0.5,0.3427048549531854,0.5331696998836188,0.3576452843166081,Medium (0.3-0.5),0
3,ClC(C(F)(F)Cl)(F)F,1,0.3738631010055542,0.996268630027771,0.801506519317627,0.1578947368421052,0.003738348899211901,0.22126217306963064,0.9838655886687332,Low (<0.3),1
3,ClC(CCC)O,1,0.7207105755805969,0.8017423748970032,0.7816134095191956,0.21875,0.22096795102846317,0.2463950219022761,0.3275176431194475,Low (<0.3),0
3,ClC(Cl)Cl,1,0.305196613073349,0.9762125611305236,0.1285072863101959,0.0857142857142857,0.02407492823784851,2.0517696734513247,1.186799077033972,Low (<0.3),2
3,ClC=C(Cl)Cl,1,0.4133338034152984,0.9618982672691344,0.4156444668769836,0.1379310344827586,0.03884658518797743,0.877925031070107,0.8834997717567341,Low (<0.3),2
3,ClCC(F)(F)F,1,0.5936896800994873,0.991109013557434,0.8497471809387207,0.1481481481481481,0.008930747112358622,0.16281640792983687,0.5213985202054329,Low (<0.3),0
3,ClCCNC(=O)N(CCCl)N=O,1,0.657733678817749,0.8040390014648438,0.7589536905288696,0.5277777777777778,0.21810750169507645,0.2758145172438802,0.4189551730256246,High (>=0.5),0
3,ClCCl,1,0.8119331002235413,0.9412870407104492,0.781306803226471,0.1304347826086956,0.060507147961906,0.24678737244475094,0.20833733110187436,Low (<0.3),0
3,Clc1ccc2OC(=O)Nc2c1,1,0.684564471244812,0.842320442199707,0.558992862701416,0.2666666666666666,0.17159476445548832,0.5816185738845492,0.3789724513335245,Low (<0.3),0
3,FC(Br)C(F)(F)F,1,0.323748767375946,0.8709660172462463,0.5044889450073242,0.131578947368421,0.13815231868153197,0.6842093521989795,1.1277874733086228,Low (<0.3),1
3,FC(F)(F)C(Cl)Br,1,0.3284339010715484,0.9333086609840392,0.4330673813819885,0.1304347826086956,0.06901930649631123,0.8368619478855394,1.1134196756978727,Low (<0.3),2
3,FC(F)(F)COC=C,1,0.6654452681541443,0.9748737215995787,0.8284564018249512,0.1636363636363636,0.025447332680375533,0.18819106652375478,0.4072988862207482,Low (<0.3),0
3,FC(F)OC(Cl)C(F)(F)F,1,0.3208795189857483,0.958123505115509,0.375528484582901,0.1481481481481481,0.04277858957592243,0.9794209529109236,1.1366895565686201,Low (<0.3),2
3,FC(F)OC(F)(F)C(F)Cl,1,0.3180537223815918,0.9603031277656556,0.4938157498836517,0.1481481481481481,0.04050628627212443,0.7055928073110668,1.1455349721635366,Low (<0.3),2
3,FCOC(C(F)(F)F)C(F)(F)F,1,0.4458674788475036,0.9836701154708862,0.6523094177246094,0.1454545454545454,0.016464686643423525,0.4272362625645344,0.8077335037436346,Low (<0.3),1
3,N1(Cc2cc(OCCCNc3oc4ccccc4n3)ccc2)CCCCC1,1,0.8961983919143677,0.919667661190033,0.8465065360069275,0.6271186440677966,0.0837429120380764,0.16663735622561016,0.1095934709696113,High (>=0.5),0
3,NC(=O)N1c2ccccc2C3OC3c4ccccc14,1,0.7095663547515869,0.8926090598106384,0.6024017930030823,0.425,0.11360657692738808,0.5068306260681433,0.3431012634970163,Medium (0.3-0.5),0
3,NC(=O)N1c2ccccc2C=Cc3ccccc13,1,0.7700799107551575,0.9324187636375428,0.7031086683273315,0.4594594594594595,0.06997324800163167,0.3522438211269044,0.26126098931769687,Medium (0.3-0.5),0
3,NC(=O)NO,1,0.3297984898090362,0.5098856091499329,0.2055075913667678,0.2592592592592592,0.6735688742062724,1.5822723047706406,1.1092734479785957,Low (<0.3),2
3,NC(=O)OCC,1,0.5981178879737854,0.8234845399856567,0.7844688892364502,0.3928571428571428,0.19421050308571067,0.24274836440043646,0.5139674073805574,Medium (0.3-0.5),0
3,NC(CO)(CO)CO,0,0.7583096623420715,0.6854251027107239,0.7588046193122864,0.1470588235294117,1.1565330840104733,1.422147965690135,1.420097968662896,Low (<0.3),3
3,NC(N)=O,1,0.4023065567016601,0.7814692258834839,0.3195496797561645,0.25,0.24657950816404495,1.1408425250576377,0.9105409021187882,Low (<0.3),2
3,NCCCNCCS[P](O)(O)=O,0,0.7578603625297546,0.7574173808097839,0.7075567245483398,0.15,1.4164129289372662,1.2294845611968896,1.4182407048943575,Low (<0.3),3
3,NCCc1cn2c(n1)cccc2,0,0.8840786814689636,0.886459231376648,0.8361620306968689,0.3023255813953488,2.1755933116363297,1.8088773315978741,2.154843606543057,Medium (0.3-0.5),3
3,O(C(C(F)(F)F)F)C(F)F,1,0.317961722612381,0.9404293298721312,0.4241060316562652,0.119047619047619,0.06141877408274732,0.8577717803526325,1.145824272590363,Low (<0.3),2
3,O=[P](O)(OCC(Cl)(Cl)Cl)O,1,0.3821513652801513,0.8750540018081665,0.7499180436134338,0.2325581395348837,0.13346967817670805,0.2877913536048368,0.9619385046706809,Low (<0.3),1
3,OC(=O)CCCCCCCC(O)=O,0,0.7112675309181213,0.6634499430656433,0.7489792704582214,0.3333333333333333,1.0890083833548552,1.3822197554446882,1.2422547321256017,Medium (0.3-0.5),3
3,OC(C)(C)c1onc(c2ncn3c2CN(C)C(c4c3cccc4Cl)=O)n1,0,0.7046778798103333,0.8825476169586182,0.6402144432067871,0.3246753246753247,2.1417222782458283,1.022247100591571,1.219688585521038,Medium (0.3-0.5),3
3,OC(COc1ccc2OC(=CC(=O)c2c1)C(O)=O)COc3cccc4OC(=CC(=O)c34)C(O)=O,0,0.6033205986022949,0.3736551105976105,0.3452878594398498,0.4705882352941176,0.46785411805724325,0.42355962000739,0.9246268776960433,Medium (0.3-0.5),1
3,OC(O)C(Cl)(Cl)Cl,1,0.2990930080413818,0.6160054206848145,0.1589216887950897,0.1891891891891892,0.4844995156743249,1.8393437213926693,1.2070006902781765,Low (<0.3),2
3,OCC(C)(O)c1onc(c2ncn3c2CN(C)C(c4c3cccc4Cl)=O)n1,0,0.6991761922836304,0.8648489117622375,0.6857731938362122,0.3086419753086419,2.001361954218384,1.157640241192568,1.2012305420452394,Medium (0.3-0.5),3
3,OCC(O)C(O)C(O)C(O)CO,0,0.3975573480129242,0.0369719937443733,0.1114826127886772,0.2,0.03767278530613881,0.11820106240465296,0.5067628015714971,Low (<0.3),0
3,OCCN1CCN(CC\C=C/2c3ccccc3COc4ccc(Cl)cc24)CC1,1,0.8744088411331177,0.9417322278022766,0.8501058220863342,0.625,0.060034304048339836,0.1623944406746721,0.1342072310854747,High (>=0.5),0
3,S=[P](N1CC1)(N2CC2)N3CC3,1,0.8376719951629639,0.9594072699546814,0.8927869200706482,0.1081081081081081,0.04143961233742021,0.11340733792091294,0.177128669009142,Low (<0.3),0
3,[C@@H](/C=C/C1=C(N=C(C(=C1C2=CC=C(C=C2)F)COC)C(C)C)C(C)C)(C[C@H](CC(O)=O)O)O,1,0.6451522707939148,0.7508865594863892,0.4884121716022491,0.4929577464788732,0.2865006912422591,0.7165956156755935,0.4382689112983122,Medium (0.3-0.5),1
3,[C@@H](CC(=O)O)(CC(C)C)CN,1,0.6337168216705322,0.5011110901832581,0.5600432753562927,0.2368421052631578,0.6909274655845329,0.579741220816737,0.45615307784081605,Low (<0.3),0
3,[C@@H]1(C3=C([C@H](C2=C1C=CC=C2)C)C=CC(=C3)C(F)(F)F)CCCN(C)C,1,0.7582274675369263,0.8852757811546326,0.7495217323303223,0.4035087719298245,0.12185606539286067,0.28831996608891025,0.27677184925864573,Medium (0.3-0.5),0
3,[C@@H]4(C1=C2C(=CC(=C1)Br)CCO2)C3=C(C=C(Cl)C(=C3)O)CCN(C4)C,1,0.7747480273246765,0.8762328028678894,0.7377661466598511,0.328125,0.13212346665429786,0.3041283790416259,0.2552174285263929,Medium (0.3-0.5),0
3,[C@@H]4(C1=CC=CC2=C1OCC2)C3=CC(=C(Cl)C=C3CCN(C4)C)O.CC(=O)O,1,0.748406708240509,0.7907938957214355,0.6945184469223022,0.3692307692307692,0.23471790683353105,0.3645365556972877,0.28980872117968415,Medium (0.3-0.5),0
3,[C@@](O)(C5C6(OC)C2OC1=C(O)C=CC4=C1C23C(C(N(CC3)CC=C)C4)(C5)C=C6)(CCC)C,1,0.7912880182266235,0.9176413416862488,0.806777834892273,0.6962025316455697,0.08594866003383583,0.21470694614477015,0.23409325836634576,High (>=0.5),0
3,[C@@]4([C@@]3([C@H]([C@H]2[C@@H]([C@@]1(C(=CC(=O)C=C1)CC2)C)[C@H](C3)O)CC4)C)(C(COC(CC)=O)=O)OC(OCC)=O,1,0.5570213794708252,0.8235672116279602,0.7226323485374451,0.75,0.19411011566037092,0.32485469440450176,0.5851516565404385,High (>=0.5),0
3,[C@@]4([C@@]3([C@H]([C@H]2[C@@H]([C@@]1(C(=CC(=O)C=C1)C[C@H]2Cl)C)[C@H](C3)O)C[C@H]4C)C)(C(COC(CC)=O)=O)OC(CC)=O,1,0.466547816991806,0.7838553786277771,0.6289712190628052,0.5875,0.24353074168367964,0.4636697799854718,0.7623947623575155,High (>=0.5),1
3,[C@@]4([C@@]3([C@H]([C@H]2[C@@H]([C@@]1(C(=CC(=O)C=C1)[C@H](C2)C)C)[C@H](C3)O)CC4)C)(C(COC(C)=O)=O)OC(CC)=O,1,0.5174031853675842,0.7858119010925293,0.682847261428833,0.6455696202531646,0.2410378267796305,0.38148407336756446,0.6589328527598199,High (>=0.5),0
3,[C@@]45([C@@]3([C@H]([C@H]2[C@]([C@@]1(C(=CC(=O)CC1)CC2)C)(F)[C@H](C3)O)C[C@H]4OC(O5)(C)C)C)C(CCl)=O,1,0.5780882239341736,0.8998960852622986,0.788125216960907,0.6081081081081081,0.1054759831436081,0.2380982969755594,0.5480287853932205,High (>=0.5),0
3,[C@H](C(NCCCC(O)=O)=O)(C(CO)(C)C)O,1,0.4687563180923462,0.4473313391208648,0.4811670184135437,0.2407407407407407,0.8044557081296039,0.7315408375183374,0.7576722231913467,Low (<0.3),3
3,[C@H](CCCNC(C)=O)(C(O)=O)NC(C)=O,1,0.4431484043598175,0.4117371737957001,0.4152217209339142,0.2745098039215686,0.8873700608753896,0.8789426341107681,0.813850566481596,Low (<0.3),3
3,[C@H]12N(CC[C@](C1C)(C3=C(C2=O)C=CC(=C3)O)C)CC4CC4,1,0.7218271493911743,0.6418609619140625,0.6246078610420227,0.6346153846153846,0.443383568974211,0.4706312484902599,0.32596957402671023,High (>=0.5),0
3,[C@H]12[C@@]([C@](C(CC)=O)(C)[C@@H](C1)C)(C[C@H](O)[C@H]3[C@H]2CCC4=CC(=O)C=C[C@]34C)C,1,0.5409671068191528,0.8171088099479675,0.6975690126419067,0.5873015873015873,0.201983010679257,0.3601538273253576,0.6143968026880622,High (>=0.5),0
3,[C@H]23[C@@]([C@@]1(O[C@@H](O[C@@H]1C2)CCC)C(=O)CO)(C[C@H](O)[C@@]4(F)[C@H]3C[C@H](F)C5=CC(=O)CC[C@]45C)C,1,0.5074870586395264,0.8523337841033936,0.7625696063041687,0.5217391304347826,0.1597770634932709,0.27106148771068417,0.6782840686090128,High (>=0.5),0
3,[C@H]24C([C@@]1(O[C@@](O[C@@H]1C2)(C3=CC=CC=C3)C)C(=O)CO)(C[C@H](O)[C@@]5(F)C4CCC6=CC(=O)C=CC56C)C,1,0.649732768535614,0.916523814201355,0.7786470651626587,0.7857142857142857,0.087167228186864,0.2501973971833723,0.43119412595746776,High (>=0.5),0
3,[C@H]24[C@H]1[C@@]([C@@H](C(C(OCCCC)=O)=O)[C@@H](C1)C)(C[C@@H]([C@@H]2[C@@]3(C(=CC(=O)C=C3)[C@H](C4)F)C)O)C,1,0.4618724584579468,0.6352817416191101,0.5063309073448181,1.0,0.4536866909005291,0.6805648563533423,0.7724664899569014,High (>=0.5),1
3,[C@H]24[C@H]1[C@@]([C@@H](C(CO)=O)[C@@H](C1)C)(C[C@@H]([C@@H]2[C@@]3(C(=CC(=O)C=C3)[C@H](C4)F)C)O)C,1,0.399416446685791,0.728140115737915,0.5184172987937927,0.7164179104477612,0.31726178263182475,0.6569747649140328,0.9177506803660318,High (>=0.5),1
3,[C@H]24[C@H]1[C@@]([C@](C(CO)=O)(O)CC1)(C[C@@H]([C@@H]2[C@@]3(C(=CC(=O)C=C3)[C@H](C4)C)C)O)C,1,0.4887426197528839,0.7454469203948975,0.6477152109146118,0.5970149253731343,0.2937713473190292,0.43430416856290566,0.7159192680464254,High (>=0.5),1
3,[C@H]24[C@H]1[C@@]([C@](C(CO)=O)(O)CC1)(C[C@@H]([C@@H]2[C@@]3(C(=CC(=O)C=C3)[C@H](C4)F)C)O)C,1,0.4614026844501495,0.7820410132408142,0.6570444107055664,0.6857142857142857,0.24584809321259413,0.42000366657874955,0.7734841152053351,High (>=0.5),1
3,[C@H]24[C@H]1[C@@]([C@](C(COC(C)=O)=O)(O)CC1)(C[C@@H]([C@@H]2[C@@]3(C(=CC(=O)C=C3)[C@H](C4)C)C)O)C,1,0.482051819562912,0.7735061049461365,0.6664400100708008,0.589041095890411,0.2568217163742592,0.4058051508099301,0.7297036612436429,High (>=0.5),1
3,[C@H]24[C@H]1[C@@]([C@](C(COC(CCC(O)=O)=O)=O)(O)CC1)(C[C@@H]([C@@H]2[C@@]3(C(=CC(=O)C=C3)[C@H](C4)C)C)O)C,1,0.4765404760837555,0.7261220216751099,0.6686317920684814,0.5897435897435898,0.32003720434752375,0.4025217559194926,0.741202614933544,High (>=0.5),1
3,[C@H]24[C@H]1[C@@]([C@](O)([C@@H](C1)C)C(=O)CO)(C[C@H](O)[C@@H]2[C@@]3(C(=CC(=O)C=C3)C[C@H]4Cl)C)C,1,0.4084713160991668,0.705382227897644,0.5053842663764954,0.5352112676056338,0.34901545585871974,0.682436215544489,0.8953335847749511,High (>=0.5),1
3,[C@H]34[C@H]2[C@@H]([C@@]1(C(=CC(=O)C=C1)CC2)C)[C@@H](O)C[C@@]3([C@](C(COC(COC(CCCCCCCCCCCCCCCCC)=O)=O)=O)(O)CC4)C,1,0.7461722493171692,0.8752954006195068,0.7987982034683228,0.7432432432432432,0.13319384889081115,0.22464692648115978,0.29279880822303234,High (>=0.5),0
3,[C@]12(C(=CC(C=C1)=O)[C@H](C[C@H]3[C@H]4[C@](C[C@@H]([C@H]23)O)([C@](C(=O)CO)(O)[C@@H](C4)C)C)F)C,1,0.4224219620227813,0.663761556148529,0.5191633701324463,0.6521739130434783,0.4098322961842835,0.6555366666734277,0.8617505545165515,High (>=0.5),1
3,[C@]12(OC(O[C@@H]1C[C@@H]3C2(CC(O)[C@H]4C3CCC5=CC(=O)C=CC45C)C)(C)C)C(=O)CO,1,0.6274439096450806,0.8720089793205261,0.7353714108467102,0.7285714285714285,0.13695555774025067,0.30737958652102354,0.46610099899124774,High (>=0.5),0
3,[C@]14([C@@](C(=O)COC(CCC(=O)[O-])=O)(CC[C@H]1[C@@H]3CCC2=CC(C=C[C@@]2([C@H]3[C@H](C4)O)C)=O)O)C.[Na+],1,0.510736882686615,0.8151766061782837,0.7231632471084595,0.75,0.20435049451889845,0.3241202910123835,0.6719007280682143,High (>=0.5),0
3,[C@]34([C@H]([C@H]2[C@@H]([C@@]1(C(=CC(=O)C=C1)CC2)C)[C@H](C3)O)CC[C@@]4(C(COC(C)=O)=O)O)C,1,0.5216017961502075,0.8089174032211304,0.7101262807846069,0.7761194029850746,0.21205846451402105,0.34231246450202696,0.6508508248361146,High (>=0.5),0
3,[C@]34([C@H]([C@H]2[C@@H]([C@@]1(C(=CC(=O)C=C1)CC2)C)[C@H](C3)O)CC[C@@]4(C(COC(CC(C)(C)C)=O)=O)O)C,1,0.5816435217857361,0.8277103900909424,0.7233062386512756,0.7714285714285715,0.18909195620238572,0.3239225799031072,0.5418975244316289,High (>=0.5),0
3,[C@]34([C@H]([C@H]2[C@@H]([C@@]1(C(=CC(=O)C=C1)[C@H](C2)F)C)[C@H](C3)O)C[C@H]([C@@]4(C(COC(C)=O)=O)O)C)C,1,0.4378693401813507,0.7313844561576843,0.5994299650192261,0.684931506849315,0.3128160256697661,0.5117761336587165,0.8258347231972364,High (>=0.5),1
3,[CH2-][CH-]C,1,0.8000039458274841,0.7495059967041016,0.6787213683128357,0.1,0.28834096053206365,0.38754459158823273,0.22313861904201826,Low (<0.3),0
3,[Cl-].CC(C[N+](C)(C)C)OC(N)=O,0,0.67559415102005,0.7940530180931091,0.6940994262695312,0.3157894736842105,1.5801365127017646,1.1844951522779412,1.125759926755609,Medium (0.3-0.5),3
3,[H+].C2=C1OCC(OC1=C(C=C2)OCC)CNCCCC.[Cl-],1,0.8455905318260193,0.9032931327819824,0.8049649596214294,0.2903225806451613,0.10170815722213382,0.2169565309315474,0.16772004147789327,Low (<0.3),0
3,[N+](=[N-])=O,1,0.3456248342990875,0.1637400686740875,0.1973412036895752,0.0888888888888888,1.8094750556245698,1.6228210499995328,1.0624013861296309,Low (<0.3),3
3,[NH]C(CC(C)C([N@@](C(C)(C)C)C(N)(C)N)(C)C)c1c(c(c[nH+][o+]1)C)[O-],1,0.7352300882339478,0.7879946231842041,0.6221361756324768,0.1525423728813559,0.23826401251783658,0.4745962783200345,0.3075717835414752,Low (<0.3),0
3,[Na+].[Na+].[Na+].[O-]C(=O)[P]([O-])([O-])=O,1,0.2467764616012573,0.7393847107887268,0.1483042985200882,0.1935483870967742,0.3019369105555448,1.9084890449576541,1.3992723658864563,Low (<0.3),2
3,[Na+].[O-][S](=O)(=O)CCS,0,0.458558052778244,0.3376331627368927,0.6401833295822144,0.1666666666666666,0.4119357416826128,1.0221606260826948,0.6135194256349211,Low (<0.3),1
3,c1(ccc(c(c1)Cl)Cl)CC(N1[C@H](CN2CCCC2)c2n(CC1)ccn2)=O,1,0.8065585494041443,0.9347577095031738,0.8212836980819702,0.7241379310344828,0.06746791749572828,0.196886677353024,0.2149787871465767,High (>=0.5),0
3,c1(ccc(c(c1)Cl)Cl)CC(N1[C@H](C[N@@]2C[C@@H](CC2)O)c2n(CC1)ccn2)=O,0,0.7175347208976746,0.9113481640815736,0.7849621772766113,0.6231884057971014,2.4230385369366414,1.536941346682852,1.2641996417816586,High (>=0.5),3
3,c1(ccccc1)[C@H](CN1CCCC1)N(C(=O)Cc1ccc(c(c1)Cl)Cl)C,1,0.7962040305137634,0.906882107257843,0.7832732796669006,0.4833333333333333,0.09774281828786884,0.24427362770591676,0.2278998062411377,Medium (0.3-0.5),0
3,c12c(C(N(Cc3n1cnc3c1noc(n1)C(CO)(CO)C)C)=O)c(ccc2)Cl,0,0.7245468497276306,0.8703393936157227,0.7063849568367004,0.3125,2.0428349625203452,1.225485746622124,1.289337718307721,Medium (0.3-0.5),3
3,c12c(C(N(Cc3n1cnc3c1noc(n1)C(O)(C)C)C)=O)c(ccc2)Cl,0,0.7046778798103333,0.8825476169586182,0.6402144432067871,0.3246753246753247,2.1417222782458283,1.022247100591571,1.219688585521038,Medium (0.3-0.5),3
3,c12c(c(ccc1)Cl)C(N(Cc1n2cnc1c1nc(on1)[C@](CO)(C)O)C)=O,0,0.6885152459144592,0.8502985239028931,0.6578171253204346,0.3086419753086419,1.8991121272370517,1.0724099635467361,1.1664048854980191,Medium (0.3-0.5),3
3,c1c(nc2n1cccc2)CCN,0,0.8840786814689636,0.886459231376648,0.8361620306968689,0.3023255813953488,2.1755933116363297,1.8088773315978741,2.154843606543057,Medium (0.3-0.5),3
3,c1ccc([C@H](C[N@]2CC[C@H](C2)O)N(C(Cc2ccccc2N)=O)C)cc1,0,0.761248767375946,0.8365995287895203,0.7609257698059082,0.6545454545454545,1.811551212775327,1.4309811886864976,1.432333136811362,High (>=0.5),3
3,c1cccn2c1nc(c2)CCN,0,0.8840786814689636,0.886459231376648,0.8361620306968689,0.3023255813953488,2.1755933116363297,1.8088773315978741,2.154843606543057,Medium (0.3-0.5),3
4,C(C1(CC(NC(C1)=O)=O)C)C,1,0.9803643226623536,0.9755160808563232,0.9806818962097168,0.3333333333333333,0.024788634322579155,0.019507136823878616,0.0198310185836078,Medium (0.3-0.5),0
4,C(C1=NC2=C([N]1C)C(N(C)C(N2C)=O)=O)CCN3CCN(C(N(CC)CC)=O)CC3,1,0.9265872240066528,0.9477826356887816,0.96640145778656,0.352112676056338,0.05363009026557574,0.034175943331532295,0.07624709412977025,Medium (0.3-0.5),0
4,C(C2(C1=CCCCC1)C(NC(=O)NC2=O)=O)C,1,0.954831063747406,0.9706339836120604,0.970955729484558,0.3823529411764705,0.029805829629875227,0.02947440443404482,0.046220850749030554,Medium (0.3-0.5),0
4,C(C2(C1=CCCCCC1)C(NC(=O)NC2=O)=O)C,1,0.9597477316856384,0.9718756079673768,0.969841718673706,0.3714285714285714,0.028527458053445715,0.03062239742450779,0.0410848085469628,Medium (0.3-0.5),0
4,C(N1C(CCC1)=O)C(NNC(CN2C(CCC2)=O)=O)=O,1,0.9420058131217957,0.9181029200553894,0.9223476648330688,0.6333333333333333,0.08544578129578113,0.08083304967568834,0.05974383338256888,High (>=0.5),0
4,C13(C4=C(C(C2=C1C=CC=C2)CC3)C=CC=C4)C[C@H](CNC)O,1,0.9208497405052184,0.9266796112060548,0.9419097900390624,0.26,0.07614739213573128,0.05984577328120904,0.082458404239749,Low (<0.3),0
4,C1=C(Br)C=CC2=C1C(=NCC(N2C)COC)C3=CC=CC=C3Cl,1,0.966418445110321,0.9612186551094056,0.9467552900314332,0.3692307692307692,0.03955336716270977,0.05471462464633365,0.034158365569904245,Medium (0.3-0.5),0
4,C1=C(C(=C(C=C1)C)NC2=NCCCS2)C,1,0.9062068462371826,0.9545952677726746,0.8445067405700684,0.2826086956521739,0.046467831710838445,0.16900256103722155,0.09848769189220066,Low (<0.3),0
4,C1=C(C(CCC)=O)C=CC3=C1N(C2=C(C=CC=C2)S3)CCCN4CCN(C)CC4,1,0.9671218395233154,0.9592165946960448,0.9553186297416688,0.578125,0.04163837485963979,0.045710350439538104,0.03343079402705764,High (>=0.5),0
4,C1=C(C(F)(F)F)C=CC3=C1N(C2=C(C=CC=C2)S3)CCCN4CCN(CCOC(CCCCCC)=O)CC4,1,0.9722009897232056,0.970503032207489,0.9600460529327391,0.6125,0.029940752001354286,0.04077402386592875,0.028192716347019555,High (>=0.5),0
4,C1=C(C2=C(C=C1)OCCO2)N3CCNCC3,1,0.9785838723182678,0.9184987545013428,0.915688455104828,0.3541666666666667,0.08501473034165642,0.08807908667444607,0.0216487806243841,Medium (0.3-0.5),0
4,C1=C(C=CC(=C1Cl)COC(C[N]2C=NC=C2)C3=C(C=C(C=C3)Cl)Cl)Cl,1,0.8866281509399414,0.8335933089256287,0.8387522101402283,0.3050847457627119,0.18200963473594386,0.1758399556592066,0.1203296056075333,Medium (0.3-0.5),0
4,C1=C(C=CC3=C1N(CCCN2CCN(CC2)C)C4=C(S3)C=CC=C4)C(F)(F)F,1,0.973929524421692,0.9807093143463136,0.9759883284568788,0.7692307692307693,0.01947917897798738,0.02430465118882852,0.02641633481406463,High (>=0.5),0
4,C1=C(C=CC3=C1N(CCCN2CCN(CC2)CCO)C4=C(S3)C=CC=C4)C(CC)=O,1,0.9494943618774414,0.9391525983810424,0.945565700531006,0.639344262295082,0.06277730138954724,0.05597190569227064,0.051825686738536055,High (>=0.5),0
4,C1=C(C=CC=C1N3CCN(CCCN2C(N(C(=N2)CC)CC)=O)CC3)Cl,1,0.9599485397338868,0.9344453811645508,0.95305335521698,0.7258064516129032,0.06780210091655514,0.04808439030857766,0.04087560040089256,High (>=0.5),0
4,C1=C(Cl)C=CC(=C1C(C2=C(C=CC=C2)Cl)=O)N(C(CNC3CC3)=O)C,1,0.9019086360931396,0.8671099543571472,0.8313633799552917,0.6727272727272727,0.14258948860823764,0.184688299374593,0.10324205441210148,High (>=0.5),0
4,C1=C(Cl)C=CC2=C1C(=CC3=C(S2)C=CC=C3)OCCN(C)C,1,0.970702826976776,0.9643473625183104,0.9471285939216614,0.5094339622641509,0.03630371471393605,0.054320404178832174,0.029734905960814885,High (>=0.5),0
4,C1=C(Cl)C=CC2=C1C(=NCC(=N2)NOCC=C)C3=CC=CC=C3Cl,1,0.9619474411010742,0.9440717697143556,0.8788694143295288,0.4166666666666667,0.05755308848677703,0.12911895396071643,0.03879546483904656,Medium (0.3-0.5),0
4,C1=C(Cl)C=CC2=C1C(=NCC(N2CC[S](C3=CC=C(C)C=C3)(=O)=O)=O)C4=CC=CC=C4Cl,1,0.9177653193473816,0.9134544730186462,0.8726626634597778,0.6153846153846154,0.09052174237138547,0.1362062085173811,0.08581356445643223,High (>=0.5),0
4,C1=C(Cl)C=CC2=C1C(=NCCN2CC(F)(F)F)C3=CC=CC=C3F,1,0.98025643825531,0.9816457033157348,0.9680973291397096,0.6363636363636364,0.018524826649214784,0.03242265012810244,0.019941069858492873,High (>=0.5),0
4,C1=C(Cl)C=CC3=C1N(C2=C(C=CC=C2)S3)CCCN4CCN(CCO)CC4,1,0.9502833485603333,0.94521963596344,0.9566509127616882,0.6727272727272727,0.05633795948457663,0.044316726528663794,0.05099507721625569,High (>=0.5),0
4,C1=C(Cl)C=CC3=C1N(C2=C(C=CC=C2)S3)CCCN4CCN(CCOC(C)=O)CC4,1,0.9664290547370912,0.94992196559906,0.9633625745773317,0.71875,0.051375439236019955,0.037325432771925085,0.0341473873351795,High (>=0.5),0
4,C1=C(Cl)C=CC4=C1C(N2CCN(C)CC2)CC3=C(C=CC=C3)S4,1,0.9819979071617126,0.9707061648368835,0.9820252656936646,0.4545454545454545,0.029731467365318922,0.018138242146365686,0.01816610182982746,Medium (0.3-0.5),0
4,C1=C(Cl)C=NC2=C1SC4=C(N2CCCN3CCN(CCO)CC3)C=CC=C4,1,0.9369349479675292,0.9385455250740052,0.952400803565979,0.4696969696969697,0.06342391579535177,0.04876932064238187,0.06514142501556336,Medium (0.3-0.5),0
4,C1=C(N=C2[N]1C(=C(CC)C(=N2)OC)C)C(C3=CC=CC=C3)=O,1,0.834335207939148,0.9007977843284608,0.6551851630210876,0.5,0.10447448127062776,0.42283739166138834,0.18112002939021604,Medium (0.3-0.5),0
4,C1=C(SC)C=CC4=C1C(N2CCN(C)CC2)CC3=C(C=CC=C3)S4,1,0.977049708366394,0.9632748961448668,0.9775359034538268,0.4193548387096774,0.03741644982506325,0.022720257921103954,0.023217749660038502,Medium (0.3-0.5),0
4,C1=C(SC=C1)C2(C(CCCC2)=O)NCC,1,0.9825931787490844,0.9461225271224976,0.9243727922439576,0.4042553191489361,0.05538319704627534,0.07863983389698231,0.01756010131413962,Medium (0.3-0.5),0
4,C1=C2C(=CC=C1)N(C(Cl)(CN=C2C3=CC=CC=C3Cl)CO)C,1,0.9575169682502748,0.9714965224266052,0.9730690121650696,0.3728813559322034,0.028917589762808962,0.02730027211189201,0.0434118366741497,Medium (0.3-0.5),0
4,C1=CC(=C3C2=C1CC5C4C2(C(O3)C(C=C4)OC(C)=O)CCN5CC=C)OC(C)=O,1,0.9630312323570251,0.9628057479858398,0.97255140542984,0.7727272727272727,0.037903603018502714,0.02783234583270622,0.03766943535580104,High (>=0.5),0
4,C1=CC(=C3C2=C1CC5C4C2(C(O3)C(O)C=C4)CCN5)O,1,0.8072007894515991,0.9027872681617736,0.9528661966323853,0.6071428571428571,0.10226833675032417,0.048280787459774,0.21418283193082868,High (>=0.5),0
4,C1=CC(=C3C2=C1CC5C4C2(C(O3)C(O)C=C4)CCN5)OC,1,0.9188165068626404,0.9392653703689576,0.9676789045333862,0.6440677966101694,0.06265723014882567,0.03285495692633809,0.0846688426530845,High (>=0.5),0
4,C1=CC(=C3C2=C1CC5C4C2(C(O3)CCC4)CCN5C)O,1,0.9653923511505128,0.9588773250579834,0.9747564792633056,0.6607142857142857,0.04199213192868159,0.025567604038874835,0.035220678771891424,High (>=0.5),0
4,C1=CC(=C4C2=C1CC5C3C2(C(C(=CC3)OC(C)=O)O4)CCN5C)OC,1,0.9748491644859314,0.9713071584701538,0.9804551005363464,0.6307692307692307,0.02911252861217709,0.019738426810001666,0.025472523043399843,High (>=0.5),0
4,C1=CC(=CC3=C1C(C2=CC=C(F)C=C2)(OC3)CCCN(C)C)C#N,1,0.9715844988822936,0.9310957193374634,0.9091578125953674,0.375,0.07139319352334907,0.09523658865731557,0.028827036198872426,Medium (0.3-0.5),0
4,C1=CC(=CC=C1C2(C(NC(=O)CC2)=O)CC)N,1,0.9695358276367188,0.9244083166122437,0.9584414958953856,0.3478260869565217,0.07860140385448543,0.04244675550546115,0.030937850225439573,Medium (0.3-0.5),0
4,C1=CC=C2C(=C1)C3C4=C(C2(CNC)CC3)C=CC=C4,1,0.9786732792854308,0.9603304862976074,0.9739984273910522,0.2916666666666667,0.04047779720294088,0.02634558992914745,0.021557421175624997,Low (<0.3),0
4,C1=CC=CC(=C1N3CCN(CCCC(C2=CC=C(F)C=C2)=O)CC3)OC,1,0.967445433139801,0.923438847064972,0.92593652009964,0.6111111111111112,0.07965070019812139,0.07694959949397295,0.033096255524234654,High (>=0.5),0
4,C1=CC=CC2=C1C(C3=C(CC2)C=CC=C3)OC4CCN(C)CC4,1,0.9485486745834352,0.9482775330543518,0.9479122161865234,0.3953488372093023,0.053108063185457244,0.05349337997402703,0.052822173492623664,Medium (0.3-0.5),0
4,C1=CC=CC2=C1C3=C(C(=O)N2CCCN(C)C)C=CC=C3,1,0.9202262163162231,0.9445913434028624,0.915622055530548,0.5333333333333333,0.057002885861432644,0.08815160258469011,0.08313575186413615,High (>=0.5),0
4,C1=CC=CC2=C1N(C(C3=C(N2C)C=CC=C3)=O)CCN(C)C,1,0.939262330532074,0.9636605381965636,0.9624372720718384,0.3953488372093023,0.037016185187263094,0.03828638681739125,0.06266046655240087,Medium (0.3-0.5),0
4,C1=CC=CC2=C1N(C(CC(S2)C3=CC=CC=C3)=O)CCN(C)C,1,0.9705864787101746,0.9690653681755066,0.9707009196281432,0.453125,0.03142320994920753,0.029736870877835518,0.02985477296507841,Medium (0.3-0.5),0
4,C1=CC=CC2=C1N(C3=C(S2)C=CC(=C3)[S](N(C)C)(=O)=O)CCCN4CCN(CC4)C,1,0.914922833442688,0.9259639978408812,0.9224766492843628,0.7333333333333333,0.07691992431328473,0.08069321581669475,0.08891555229832845,High (>=0.5),0
4,C1=CC=CC2=C1OC(CNCCCC)CO2,1,0.9641401171684264,0.907046377658844,0.8862572312355042,0.5094339622641509,0.0975616971435503,0.12074804180603599,0.036518645174065875,High (>=0.5),0
4,C1=CC=CC3=C1C(C2=C(C=CC=C2)CC3)C(N)=O,1,0.9272626042366028,0.9242743849754332,0.8622829914093018,0.5666666666666667,0.07874629798578195,0.1481717658973883,0.07551846956747812,High (>=0.5),0
4,C1=CC=CC3=C1C(C2=CC=CC=C2)(C=C3)CCN(C)C,1,0.9820591807365416,0.972695529460907,0.982799470424652,0.3529411764705882,0.027684165127474764,0.01735017717871362,0.01810370692773789,Medium (0.3-0.5),0
4,C1=CC=CC3=C1C(C2=CC=CC=C2)(OC3(C)C)CCCNC,1,0.9681849479675292,0.9641367793083192,0.9354636073112488,0.5111111111111111,0.036522107187341356,0.06671303588332272,0.03233214800564299,High (>=0.5),0
4,C1=CC=CC3=C1C(C2=CC=CC=C2CC3)CC(CN(C)C)C,1,0.9404105544090272,0.9603074193000792,0.9631659388542176,0.5121951219512195,0.040501817344855265,0.03752956753808704,0.061438739060374135,High (>=0.5),0
4,C1=CC=CC3=C1C(N(C2C(NC(=O)CC2)=O)C3=O)=O,1,0.4211016595363617,0.6544826626777649,0.6083487272262573,0.3541666666666667,0.4239101833982129,0.4970069969243576,0.8648810028665189,Medium (0.3-0.5),1
4,C1=CC=CC3=C1SC2=C(C=CC=C2)C=C3CN(C)C,1,0.9659743309020996,0.9741365313529968,0.9475409984588624,0.4390243902439024,0.026203809236227733,0.05388507282040161,0.034618017687790194,Medium (0.3-0.5),0
4,C1=CC=CC=C1C2=NCC(NC3=C2[N](N=C3C)CC)=O,1,0.9377680420875548,0.9609963297843932,0.9231906533241272,0.490566037735849,0.03978468918209992,0.0799195074951856,0.0642526504424338,Medium (0.3-0.5),0
4,C1=CSC2=C1C(C3=C(CC2)C=CC=C3)=C4CCN(CC4)C,1,0.9765363931655884,0.969009518623352,0.9488815069198608,0.55,0.03148084399890336,0.05247134915865458,0.023743260373097208,High (>=0.5),0
4,C1=NC2=C([N]1CC(C)=O)C(N(CCCC)C(N2CCCC)=O)=O,1,0.7481040954589844,0.913105607032776,0.8133529424667358,0.3137254901960784,0.0909037347229347,0.20659014006338172,0.29021314563809925,Medium (0.3-0.5),0
4,C1=NC2=C([N]1CC(C)O)C(N(C)C(N2C)=O)=O,1,0.4216695129871368,0.8206747174263,0.8650078177452087,0.5576923076923077,0.1976284509300422,0.14501673423536626,0.8635334163442856,High (>=0.5),1
4,C1=NC2=C([N]1CCN(C)C)C(N(C)C(N2C)=O)=O,1,0.8003559112548828,0.9148947596549988,0.9492693543434144,0.4814814814814814,0.08894623709204484,0.05206269098836243,0.22269876117940596,Medium (0.3-0.5),0
4,C1=NC2=C([N]1CCN(CC)CC)C(N(C)C(N2C)=O)=O,1,0.8334445953369141,0.918847382068634,0.944168210029602,0.4727272727272727,0.08463523998375794,0.057450940119657505,0.18218805130191257,Medium (0.3-0.5),0
4,C1=NC=CN=C1N(C3CCN(CCC2=CC=CC=C2)CC3)C(C4=CC=CO4)=O,1,0.7828762531280518,0.8272404074668884,0.8129081130027771,0.4838709677419355,0.1896599279359042,0.207137197958615,0.24478063746333792,Medium (0.3-0.5),0
4,C1CN(CCC1)Cc1cccc(c1)OCCCNc1nccs1,1,0.910568118095398,0.8671551942825317,0.8206647634506226,0.6727272727272727,0.14253731674117306,0.19764058001825774,0.0936865686695723,High (>=0.5),0
4,C2=C(C1CCNCC1)OC3=C2C=C(OC)C=C3Br,1,0.908942461013794,0.8985756635665894,0.760962724685669,0.2592592592592592,0.10694436532288992,0.2731709043363131,0.09547348602288619,Low (<0.3),0
4,C2=C(CN(C(=C(SC(=O)C1=CC=CO1)\CCOC(=O)COC(=O)C)/C)C=O)C(=NC(=N2)C)N,1,0.8247917294502258,0.7897539138793945,0.8374751210212708,0.6619718309859155,0.23603388346620235,0.17736372196741354,0.1926243736693484,High (>=0.5),0
4,C3=C(C1=NC(C(=O)NC2=C1N=C(Cl)C=C2)O)C(=CC=C3)Cl,1,0.7351193428039551,0.8675076365470886,0.6942297220230103,0.6458333333333334,0.1421309642637432,0.36495236168703915,0.30772242178822706,High (>=0.5),0
4,C3=C(C2CN1C(CCN=C1C2)=O)C=CC=C3,1,0.9838799834251404,0.9691269993782043,0.9636892080307008,0.3409090909090909,0.03135961336947658,0.036986434661500533,0.016251357432474522,Medium (0.3-0.5),0
4,C3=C(N2CCN(CCCC(C1=CC=C(F)C=C1)=O)CC2)N=CC4=CC=CC=C34,1,0.9680370092391968,0.904597818851471,0.9195353984832764,0.6981132075471698,0.10026483311588556,0.08388673814394215,0.03248495975128988,High (>=0.5),0
4,C3=C(N2CCN(CCCC(C1=CC=C(F)C=C1)O)CC2)C(=CC=C3)OC,1,0.9477513432502748,0.9025251269340516,0.9145019054412842,0.4666666666666667,0.10255874768449429,0.0893757275653237,0.0536631072822659,Medium (0.3-0.5),0
4,C3=C2C(=NC1=CSC=C1C(/C2=CS3)=C/C#N)N4CCN(C)CC4,1,0.8756971955299377,0.9421359300613404,0.8759883642196655,0.3770491803278688,0.05960571538776047,0.1324024709882266,0.13273491500569176,Medium (0.3-0.5),0
4,C3=C2C([NH2+]CCCCCCC(O)=O)C1=CC=CC=C1CCC2=CC=C3.[Cl-],1,0.8677229881286621,0.8492346405982971,0.7645930051803589,0.3333333333333333,0.16341975794744718,0.26841160610020237,0.14188275335780745,Medium (0.3-0.5),0
4,C4=C(C3=C(CCN2CCN(C1=C(C=CC=C1)OC)CC2)OC(N3)=O)C=CC(=C4)F,1,0.9163581132888794,0.8961464166641235,0.871039867401123,0.4696969696969697,0.10965146790190909,0.1380675311896276,0.08734803733822477,Medium (0.3-0.5),0
4,C4=C(CCNC(C12CC3CC(C1)CC(C2)C3)=O)C=CC(=C4O)O,1,0.8143885731697083,0.8310377597808838,0.8442057371139526,0.3902439024390244,0.1850800461928416,0.16935904973885801,0.2053176642645346,Medium (0.3-0.5),0
4,C4=C(N3CCN(CCCCN2C(C1=C(C=CC=C1)NC2=O)=O)CC3)C(=CC=C4)SCCC,1,0.9290806651115416,0.913329303264618,0.8983211517333984,0.546875,0.09065878076186072,0.1072276446216519,0.07355971389309215,High (>=0.5),0
4,C4=C3[NH]C1=C(CCNC1CC2=CC=CC=C2)C3=CC=C4,1,0.8314385414123535,0.924000084400177,0.8781931400299072,0.3333333333333333,0.07904311599827415,0.1298887322834495,0.18459789599443435,Medium (0.3-0.5),0
4,C4Oc3ccc(CN1CCN(CC1)c2ncccn2)cc3O4,1,0.9675448536872864,0.8629862666130066,0.9252066612243652,0.4821428571428571,0.14735650156761754,0.07773814888383941,0.03299349475251433,Medium (0.3-0.5),0
4,C5=C3C1=C(OC4C12C(C(N(CC2)C)C3)CC=C4C)C(=C5)O,1,0.9641838669776917,0.9666761755943298,0.9781116247177124,0.6666666666666666,0.033891714902342045,0.0221314797571211,0.03647326917954167,High (>=0.5),0
4,CC(=O)CC(c1ccccc1)C2=C(O)Oc3ccccc3C2=O,0,0.2332099378108978,0.6949033737182617,0.5967512130737305,0.3541666666666667,1.18712674506651,0.9082015702237006,0.26554222800273936,Medium (0.3-0.5),2
4,CC(=O)c1ccc2Sc3ccccc3N(CCCN4CCN(CCO)CC4)c2c1,1,0.94547301530838,0.9366947412490844,0.9477303624153136,0.7818181818181819,0.06539783290784147,0.05368524501633034,0.056069931419532426,High (>=0.5),0
4,CC(C)(C(O)=O)c1ccc(cc1)C(=O)CCCN2CCC(CC2)OC(c3ccccc3)c4ccccc4,0,0.8945485949516296,0.873210608959198,0.6688835620880127,0.5,2.065227907349926,1.1052851892946582,2.249505047837251,Medium (0.3-0.5),3
4,CC(C)(C)OC(=O)C1=C2CN(C(=O)C3=C(N2C=N1)C=CS3)C,1,0.856711745262146,0.8839876651763916,0.7506951093673706,0.3246753246753247,0.12331216986221498,0.28675568918746186,0.15465377021683865,Medium (0.3-0.5),0
4,CC(C)(C)OC(=O)c1ncn2c3cccc(Br)c3C(=O)N4CCC[C@H]4c12,1,0.5422085523605347,0.8258994817733765,0.5709141492843628,0.2674418604651162,0.19128220563463405,0.5605164321460512,0.6121045685994507,Low (<0.3),0
4,CC(C)(C)c1ccc(cc1)C(=O)CCCN2CCC(CC2)OC(c3ccccc3)c4ccccc4,0,0.9501352310180664,0.9289485812187196,0.7711133360862732,0.484375,2.6443514558659813,1.474528315347248,2.998440558009115,Medium (0.3-0.5),3
4,CC(C)C(=O)OCc1cccc(OC(=O)[C@@H]2N3[C@H](SC2(C)C)[C@H](NC(=O)Cc4ccccc4)C3=O)c1,0,0.050728365778923,0.1791353076696396,0.0778838768601417,0.6285714285714286,0.19739699147950526,0.08108411634984769,0.05206028927285954,High (>=0.5),0
4,CC(C)CCNCC2COc1ccccc1O2,1,0.9650934934616088,0.9099935293197632,0.8965170383453369,0.5,0.0943177901341449,0.10923798071282384,0.03553029791996816,Medium (0.3-0.5),0
4,CC(C)COCC(CN(Cc1ccccc1)c2ccccc2)N3CCCC3,0,0.9506188035011292,0.9383006691932678,0.9137980937957764,0.3,2.785482194049674,2.4510629878189016,3.0081855649238474,Low (<0.3),3
4,CC(C)[C@H](NC(=O)[C@H](Cc1ccccc1)NC(=O)CNC(=O)[C@@H](C)NC(=O)[C@@H](N)Cc2ccc(O)cc2)C(N)=O,0,0.375123530626297,0.41121506690979,0.501620888710022,0.3150684931506849,0.5296943010759085,0.6963942239241689,0.4702012977829489,Medium (0.3-0.5),1
4,CC(CN1CCN(CCOCCO)CC1)CN2c3ccccc3Sc4ccccc24,1,0.9559637904167176,0.9388010501861572,0.952174723148346,0.5245901639344263,0.06315169635851761,0.04900672831198996,0.04503524278119515,High (>=0.5),0
4,CC(COc1ccccc1)N(CCCl)Cc2ccccc2,0,0.9221901893615724,0.9261453747749328,0.9325281381607056,0.4047619047619047,2.6056566419717844,2.696044629654703,2.5534877549968247,Medium (0.3-0.5),3
4,CC1(C)S[C@@H]2C(NC(=O)[C@H](NC(=O)C3=CNc4cccnc4C3=O)c5ccccc5)C(=O)N2[C@H]1C(O)=O,0,0.0477994792163372,0.0499076358973979,0.0526826567947864,0.5416666666666666,0.05119607374247048,0.05412113822937681,0.048979635295106204,High (>=0.5),0
4,CC1(C)S[C@@H]2[C@H](NC(=O)C34C[C@H]5C[C@H](CC(N)(C5)C3)C4)C(=O)N2[C@H]1C(O)=O,0,0.1299854069948196,0.0631574243307113,0.0953161939978599,0.6363636363636364,0.06524001974962335,0.1001697819645859,0.13924529390500956,High (>=0.5),0
4,CC13CCCCCC(Cc2ccc(O)cc12)C3N,1,0.9553701877593994,0.934160590171814,0.952369213104248,0.46,0.06810691744749903,0.04880249048594028,0.04565638244928154,Medium (0.3-0.5),0
4,CC1=C(CCN2CCC(CC2)c3noc4cc(F)ccc34)C(=O)N5CCCCC5=N1,1,0.9519125819206238,0.927827000617981,0.9429445266723632,0.6621621621621622,0.07490998532249574,0.058747824513419596,0.04928207412064117,High (>=0.5),0
4,CC1=C2NC3=CC(=O)C=CC3=C2C=CN1,1,0.8361966013908386,0.8490744233131409,0.7156389355659485,0.3023255813953488,0.16360843654433643,0.3345795191492064,0.1788915244175628,Medium (0.3-0.5),0
4,CC1CN(CCN1)c2cc3N(C=C(C(O)=O)C(=O)c3c(C)c2F)C4CC4,0,0.6622474193572998,0.6122747659683228,0.542931854724884,0.4647887323943662,0.9474583499345659,0.7829227848168153,1.085441661482047,Medium (0.3-0.5),3
4,CC1OC(C)OC(O1)C,1,0.9845169186592102,0.9090333580970764,0.889447033405304,0.2631578947368421,0.0953734879014561,0.11715532013003677,0.015604196023486977,Low (<0.3),0
4,CCC(=O)c1ccc2Sc3ccccc3N(CCCN4CCN(CCO)CC4)c2c1,1,0.9494943618774414,0.9391525983810424,0.945565700531006,0.639344262295082,0.06277730138954724,0.05597190569227064,0.051825686738536055,High (>=0.5),0
4,CCC(C(=O)NC\C=C\C=C(/C)C(OC)C(C)C1OC(\C=C\C=C\C=C(/C)C(=O)C2=C(O)N(C)C=CC2=O)C(O)C1O)C3(O)OC(\C=C\C=C\C)C(C)(C)C(OC4OC(C)C(OC5OC(C)C(OC)C(O)C5OC)C(OC)C4O)C3O,0,0.3399896025657654,0.3245705068111419,0.370043009519577,0.2093023255813953,0.3924065042481314,0.46210373100569196,0.4154996903975196,Low (<0.3),0
4,CCC(C)N1N=CN(C1=O)c2ccc(cc2)N3CCN(CC3)c4ccc(OC[C@H]5CO[C@@](Cn6cncn6)(O5)c7ccc(Cl)cc7Cl)cc4,0,0.951817750930786,0.8458966016769409,0.8836319446563721,0.7469879518072289,1.8701314841863168,2.1509972199785974,3.0327646023283776,High (>=0.5),3
4,CCC1(C)CC(=O)NC1=O,1,0.9717016220092772,0.9729923605918884,0.98388934135437,0.3571428571428571,0.02737904822275248,0.01624184622695683,0.02870649488911231,Medium (0.3-0.5),0
4,CCC1(CCC(=O)NC1=O)c2ccccc2,1,0.9715024828910828,0.9604529738426208,0.9715684056282043,0.5,0.0403502580526709,0.02884360026241293,0.02891145443853834,Medium (0.3-0.5),0
4,CCCCCc1cc(O)c(C2C=C(C)CC[C@H]2C(C)=C)c(O)c1,1,0.5661059617996216,0.7951043248176575,0.7247156500816345,0.2033898305084746,0.22928194675147523,0.32197590784461183,0.5689740066407614,Low (<0.3),0
4,CCCCCc1cc(O)c2[C@@H]3C=C(C)CC[C@H]3C(C)(C)Oc2c1,1,0.6056636571884155,0.8816820979118347,0.6354073882102966,0.2112676056338028,0.12592372115354297,0.4534889295619822,0.5014304681352996,Low (<0.3),0
4,CCCCc1nc(Cl)c(CO)n1Cc2ccc(cc2)c3ccccc3c4n[nH]nn4,0,0.7461028099060059,0.8668606877326965,0.7669758796691895,0.4324324324324324,2.016359238308098,1.4566133100412453,1.3708258573118925,Medium (0.3-0.5),3
4,CCC[C@@H]1C[C@H](N(C)C1)C(=O)NC(C(C)Cl)[C@H]2O[C@H](SC)[C@H](O)[C@@H](O)[C@H]2O,0,0.1550296694040298,0.1377560049295425,0.5059691667556763,0.1927710843373494,0.14821699144521294,0.7051573482676396,0.16845376396213949,Low (<0.3),1
4,CCC[C@@H]1C[C@H](N(C)C1)C(=O)NC(C(C)Cl)[C@H]2O[C@H](SC)[C@H](O[P](O)(O)=O)[C@@H](O)[C@H]2O,0,0.1485224813222885,0.2221493422985077,0.6695564389228821,0.1919191919191919,0.2512207299116738,1.1073194025721516,0.16078218125058602,Low (<0.3),1
4,CCSc1ccc2Sc3ccccc3N(CCCN4CCN(C)CC4)c2c1,1,0.9662407040596008,0.9571262001991272,0.9642196893692015,0.532258064516129,0.0438200255868543,0.036436116798862724,0.034342299763678315,High (>=0.5),0
4,CC[C@H]1OC(=O)[C@H](C)[C@@H](O[C@H]2C[C@@](C)(OC)[C@@H](O)[C@H](C)O2)[C@H](C)[C@@H](O[C@@H]3O[C@H](C)C[C@@H]([C@H]3O)N(C)C)[C@@](C)(C[C@@H](C)C(=O)[C@H](C)[C@@H](O)[C@]1(C)O)OC,0,0.1926647573709488,0.1765738278627395,0.0896625146269798,0.75,0.1942813847042357,0.09393988517666829,0.21401627859898434,High (>=0.5),0
4,CC[C@H]1OC(=O)[C@H](C)[C@@H](O[C@H]2C[C@@](C)(OC)[C@@H](O)[C@H](C)O2)[C@H](C)[C@@H](O[C@@H]3O[C@H](C)C[C@@H]([C@H]3O)N(C)C)[C@](C)(O)C[C@@H](C)C(=O)[C@H](C)[C@@H](O)[C@]1(C)O,0,0.109946459531784,0.138377770781517,0.0624410323798656,0.8170731707317073,0.14893835354416926,0.06447562432080745,0.11647366023590507,High (>=0.5),0
4,CC[C@H]1OC(=O)[C@H](C)[C@@H](O[C@H]2C[C@@](C)(OC)[C@@H](O)[C@H](C)O2)[C@H](C)[C@@H](O[C@@H]3O[C@H](C)C[C@@H]([C@H]3O)N(C)C)[C@](C)(O)C[C@](C)(F)C(=O)[C@H](C)[C@@H](O)[C@]1(C)O,0,0.1271286159753799,0.1706418991088867,0.0665616616606712,0.7444444444444445,0.1871032498185646,0.0688803724516387,0.13596706042841913,High (>=0.5),0
4,CCc1nc(N)nc(N)c1c2ccc(Cl)cc2,1,0.8593343496322632,0.9036065340042114,0.8184671998023987,0.2826086956521739,0.10136126333407505,0.2003219565201582,0.15159720149208122,Low (<0.3),0
4,CN(C)C(=O)C(CCN1CCC(O)(CC1)c1ccc(Cl)cc1)(c1ccccc1)c1ccccc1,1,0.9148437976837158,0.9398356080055236,0.9370371699333192,0.4516129032258064,0.06205030411277668,0.0650323284447927,0.08900194119369559,Medium (0.3-0.5),0
4,CN(C)C(=O)C(CCN1CCC(O)(CC1)c2ccc(Cl)cc2)(c3ccccc3)c4ccccc4,0,0.9148437976837158,0.9398357272148132,0.9370371699333192,0.4516129032258064,2.810676578172676,2.765210725650044,2.463268034640238,Medium (0.3-0.5),3
4,CN(C)C(=O)COC2c1ccccc1CCc3ccccc23,1,0.9688354134559632,0.9470639824867249,0.9495798349380492,0.3265306122448979,0.05438862473440429,0.051735671234340544,0.03166053347247796,Medium (0.3-0.5),0
4,CN(C)C1C2C(O)C3C(=C)c4c(Cl)ccc(O)c4C(=C3C(=O)C2(O)C(=O)\C(=C(N)/O)C1=O)O,0,0.0026858004275709,0.0101191196590662,0.0148437563329935,0.75,0.010170665980826494,0.014955027377158609,0.0026894136606046126,High (>=0.5),0
4,CN(CCc2cc3cccc4CCc1ccccc1n2c34)Cc5ccccc5,1,0.8999565839767456,0.9369531273841858,0.8741329312324524,0.3584905660377358,0.06512202213137161,0.13452281966026977,0.10540875684725198,Medium (0.3-0.5),0
4,CN1C(=O)N(C)c2nc[nH]c2C1=O,0,0.548740029335022,0.8489040732383728,0.9411019086837769,0.5294117647058824,1.8898403673028834,2.831946594346726,0.7957116739226908,High (>=0.5),3
4,CN1C(=O)N(C)c2nc[nH]c2C1=O.CN3C(=O)N(C)c4nc[nH]c4C3=O.NCCN,0,0.6239306330680847,0.8593573570251465,0.928439199924469,0.4615384615384615,1.961533052738531,2.6372078399187786,0.9779816660867368,Medium (0.3-0.5),3
4,CN1C(=O)NC(=O)C(C)(C1=O)C2=CCCCC2,1,0.9627206921577454,0.9424577355384828,0.9188872575759888,0.35,0.059264203595437215,0.08459184361248563,0.03799194854975749,Medium (0.3-0.5),0
4,CN1CCC23C4CCC(O)C2Oc5c(O)ccc(CC14)c35,1,0.916016399860382,0.9280152320861816,0.9650196433067322,0.7592592592592593,0.07470713244467124,0.035606822092055075,0.08772101069056792,High (>=0.5),0
4,CN1CCN(CCCN2c3ccccc3Sc4ccc(Cl)cc24)CC1,1,0.9695764780044556,0.965443789958954,0.9720055460929872,0.7169811320754716,0.03516739739046485,0.02839376868099363,0.030895923445206665,High (>=0.5),0
4,CN1CCN(CCCN2c3ccccc3Sc4ccc(cc24)C(F)(F)F)CC1,1,0.973929524421692,0.9807093143463136,0.9759883284568788,0.7692307692307693,0.01947917897798738,0.02430465118882852,0.02641633481406463,High (>=0.5),0
4,CN1CCN=C(c2ccccc2)c3cc(Cl)ccc13,1,0.9723538160324096,0.9683578610420228,0.9564469456672668,0.6086956521739131,0.0321535688653847,0.04452995879411802,0.028035532492837304,High (>=0.5),0
4,CN1CC[C@]2(C)[C@H]1N(C)c3ccc(OC(=O)Nc4ccccc4)cc23,1,0.5471835732460022,0.860052764415741,0.690611720085144,0.7547169811320755,0.15076153764486977,0.37017752329688636,0.602970932777169,High (>=0.5),0
4,CN1Cc2n(cnc2C(=O)OC(C)(C)C)c3ccsc3C1=O,1,0.856711745262146,0.8839876651763916,0.7506951093673706,0.3246753246753247,0.12331216986221498,0.28675568918746186,0.15465377021683865,Medium (0.3-0.5),0
4,CNCCCC12CCC(c3ccccc13)c4ccccc24,1,0.9763754606246948,0.959315836429596,0.973215878009796,0.392156862745098,0.04153491897635152,0.027149352947131895,0.02390807328151957,Medium (0.3-0.5),0
4,CNCC[C@@H](O)[C@@H]1C[C@@H](CN1)SC2=C(N3[C@H]([C@H]2C)[C@@H]([C@@H](C)O)C3=O)C(O)=O,0,0.0034333318471908,0.0067808632738888,0.0312942788004875,0.3,0.006803957786956816,0.031794406508074205,0.003439239256250038,Low (<0.3),0
4,COC(=O)C1=C(C)NC(=C(C1c2cccc(c2)[N+]([O-])=O)C(=O)OCCN(C)Cc3ccccc3)C,0,0.3079118430614471,0.6960040330886841,0.5650975704193115,0.6885245901639344,1.1907408444030116,0.8326335728669277,0.3680419370585734,High (>=0.5),2
4,COC1CC(OC(C)C1O)O[C@H]2[C@H](C)[C@@H](OC3OC(C)CC(C3O)N(C)C)[C@@H](C)C[C@]4(CO4)C(=O)[C@H](C)[C@@H](O)[C@@H](C)[C@@H](C)OC(=O)[C@@H]2C,0,0.1251351088285446,0.1177190691232681,0.0950901061296463,0.7654320987654321,0.12524475795745701,0.09991990502325264,0.13368581463675314,High (>=0.5),0
4,COC1CCCC2C3C(C(C)O)C(=O)N3C(=C12)C([O-])=O,0,0.0094204265624284,0.0140143036842346,0.0877525508403778,0.365079365079365,0.01411343126386859,0.09184399987708362,0.009465079434736191,Medium (0.3-0.5),0
4,CO[C@H]1[C@@H](C[C@@H]2CN3CCc4c([nH]c5cc(OC)ccc45)[C@H]3C[C@@H]2[C@@H]1C(=O)OC)OC(=O)\C=C\c6cc(OC)c(OC)c(OC)c6,1,0.5774004459381104,0.6719516515731812,0.783326268196106,0.7564102564102564,0.39756888811102015,0.2442059798768365,0.5492192394326613,High (>=0.5),0
4,CO[C@]1(NC(=O)CSCC#N)[C@H]2SCC(=C(N2C1=O)C(O)=O)CSc3nnnn3C,0,0.1641358286142349,0.2640269696712494,0.1757934838533401,0.6352941176470588,0.3065618044997201,0.19333415408263535,0.17928915351677496,High (>=0.5),0
4,CO[C@]1(NC(=O)CSC[C@@H](N)C(O)=O)[C@H]2SCC(=C(N2C1=O)C(O)=O)CSc3nnnn3C,0,0.111340619623661,0.2027914077043533,0.1683233976364135,0.6395348837209303,0.2266389126086972,0.18431161280622593,0.11804126607160606,High (>=0.5),0
4,COc1cc(cc(OC)c1O)[C@H]2[C@@H]3C(COC3=O)[C@H](O[C@@H]4O[C@@H]5CO[C@@H](C)O[C@H]5[C@H](O)[C@H]4O)c6cc7OCOc7cc26,0,0.1291204988956451,0.2552743256092071,0.5498356223106384,0.7530864197530864,0.29473935070729107,0.7981424791635029,0.13825165716023305,High (>=0.5),1
4,COc1ccc2nccc([C@@H](O)[C@@H]3C[C@H]4CCN3C[C@@H]4C=C)c2c1,0,0.6858314871788025,0.5977970957756042,0.5342616438865662,1.0,0.910798580823321,0.7641312701061695,1.1578257719914022,High (>=0.5),3
4,C[C@@H](O)[C@@H]1[C@H]2SC(=C(N2C1=O)C(O)=O)[C@H]3CCCO3,0,0.0123770330101251,0.0057171047665178,0.0329517163336277,0.3870967741935484,0.005733509966686028,0.033506853372713634,0.012454266425221235,Medium (0.3-0.5),0
4,C[C@H]1CN(C[C@@H](C)N1)c2c(F)c(N)c3C(=O)C(=CN(C4CC4)c3c2F)C(O)=O,0,0.0977972820401191,0.4546433389186859,0.2263277769088745,0.3888888888888889,0.6063152743584915,0.25660697946563393,0.10291604142106817,Medium (0.3-0.5),0
4,C[C@H]1C[C@H]2[C@@H]3CC[C@](O)(C(=O)CO)[C@@]3(C)C[C@H](O)[C@@H]2[C@@]4(C)C=CC(=O)C=C14,0,0.7557726502418518,0.729388952255249,0.855054497718811,0.5970149253731343,1.307072737232017,1.9313974535461274,1.409655726205156,High (>=0.5),3
4,C[C@H]1O[C@H](C[C@H](O)[C@@H]1O)O[C@H]2[C@@H](O)C[C@@H](O[C@@H]2C)O[C@H]3[C@@H](O)C[C@@H](O[C@@H]3C)O[C@H]4CC[C@@]5(C)[C@H](CC[C@@H]6[C@@H]5C[C@@H](O)[C@]7(C)[C@H](CC[C@]67O)C8=CC(=O)OC8)C4,0,0.3276098966598511,0.3248413801193237,0.2649644017219543,0.8133333333333334,0.3928076233001835,0.3078363479107871,0.3969165959674316,High (>=0.5),0
4,C[C@]1(O)CC[C@H]2[C@@H]3CC[C@H]4CC(=O)OC[C@]4(C)[C@H]3CC[C@]12C,0,0.5483081936836243,0.6105130314826965,0.3596126437187195,0.5,0.9429248711827545,0.44568204152531227,0.7947551761443381,Medium (0.3-0.5),2
4,C[C@]12C[C@H](O)[C@H]3[C@@H](CCC4=CC(=O)C=C[C@]34C)[C@@H]1CC[C@]2(O)C(=O)CO,0,0.3907383382320404,0.6372718214988708,0.2847560048103332,0.8,1.0141015447788089,0.3351315424878346,0.495507445473373,High (>=0.5),1
4,Cc1cnn(c1C(=O)N[C@H]2[C@H]3SC(C)(C)[C@@H](N3C2=O)C(O)=O)c4c(Cl)cccc4Cl,0,0.0880935415625572,0.1407236456871032,0.1938933879137039,0.6,0.1516646924244433,0.2155392721628979,0.09221786167101564,High (>=0.5),0
4,Clc1ccc(COC(Cn2ccnc2)c3ccc(Cl)cc3Cl)c(Cl)c1,0,0.8866281509399414,0.8335932493209839,0.8387522101402283,0.3050847457627119,1.793320182433456,1.8248130296961766,2.177082163126576,Medium (0.3-0.5),3
4,Clc1ccc(COC(Cn2ccnc2)c3ccc(Cl)cc3Cl)cc1,0,0.8761231899261475,0.8078581094741821,0.7954046726226807,0.3508771929824561,1.6495211667348155,1.5867212635684125,2.088467674339023,Medium (0.3-0.5),3
4,Clc1ccc2OC(=O)Nc2c1,1,0.5935592651367188,0.7998320460319519,0.6409118175506592,0.2666666666666666,0.2233535158152731,0.44486340164888105,0.5216182129056308,Low (<0.3),0
4,Cn1cnc2N(C)C(=O)N(C)C(=O)c12,1,0.7134265899658203,0.8914873600006104,0.9553788900375366,0.4117647058823529,0.11486402012986474,0.04564727368849406,0.33767573458229716,Medium (0.3-0.5),0
4,Cn1cnc2N(C)C(=O)NC(=O)c12,1,0.5103572010993958,0.823545515537262,0.8728048801422119,0.2619047619047619,0.19413646005118484,0.13604325311523677,0.6726444041128549,Low (<0.3),0
4,Cn1cnc2NC(=O)N(C)C(=O)c12,1,0.5638003349304199,0.787945032119751,0.8752090930938721,0.2926829268292683,0.23832694775054375,0.13329245763590683,0.5730551062433799,Low (<0.3),0
4,Cn1nnnc1SCC2=C(N3[C@H](SC2)[C@H](NC(=O)CS\C=C/C#N)C3=O)C(O)=O,0,0.0375649593770504,0.0811686664819717,0.0674244090914726,0.6125,0.08465270609518434,0.06980506811307394,0.038288705359638506,High (>=0.5),0
4,Fc1ccc(cc1)C(CCCN2CCC(CC2)N3C(=O)Nc4cc(Cl)ccc34)c5ccc(F)cc5,1,0.8375280499458313,0.9100067615509032,0.9231261610984802,0.6363636363636364,0.09430324922312788,0.07998936790610688,0.1773005233711415,High (>=0.5),0
4,Fc1ccc(cc1)C(CCCN2CCC(CC2)N3C(=O)Nc4ccccc34)c5ccc(F)cc5,1,0.8319973349571228,0.9089531898498536,0.9254069924354552,0.5862068965517241,0.09546168244543145,0.07752164641561617,0.18392604134259374,High (>=0.5),0
4,N1(Cc2cc(OCCCNc3nccs3)ccc2)CCCCC1,1,0.910568118095398,0.8671551942825317,0.8206647634506226,0.6727272727272727,0.14253731674117306,0.19764058001825774,0.0936865686695723,High (>=0.5),0
4,Nc1nc(Cl)nc2n(cnc12)[C@H]3C[C@H](O)[C@@H](CO)O3,1,0.4634076952934265,0.6867629289627075,0.4888074100017547,0.4426229508196721,0.3757661278822445,0.7157867116615988,0.7691480609641534,Medium (0.3-0.5),2
4,O.N[C@@H](C(=O)NC1C2CCC(=C(N2C1=O)C(O)=O)Cl)c3ccccc3,0,0.0961262658238411,0.1413812041282653,0.2639549374580383,0.6491228070175439,0.1524302321294771,0.3064639358476738,0.10106560292925866,High (>=0.5),0
4,O.O.O.C[C@H](O)C1C2[C@@H](C)C(=C(N2C1=O)C(O)=O)S[C@@H]3CN[C@@H](C3)C(=O)N(C)C,0,0.0113926390185952,0.0069492096081376,0.0528900697827339,0.3157894736842105,0.006973467814122306,0.054340109938331896,0.011458032272741126,Medium (0.3-0.5),0
4,OC(=O)C1=C(CS[C@@H]2[C@H](NC(=O)Cc3sccc3)C(=O)N12)CSc4[nH]ncn4,0,0.0131901102140545,0.067226305603981,0.0377897508442401,0.6164383561643836,0.06959266447393023,0.03852229797995732,0.013277872299789334,High (>=0.5),0
4,OC(=O)C1=CC(=O)c2ccccc2N1,1,0.4102011620998382,0.4454949200153351,0.2944126725196838,0.4210526315789473,0.8085694350199338,1.2227728478103448,0.8911076003399756,Medium (0.3-0.5),3
4,OC(=O)C1=CN(C2CC2)c3cc(N4CCNCC4)c(F)cc3C1=O,0,0.8067969679832458,0.6314688920974731,0.6086563467979431,0.6727272727272727,0.9982301532697803,0.9381691965654765,1.644013663658364,High (>=0.5),3
4,OC(=O)C1CCn2c1ccc2C(=O)c3ccccc3,0,0.7666114568710327,0.6737779378890991,0.5432983636856079,0.3265306122448979,1.1201769573885298,0.7837249758889269,1.4550506471855202,Medium (0.3-0.5),3
4,OC(=O)CCc1oc(c2ccccc2)c(n1)c3ccccc3,0,0.7182198762893677,0.8717888593673706,0.5851614475250244,0.3125,2.0540768378606638,0.8798658646240929,1.2666282153244095,Medium (0.3-0.5),3
4,OC1C(N2CCC1)=NC(C)=C(CCN3CCC(CC3)c4c5ccc(F)cc5on4)C2=O,1,0.9083675146102904,0.9074916839599608,0.9102227091789246,0.6447368421052632,0.09707087656560193,0.09406597405259906,0.09610623049729924,High (>=0.5),0
4,OCCN1CCN(CCCN2c3ccccc3Sc4ccc(Cl)cc24)CC1,1,0.9502833485603333,0.94521963596344,0.9566509127616882,0.6727272727272727,0.05633795948457663,0.044316726528663794,0.05099507721625569,High (>=0.5),0
4,OCCN1CCN(CCCN2c3ccccc3Sc4ccc(cc24)C(F)(F)F)CC1,1,0.9589024186134338,0.969380497932434,0.9639636278152466,0.7547169811320755,0.031098073441437796,0.03670171556551334,0.04196596254657744,High (>=0.5),0
4,OC[C@H]1O[C@@H](OC2=C(Oc3cc(O)cc(O)c3C2=O)c4ccc(O)c(O)c4)[C@H](O)[C@@H](O)[C@@H]1O,0,0.0132593493908643,0.090158611536026,0.0461385883390903,0.3975903614457831,0.09448499305420857,0.047236888882366775,0.013348039417804294,Medium (0.3-0.5),0
4,S1[C@H]4N(CC1(C2CN3[C@H](S2)CC3=O)O)C(C4)=O,1,0.9349048733711244,0.8883622288703918,0.395285815000534,0.2083333333333333,0.11837570377024804,0.9281461934606263,0.06731049457931282,Low (<0.3),1
4,S=[P](N1CC1)(N2CC2)N3CC3,1,0.9817423224449158,0.972066044807434,0.9665477275848388,0.1081081081081081,0.02833152949726243,0.0340245996752531,0.018426405829701453,Low (<0.3),0
4,[C@@]1([C@H](C2CCC1CC2)NC(C)C)(C3=CC(=C(C=C3)Cl)Cl)O,1,0.5913003087043762,0.7712491154670715,0.6060478091239929,0.2622950819672131,0.25974385064543826,0.5007964030808245,0.5254312540780729,Low (<0.3),0
4,[C@@]23(F)[C@H]([C@H]1[C@@]([C@@]([C@H](C1)C)(O)C(=O)CCl)(CC2=O)C)CCC4=CC(=O)C=C[C@]34C,1,0.9775832891464232,0.919126033782959,0.9676291942596436,0.7580645161290323,0.08433202371952184,0.032906328874592335,0.022671784464564772,High (>=0.5),0
4,[C@@]4([C@@]3([C@H]([C@H]2[C@@H]([C@@]1(C(=CC(=O)C=C1)CC2)C)[C@H](C3)O)CC4)C)(C(COC(CC)=O)=O)OC(OCC)=O,1,0.9411746859550476,0.8492894768714905,0.8716498017311096,0.75,0.16335518862794396,0.13736753925681794,0.0606265179909945,High (>=0.5),0
4,[C@@]4([C@@]3([C@H]([C@H]2[C@@H]([C@@]1(C(=CC(=O)C=C1)C[C@H]2Cl)C)[C@H](C3)O)C[C@H]4C)C)(C(COC(CC)=O)=O)OC(CC)=O,1,0.854517936706543,0.8662389516830444,0.9146556854248048,0.5875,0.14359448274920714,0.08920758460743881,0.15721778576728493,High (>=0.5),0
4,[C@@]4([C@@]3([C@H]([C@H]2[C@@H]([C@@]1(C(=CC(=O)C=C1)[C@H](C2)C)C)[C@H](C3)O)CC4)C)(C(COC(C)=O)=O)OC(CC)=O,1,0.9233002066612244,0.8197818398475647,0.8842450976371765,0.6455696202531646,0.19871702308752745,0.12302099500331902,0.07980084637467881,High (>=0.5),0
4,[C@@]45([C@@]3([C@H]([C@H]2[C@@H]([C@@]1(C(=CC(=O)C=C1)CC2)C)[C@H](C3)O)C[C@H]4OC(O5)CCC)C)C(CO)=O,1,0.9397013783454896,0.8996763229370117,0.8975529670715332,0.7285714285714285,0.10572022152532369,0.10808314412540104,0.06219313680107909,High (>=0.5),0
4,[C@H](C1=CC=CC=C1)([C@@H]2CNCCO2)OC3=CC=CC=C3OCC,1,0.8289453983306885,0.8348705172538757,0.8209193348884583,0.5714285714285714,0.18047863531278144,0.19733042662418676,0.18760099051456977,High (>=0.5),0
4,[C@H](O)(/C=C/C1=C(C3=C(OC12CCCC2)C=CC=C3)C4=CC=C(F)C=C4)C[C@H](O)CC(OCC)=O,1,0.8373604416847229,0.9175434708595276,0.8730883002281189,0.3295454545454545,0.08605532049238465,0.13571858252074312,0.17750066596272945,Medium (0.3-0.5),0
4,[C@H]12[C@@]([C@](C(CC)=O)(C)[C@@H](C1)C)(C[C@H](O)[C@H]3[C@H]2CCC4=CC(=O)C=C[C@]34C)C,1,0.7145323753356934,0.8444536924362183,0.4683367311954498,0.5942028985507246,0.16906537853469614,0.7585677306871187,0.33612697076235926,High (>=0.5),1
4,[C@H]2([C@H](CN(CC(C1=CC=C(F)C=C1)=O)CC2)COC4=CC3=C(OCO3)C=C4)C5=CC=C(F)C=C5,1,0.912250816822052,0.838775634765625,0.8460522294044495,0.5692307692307692,0.1758120281044189,0.16717418439686477,0.09184030827321356,High (>=0.5),0
4,[C@H]23[C@@]([C@@]1(C(=CC(=O)CC1)CC2)C)([C@H](C[C@]4([C@H]3CC[C@@]4(C(CO)=O)O)C)O)F,1,0.9112507700920104,0.8704387545585632,0.9558424353599548,0.6885245901639344,0.1387578788733179,0.04516219608356396,0.09293715056551333,High (>=0.5),0
4,[C@H]23[C@@]([C@@]1(C(=CC(=O)CC1)CC2)C)([C@H](C[C@]4([C@H]3CC[C@@]4(C(COC(C)=O)=O)O)C)O)F,1,0.9459905624389648,0.8920608758926392,0.9627029895782472,0.7121212121212122,0.1142209022144036,0.03801033679299621,0.0555226862601862,High (>=0.5),0
4,[C@H]24[C@H]1[C@@]([C@@H](C(C(OCCCC)=O)=O)[C@@H](C1)C)(C[C@@H]([C@@H]2[C@@]3(C(=CC(=O)C=C3)[C@H](C4)F)C)O)C,1,0.912174642086029,0.8167790174484253,0.922725796699524,1.0,0.20238670118786004,0.08042316694783742,0.0919238137249658,High (>=0.5),0
4,[C@H]24[C@H]1[C@@]([C@@H](C(CO)=O)[C@@H](C1)C)(C[C@@H]([C@@H]2[C@@]3(C(=CC(=O)C=C3)[C@H](C4)F)C)O)C,1,0.8889464139938354,0.8484845757484436,0.9419485926628112,0.7164179104477612,0.1643033727306623,0.059804578439695937,0.11771832200729193,High (>=0.5),0
4,[C@H]24[C@H]1[C@@]([C@](C(CO)=O)(O)CC1)(C[C@@H]([C@@H]2[C@@]3(C(=CC(=O)C=C3)[C@H](C4)C)C)O)C,1,0.8010464310646057,0.7587548494338989,0.7861472964286804,0.5970149253731343,0.27607654528269354,0.2406111040736348,0.22183636722097194,High (>=0.5),0
4,[C@H]24[C@H]1[C@@]([C@](C(CO)=O)(O)CC1)(C[C@@H]([C@@H]2[C@@]3(C(=CC(=O)C=C3)[C@H](C4)F)C)O)C,1,0.8741112351417542,0.8254357576370239,0.8572000861167908,0.6857142857142857,0.19184384101608168,0.15408391491982845,0.13454764009567194,High (>=0.5),0
4,[C@H]24[C@H]1[C@@]([C@](C(COC(C)=O)=O)(O)CC1)(C[C@@H]([C@@H]2[C@@]3(C(=CC(=O)C=C3)[C@H](C4)C)C)O)C,1,0.8734328150749207,0.8063127994537354,0.8479300737380981,0.589041095890411,0.2152835231101546,0.1649571068047713,0.13532406699126964,High (>=0.5),0
4,[C@H]24[C@H]1[C@@]([C@](C(COC(CCC(O)=O)=O)=O)(O)CC1)(C[C@@H]([C@@H]2[C@@]3(C(=CC(=O)C=C3)[C@H](C4)C)C)O)C,1,0.8032891750335693,0.756872296333313,0.7537612915039062,0.5897435897435898,0.27856073682542076,0.2826795506165876,0.21904051151426848,High (>=0.5),0
4,[C@H]24[C@H]1[C@@]([C@](O)([C@@H](C1)C)C(=O)CO)(C[C@H](O)[C@@H]2[C@@]3(C(=CC(=O)C=C3)C[C@H]4Cl)C)C,1,0.619101345539093,0.7607980966567993,0.8242301940917969,0.5352112676056338,0.2733872695195968,0.19330542632500705,0.47948629508006346,High (>=0.5),0
4,[C@H]26[C@H]1[C@@]([C@](C(COC(C)=O)=O)(O)[C@@H](C1)C)(C[C@@H]([C@@H]2[C@@]3(C(=CC4=C(C3)C=N[N]4C5=CC=CC=C5)C(=C6)C)C)O)C,1,0.9023349285125732,0.8535425662994385,0.8703404664993286,0.3608247422680412,0.1583598653498364,0.13887080308352226,0.10276951019941445,Medium (0.3-0.5),0
4,[C@H]3([N]2C1=C(C(=NC=N1)N)N=C2)[C@@H]([C@@H]([C@H](O3)C[S+](CC[C@@H](C([O-])=O)N)C)O)O,1,0.2042045295238495,0.3372764587402344,0.4897604882717132,0.5737704918032787,1.086852332589938,0.7138388068243401,1.5886331916961667,High (>=0.5),3
4,[C@H]34C1[C@@H](C2(C(C(=O)CC1)C(=O)C=C2)C)C(O)CC3([C@](O)(CC4)C(OC)=O)C,1,0.8583494424819946,0.8498756289482117,0.8890781402587891,0.4925373134328358,0.16266525908788404,0.11757015052689301,0.1527439867883379,Medium (0.3-0.5),0
4,[C@H]34[C@H]2[C@@H]([C@@]1(C(=CC(=O)C=C1)CC2)C)[C@@H](O)C[C@@]3([C@](C(COC(COC(CCCCCCCCCCCCCCCCC)=O)=O)=O)(O)CC4)C,1,0.9436404705047609,0.918658435344696,0.8302302360534668,0.7432432432432432,0.0848408956315533,0.18605222382227052,0.05801004289742336,High (>=0.5),0
4,[C@]1(O)(C[C@@H]4N(CC1)C[C@@H]2C5=C(CCC3=CC=CC=C23)C=CC=C45)C(C)(C)C.[H+].[Cl-],1,0.8233854174613953,0.821120023727417,0.8947736024856567,0.6727272727272727,0.19708598809851444,0.11118455082316714,0.19433087995448886,High (>=0.5),0
4,[C@]12(C(=CC(C=C1)=O)[C@H](C[C@H]3[C@H]4[C@](C[C@@H]([C@H]23)O)([C@](C(=O)CO)(O)[C@@H](C4)C)C)F)C,1,0.3255155384540558,0.6713566780090332,0.4860918819904327,0.6521739130434783,0.3984547213779654,0.721357615357295,1.122345081286857,High (>=0.5),2
4,[C@]14([C@@](C(=O)COC(CCC(=O)[O-])=O)(CC[C@H]1[C@@H]3CCC2=CC(C=C[C@@]2([C@H]3[C@H](C4)O)C)=O)O)C.[Na+],1,0.9069904088974,0.8096322417259216,0.8079296946525574,0.75,0.21117515697569345,0.21328023581538494,0.09762340345720008,High (>=0.5),0
4,[C@]23(C1(C(C1)CC2)[C@H](O)C[C@@H]4[C@@H]3CC[C@]5([C@H]4CC[C@@H]5C(=O)C)C)C,1,0.6652334928512573,0.5848982334136963,0.8743530511856079,0.54,0.5363174068596599,0.13427103616697122,0.40761718288389615,High (>=0.5),0
4,[C@]24(C[C@@H]([C@@H](N(C(CC1=CC(=C(Cl)C=C1)Cl)=O)C)CC2)N3CCCC3)CCCO4,1,0.8739890456199646,0.8945015668869019,0.8741881251335144,0.7142857142857143,0.11148862434467734,0.13445968034054429,0.13468743702074915,High (>=0.5),0
4,[C@]34([C@H]([C@H]2[C@@H]([C@@]1(C(=CC(=O)C=C1)CC2)C)[C@H](C3)O)CC[C@@]4(C(COC(C)=O)=O)O)C,1,0.9182334542274476,0.81485515832901,0.8196455836296082,0.7761194029850746,0.20474490137702223,0.19888324724154494,0.08530361325499498,High (>=0.5),0
4,[C@]34([C@H]([C@H]2[C@@H]([C@@]1(C(=CC(=O)C=C1)CC2)C)[C@H](C3)O)CC[C@@]4(C(COC(CC(C)(C)C)=O)=O)O)C,1,0.9296060800552368,0.8537675738334656,0.8377846479415894,0.7714285714285715,0.15809628402381876,0.1769941948891952,0.072994352398955,High (>=0.5),0
4,[C@]34([C@H]([C@H]2[C@@H]([C@@]1(C(=CC(=O)C=C1)[C@H](C2)F)C)[C@H](C3)O)C[C@H]([C@@]4(C(COC(C)=O)=O)O)C)C,1,0.9023741483688354,0.7702672481536865,0.901028037071228,0.684931506849315,0.2610177488269163,0.1042189041318323,0.10272604628961227,High (>=0.5),0
4,[C@]34([C@H]([C@H]2[C@@]([C@@]1(C(=CC(C=C1)=O)CC2)C)(C(C3)O)F)CC([C@@]4(C(=O)CO)O)=C)C,1,0.925541341304779,0.8994975686073303,0.9345662593841552,0.7096774193548387,0.1059189286443072,0.06767275103220939,0.07737647880924836,High (>=0.5),0
4,[C@]4([C@@]3([C@H]([C@H]2[C@]([C@@]1(C(=CC(=O)C=C1)CC2)C)(F)C(C3)=O)C[C@@H]4C)C)(OC(CCC)=O)C(CCl)=O,1,0.9854335784912108,0.940341591835022,0.9823855757713318,0.6891891891891891,0.06151207416109314,0.017771404340238422,0.01467355345202523,High (>=0.5),0
4,[Cl-].COc1cccc2C(=O)c3c(O)c4C[C@](O)(C[C@H](O[C@H]5C[C@H](N)[C@H](O)[C@H](C)O5)c4c(O)c3C(=O)c12)/C(C)=N/NC(=O)c6ccccc6.[H+],0,0.0456058867275714,0.1540602147579193,0.1279157549142837,0.7738095238095238,0.1673070977458179,0.13686924840290152,0.046678576205268586,High (>=0.5),0
4,[H+].C2=C1OCC(OC1=C(C=C2)OCC)CNCCCC.[Cl-],1,0.9477628469467164,0.8302105069160461,0.8434515595436096,0.3382352941176471,0.18607598755789928,0.17025280657212014,0.05365096947132122,Medium (0.3-0.5),0
4,[Na+].Cn1nnnc1SCC2=C(N3[C@H](SC2)[C@H](NC(=O)CSC(F)(F)F)C3=O)C([O-])=O,0,0.0939593091607093,0.3167848885059356,0.2366747707128524,0.5555555555555556,0.3809455180549908,0.2700710878127102,0.0986710613215508,High (>=0.5),0
4,c1(c2c(cc(F)cc2)on1)C1CCN(CCc2c(n3c([C@@H](CCC3)O)nc2C)=O)CC1,1,0.8924767971038818,0.9001350402832031,0.907885491847992,0.6447368421052632,0.1052104821543007,0.09663701863298442,0.1137547633089969,High (>=0.5),0
4,c1(cc(c(cc1)Cl)Cl)CC(N1[C@@H](c2c(CC1)cccc2)CN1CCCC1)=O,1,0.8484727144241333,0.9213349223136902,0.9071223735809326,0.6896551724137931,0.08193165811110883,0.09747791671013567,0.16431735225080601,High (>=0.5),0
4,c1(ccc(c(c1)Cl)Cl)CC(N1[C@@H](c2c(CC1)[nH]cn2)CN1CCCC1)=O,0,0.765501856803894,0.8843880295753479,0.8907595872879028,0.59375,2.1575157777185674,2.2142042043528543,1.4503076092674247,High (>=0.5),3
4,c1(ccc(c(c1)Cl)Cl)CC(N1[C@H](C[N@@]2C[C@@H](CC2)O)c2c(CC1)[nH]cn2)=O,0,0.3256281018257141,0.7790212035179138,0.6184346079826355,0.6231884057971014,1.50968852558723,0.9634730352991485,0.3939735425365185,High (>=0.5),2
4,c1(ccccc1)[C@H](CN1CCCC1)N(C(=O)Cc1ccc(c(c1)Cl)Cl)C,1,0.8898624777793884,0.8912884593009949,0.8486354947090149,0.6792452830188679,0.11508715609377822,0.16412551971531444,0.11668834754429783,High (>=0.5),0
4,c1c2CCOc2c(cc1OC)CN[C@@H]1CCCN[C@H]1c1ccccc1,1,0.8497365117073059,0.8482513427734375,0.6855642199516296,0.2602739726027397,0.16457829232649224,0.37751310099560065,0.16282896378013553,Low (<0.3),0
4,c1c2c(cc(c1)Cl)[C@@H]1[C@H](c3ccccc3O2)CN(C1)C,1,0.9121648073196412,0.9009135365486144,0.9589888453483582,1.0,0.10434598985363816,0.041875835711332056,0.09193459545354284,High (>=0.5),0
4,c1c2c(cc(c1)Cl)[C@@H]1[C@H](c3ccccc3O2)CNC1,1,0.8666454553604126,0.8515843152999878,0.9386669993400574,1.0,0.16065676405164983,0.06329449596180405,0.14312531852432017,High (>=0.5),0
4,c1ccc([C@H](C[N@]2CC[C@H](C2)O)N(C(Cc2ccccc2N)=O)C)cc1,0,0.7343514561653137,0.8156247138977051,0.6409565210342407,0.3571428571428571,1.690782000147996,1.024311786502008,1.325581107618423,Medium (0.3-0.5),3
