Seed,Model,SMILES,Label,Prob
0,GCN,OC[C@@H]1CC[C@@H](O1)n2cnc3C(=O)N=CNc23,0,0.5230266451835632
0,GCN,CC1(C)S[C@@H]2C(NC(=O)[C@H](NC(=O)C3=CNc4cccnc4C3=O)c5ccccc5)C(=O)N2[C@H]1C(O)=O,0,0.08093208074569702
0,GCN,C1=CC=C3C(=C1OC(C2=CC=CS2)CCNC)C=CC=C3,1,0.864709734916687
0,GCN,[C@@]4(O)(C3(C(C2C(C1(C(=CC(=O)CC1)C=C2)C)C(O)C3)CC4=C)C)C(=O)CO,1,0.9382284879684448
0,GCN,[C@H](O)(/C=C/C1=C(C3=C(OC12CCCC2)C=CC=C3)C4=CC=C(F)C=C4)C[C@H](O)CC(OCC)=O,1,0.9195197820663452
0,GCN,CC1=C2NC3=CC(=O)C=CC3=C2C=CN1,1,0.8773072361946106
0,GCN,OCCN1CCN(CC\C=C/2c3ccccc3COc4ccc(Cl)cc24)CC1,1,0.9417308568954468
0,GCN,CCC(=O)O[C@H]1[C@@H](C)[C@@H](C)OC(=O)C(C)[C@@H](O[C@H]2C[C@H](OC)[C@@H](OC(=O)CC)[C@H](C)O2)[C@H](C)[C@@H](O[C@@H]3O[C@H](C)C[C@@H]([C@H]3O)N(C)C)C(C)C[C@@]4(CO4)C(=O)[C@@H]1C,0,0.37445592880249023
0,GCN,CO[C@H]1C[C@@H](O[C@@H](C)[C@@H]1OC(C)=O)O[C@H]2[C@H](C)[C@@H](O[C@@H]3O[C@H](C)C[C@@H]([C@H]3OC(C)=O)N(C)C)[C@@H](C)C[C@@]4(CO4)C(=O)[C@H](C)[C@@H](OC(C)=O)[C@@H](C)[C@@H](C)OC(=O)[C@@H]2C,0,0.41241878271102905
0,GCN,C1=C(Cl)C=CC3=C1N(C2=C(C=CC=C2)S3)CCCN5CCC(C4C(OCC4)=O)(O)CC5,1,0.9697722792625427
0,GCN,CO[C@H]1[C@@H](C[C@@H]2CN3CCc4c([nH]c5cc(OC)ccc45)[C@H]3C[C@@H]2[C@@H]1C(=O)OC)OC(=O)\C=C\c6cc(OC)c(OC)c(OC)c6,1,0.7344658970832825
0,GCN,C1=C(C(N)=O)N=N[N]1CC2=C(C=CC=C2F)F,1,0.8556038737297058
0,GCN,C[C@]12CCC(=O)C=C1CC[C@H]3[C@@H]4CC[C@](O)(C(=O)CO)[C@@]4(C)CC(=O)[C@H]23,0,0.6907634735107422
0,GCN,[C@]34([C@H]([C@H]2[C@@H]([C@@]1(C(=CC(=O)CC1)CC2)C)C(C3)=O)CC[C@@]4(C(COC(C)=O)=O)O)C,1,0.8975473046302795
0,GCN,CCOC(=O)C1(CCN(C)CC1)c2ccccc2,1,0.9755762815475464
0,GCN,[H+].[Cl-].CCOC(=O)C1(CCN(C)CC1)c2ccccc2,1,0.9747939705848694
0,GCN,[C@]2(C1=CC=CC=C1)([C@H](CN(C)CC2)CC)OC(CC)=O,1,0.9485248923301697
0,GCN,C1=C(C=CC=C1C2(CCN(C)CC2)C(CC)=O)O,1,0.9642759561538696
0,GCN,[C@]2(C1=CC(=CC=C1)O)([C@H](CN(C)CC2)C)CCC,1,0.8930270671844482
0,GCN,C1=CC=CC=C1C2(C(N(CC)C)=O)CCN(CCCCCC)CC2,1,0.9825758934020996
0,GCN,C2=C(C1(C(CN(C)CC1)C)OC(CC)=O)C=CC=C2,1,0.981138288974762
0,GCN,C2=C(C1(C(OCC)=O)CCN(C)CC1)C=CC=C2O,1,0.9497089385986328
0,GCN,C1=CC=CC2=C1C4(C3=C(OC2)C=CC=C3)OC(CN(C)C)CO4,1,0.9719133973121643
0,GCN,C(O)C(O)C1OC(=C(O)C1=O)O,1,0.002314845332875848
0,GCN,Cc1ccc(cc1)[S](=O)(=O)NC(=O)NN2CCCCCC2,0,0.8323918581008911
0,GCN,OC(=O)C1=CN(C2CC2)c3cc(N4CCNCC4)c(F)cc3C1=O,0,0.6512693166732788
0,GCN,C[C@H]1CN(C[C@@H](C)N1)c2c(F)c(N)c3C(=O)C(=CN(C4CC4)c3c2F)C(O)=O,0,0.33811813592910767
0,GCN,CC1CN(CCN1)c2cc3N(C=C(C(O)=O)C(=O)c3c(C)c2F)C4CC4,0,0.5549570322036743
0,GCN,COc2cc1oc(=O)c(C)c(C)c1cc2OCCCN3CCN(CC3)c4ccccc4OC,1,0.918009340763092
0,GCN,C1=C(C#N)C=CC3=C1C4=C(C2=C(C=CC=C2)S3)CCN(CC4)C,1,0.9778174757957458
0,GCN,C4=C(N3CCN(CCCCN1C(C2C(C(C1=O)C(=O)N(C2=O)CCCC)(C)C)=O)CC3)C(=CC=C4)OC,1,0.7180892825126648
0,GCN,[Cl].CCCCOc1ccc(cc1)C(=O)CCN2CCCCC2,0,0.9525106549263
0,GCN,CO\N=C(C(=O)N[C@H]1[C@H]2SCC(=C(N2C1=O)C(O)=O)CSc3sc(CC(O)=O)c(C)n3)/c4csc(N)n4,0,0.2609894275665283
0,GCN,C(C2C1C(NC(N1)=O)CS2)CCCC(O)=O,1,0.8032115697860718
0,GCN,C2=C(CN(C(=C(SC(=O)C1=CC=CO1)\CCOC(=O)COC(=O)C)/C)C=O)C(=NC(=N2)C)N,1,0.8038921356201172
0,GCN,Oc1ccc(cc1)/C=C([N+]#[C-])/C(=C/c2ccc(O)cc2)[N+]#[C-],0,0.6030330061912537
0,GCN,c1ccc2N([C@H](CN3CCCC3)C)c3c(ccc(C(=O)NCCC)c3)Sc2c1,1,0.9277101159095764
0,GCN,[C@H](N1C3=C(SC2=C1C=CC=C2)C=CC(=C3)C(=O)NCCC)(CN4CCCC4)C,1,0.9549530148506165
0,GCN,[C@H]2(NC(=O)C1=C(OC)C=C(NC)C(=C1)Cl)[C@H](N(CC2)CC3=CC=CC=C3)C,1,0.7150762677192688
0,GCN,CN1CCN(CC1)C2=Nc3ccccc3Cc4ccccc24,1,0.9764603972434998
0,GCN,C1=CC=CC3=C1C(=NC2=C(C=CC(=C2)F)C3)N4CCN(C)CC4,1,0.9734662771224976
0,GCN,C1=C(O)C=CC3=C1C2(CC(CN(CC2)C)C3)C,1,0.9747858047485352
0,GCN,C1=C(C(=C(C=C1C(\C=C\N2CC=CC2)=O)OC)OC)OC,1,0.8909401893615723
0,GCN,CN1CCN(CC1)CC(=O)N2c3ccccc3C(=O)Nc4cccnc24,1,0.9572293758392334
0,GCN,C[C@]1(O)CC[C@H]2[C@@H]3CC[C@H]4Cc5[nH]ncc5C[C@]4(C)[C@H]3CC[C@]12C,0,0.37228843569755554
0,GCN,C2=C(CC(C(NCC(OCC1=CC=CC=C1)=O)=O)CSC(C)=O)C=CC=C2,1,0.845463216304779
0,GCN,CC1(C)NC(C(=O)[NH+]1[C@H]2[C@H]3SC(C)(C)[C@@H](N3C2=O)C(O)=O)c4ccc(O)cc4,0,0.04230135679244995
0,GCN,CCN(CC)C(=O)C1CN2CCc3cc(OC)c(OC)cc3C2CC1OC(C)=O,1,0.9553391933441162
0,GCN,C1=C(C)C=CC2=C1C3N(CC2)CCC(C3)(CC)O,1,0.9737673997879028
0,GCN,[C@@]23([C@H]([C@H]1[C@H](OC(O1)(C)C)CO2)OC(O3)(C)C)CO[S](N)(=O)=O,1,0.8836536407470703
0,GCN,C1CC1,1,0.9976540207862854
0,GCN,COC1(C(F)(F)C1(F)Cl)F,1,0.9998170733451843
0,GCN,CCC(C)[C@H]1O[C@]2(CC[C@@H]1C)CC3C[C@@H](C\C=C(C)\[C@@H](O[C@H]4C[C@H](OC)[C@@H](OC5C[C@H](OC)[C@@H](O)[C@H](C)O5)[C@H](C)O4)[C@@H](C)/C=C/C=C/6CO[C@@H]7[C@H](O)C(=C[C@@H](C(=O)O3)[C@]67O)C)O2.CO[C@H]8CC(O[C@@H](C)[C@@H]8O)O[C@H]9[C@H](C)O[C@H](C[C@@H]9OC)O[C@H]/%10[C@@H](C)/C=C/C=C/%11CO[C@@H]%12[C@H](O)C(=C[C@@H](C(=O)OC%13C[C@@H](C\C=C%10C)O[C@@]%14(CC[C@H](C)[C@H](O%14)C(C)C)C%13)[C@]%11%12O)C,0,0.6444011330604553
0,GCN,c12c3c(C(NC(C)=O)CCc2cc(c(c1OC)OC)OC)cc(=O)c(cc3)OC,1,0.887559711933136
0,GCN,COC1=CC=C2C(=CC1=O)[C@H](CCc3cc(OC)c(OC)c(OC)c23)NC(C)=O,0,0.8215621709823608
0,GCN,CC(Oc1ccccc1)C(=O)NC2C3SC(C)(C)C(N3C2=O)C(O)=O,0,0.04585416242480278
0,GCN,CCC(Oc1ccccc1)C(=O)NC2C3SC(C)(C)C(N3C2=O)C(O)=O,0,0.07087964564561844
0,GCN,C1=CC(=CC4=C1N2C(=NC(/C2=O)=C\N3CCN(C)CC3)CN=C4C5=C(C=CC=C5)Cl)[N+](=O)[O-],1,0.9517427086830139
0,GCN,Oc1ccc2C[C@@H]3[C@@H]4CCCC[C@]4(CCN3CC=C)c2c1,1,0.7019398808479309
0,GCN,CN1CC[C@]23CCCC[C@H]2[C@H]1Cc4ccc(O)cc34,1,0.9159625172615051
0,GCN,C4=C3C(N(C1=CC=C2C(=N1)N=C(Cl)C=C2)C(=O)C3=CC=C4)CC(CCC(C)C)=O,1,0.8641615509986877
0,GCN,C1=CC(=CC2=C1C(=NO2)C4CCN(CCCOC3=C(C=C(C(C)=O)C=C3)OC)CC4)F,1,0.9120588302612305
0,GCN,CC1OC(CC(N)C1O)OC2C[C@@](O)(Cc3c(O)c4C(=O)c5cccc(O)c5C(=O)c4c(O)c23)C(C)=O,0,0.10536813735961914
0,GCN,CCOC(OCC)C(=O)OCC(=O)C1(O)CC(OC2CC(N)C(O)C(C)O2)c3c(O)c4C(=O)c5c(OC)cccc5C(=O)c4c(O)c3C1,0,0.28903982043266296
0,GCN,CC1OC(CC(N)C1O)OC2CC(O)(Cc3c(O)c4C(=O)c5ccccc5C(=O)c4c(O)c23)C(=O)CO,0,0.18496417999267578
0,GCN,C3=C(C1C(N(CCO1)CCOC(C(C2=CC=CC=C2)CC)=O)C)C=CC=C3,1,0.9379513263702393
0,GCN,CC1OC(O[C@H]2CC[C@]3(C)[C@H]4CC[C@]5(C)[C@H](CC[C@]5(O)[C@@H]4CCC3=C2)C6=COC(=O)C=C6)C(O)C(O)C1O,0,0.1847575455904007
0,GCN,C2=C(N1CCN(C)CC1)N=NC3=C2N(C4=C(O3)C=CC=C4)C,1,0.959259569644928
0,GCN,[C@@]126C3=C4C[C@H]([C@@]1(CCC([C@@H]2OC3=C(C=C4)O)=C)O)N(CC5CC5)CC6,1,0.8413881063461304
0,GCN,CNCCCC1c2ccccc2C=Cc3ccccc13,1,0.9606227874755859
0,GCN,C1=CC=CC3=C1C(C2=C(C=CC=C2)C=C3)C(N)=O,1,0.9537180066108704
0,GCN,[C@]14([C@H]([C@H]3[C@](F)([C@@H](O)C1)[C@@]2(C(=CC(=O)C=C2)CC3)C)C[C@@H]6[C@]4(CC5=CC=CC=C5C6)C(=O)CO)C.O,1,0.8350801467895508
0,GCN,C4=C(N1C3(C(NC1)=O)CCN(CCCOC2=CC=C(C=C2)F)CC3)C=CC=C4,1,0.9396198987960815
0,GCN,CN(C)CCCN2c1ccccc1C(=Nc3cccnc23)c4ccccc4,1,0.9668247699737549
0,GCN,COC1CC(OC(C)C1O)O[C@H]2[C@H](C)[C@@H](OC3OC(C)CC(C3O)N(C)C)[C@@H](C)C[C@]4(CO4)C(=O)[C@H](C)[C@@H](O)[C@@H](C)[C@@H](C)OC(=O)[C@@H]2C,0,0.17990361154079437
0,GCN,CN(C)[C@H]1[C@@H]2C[C@H]3C(=C(O)c4c(O)cccc4[C@@]3(C)O)C(=O)[C@]2(O)C(=O)\C(=C(/O)NCN5CCCC5)C1=O,1,0.07788783311843872
0,GCN,Nc1nc(N)c2nc(c3ccccc3)c(N)nc2n1,0,0.921846330165863
0,GCN,C1=CC(=CC2=C1C(=C([NH]2)C)C4CCN(CCCC(C3=CC=C(F)C=C3)=O)CC4)OC,1,0.937234103679657
0,GCN,S1[C@H]4N(CC1(C2CN3[C@H](S2)CC3=O)O)C(C4)=O,1,0.9359259605407715
0,GCN,C1=CC=CC=C1C(C2=CC=CC=C2)OCCN(C\C=C\C3=CC=CC=C3)C,1,0.9320856928825378
0,GCN,C1=C2C(=CC=C1)OC(CCCl)NC2=O,1,0.9249899387359619
0,GCN,Nc1ccc(N=Nc2ccccc2)c(N)n1,0,0.8395999670028687
0,GCN,C1=CC=CC=C1[P](C2=CC=CC=C2)(CC(NN)=O)=O,1,0.8799906969070435
0,GCN,C1=C(O)C=CC4=C1C35C(C(N(CCC2=CC=CC=C2)CC3)C4)CCCC5,1,0.9684856534004211
0,GCN,C1=C(Cl)C=CC\3=C1C=C(N2CCN(C)CC2)C4=C(C3=C/C#N)C=CC=C4,1,0.9732220768928528
0,GCN,[C@]235[C@H]([C@H](N(CC1CC1)CC2)CC4=C3C(=CC=C4)O)CCC(C5)=O,1,0.8619867563247681
0,GCN,O=C1Nc2ccccc2N1C3CCN(CCOc4ccccc4)CC3,1,0.9299396276473999
0,GCN,C1=C(C=CC=C1)C(C2=CC=CC=C2)(C3NCCCC3)O,1,0.9236144423484802
0,GCN,CC(C)N=C1C=C2N(c3ccc(Cl)cc3)c4ccccc4N=C2C=C1Nc5ccc(Cl)cc5,0,0.9020935893058777
0,GCN,O=C1Oc2ccccc2C=C1,0,0.7963188290596008
0,GCN,CC1=CC(=O)Oc2cc(O)ccc12,0,0.7780691385269165
0,GCN,[C@@H]24[C@@](C1=CC=CC=C1OC3=C(C=CC=C23)C)(CCN(C4)C)O,1,0.9450826048851013
0,GCN,C1=C([N](C(=C1C=O)C)CCNC(C)=O)C,1,0.924808919429779
0,GCN,CN(C)CCC(c1ccccc1)c2ccccn2,0,0.9322450757026672
0,GCN,CN(C)CCOC(C)(c1ccccc1)c2ccccn2,1,0.9334017038345337
0,GCN,CN(C)CCOC(C)(c1ccccc1)c2ccccn2.OC(=O)CCC(O)=O,1,0.8638471364974976
0,GCN,C[C@]1(Cn2ccnn2)[C@@H](N3[C@@H](CC3=O)[S]1(=O)=O)C(O)=O,0,0.060039229691028595
0,GCN,C2=C(C1=NOC(=N1)C)N=C3[N]2C4=C(C(=N3)OC)CCCC4,1,0.8967024087905884
0,GCN,C1=C(F)C=CC3=C1C=C(SCCNC)C2=CC=CC=C2O3,1,0.9314405918121338
0,GCN,Cc1c(O)cccc1C(=O)N[C@@H](CSc2ccccc2)[C@H](O)CN3C[C@H]4CCCC[C@H]4C[C@H]3C(=O)NC(C)(C)C,0,0.7890263795852661
0,GCN,CCCCc1oc2ccccc2c1C(=O)c3cc(I)c(OCCN(CC)CC)c(I)c3,0,0.8589053153991699
0,GCN,COC(=O)C(C1CCCCN1)c2ccccc2,1,0.8596000075340271
0,GCN,CC(=O)OC(C1CCCCN1)c2ccccc2,1,0.9162175059318542
0,GCN,C1=CC=CC3=C1C(C2=C(C=CC=C2)S3)=C4CCN(C)CC4,1,0.9864684343338013
0,GCN,CN1C(=O)CC(=O)N(c2ccccc2)c3cc(Cl)ccc13,1,0.9754219055175781
0,GCN,Clc1ccc2NC(=O)CC(=O)N(c3ccccc3)c2c1,1,0.9632201194763184
0,GCN,C1=C(C(F)(F)F)C=CC3=C1N(C2=CC=CC=C2)C(CC(N3C)=O)=O,1,0.9852392673492432
0,GCN,COc1cccc2C(=O)c3c(O)c4CC(O)(CC(O)c4c(O)c3C(=O)c12)C(=O)CO,0,0.07111986726522446
0,GCN,C1=CC=CC2=C1C(C3=NCCCN23)(C4=CC=CC(=C4)Cl)O,1,0.970943808555603
0,GCN,C1=C(OC)C=CC2=C1C4=C3[N]2CCN(C3=NCC4)C,1,0.9751088619232178
0,GCN,CO[C@]1(NC(=O)C(C(O)=O)c2ccc(O)cc2)[C@H]3OCC(=C(N3C1=O)C(O)=O)CSc4nnnn4C,0,0.13261237740516663
0,GCN,[Cl-].NC12CC3CC(CC(C3)C1)C2.[H+],1,0.9930285811424255
0,GCN,CC12CC3(CC(C1)(CC(C2)C3)N)C,1,0.9971696734428406
0,GCN,C1=CC=CC2=C1C3=C([NH]2)CCC(C3)N(C)C,1,0.9680982232093811
0,GCN,CN(C)C3CCc2[nH]c1c(F)cc(F)cc1c2C3,1,0.969395101070404
0,GCN,CCC(=O)N(C1CCN(CC1)CCc2ccccc2)c3ccccc3,1,0.9617987871170044
0,GCN,[C@]3(N(C1=CC=CC=C1)C(=O)CC)(C(=O)OC)[C@H](CN(CCC2=CC=CC=C2)CC3)C,1,0.9068765640258789
0,GCN,C1=CC=CC=C1N(C3(CCN(CCC2=CC=CC=C2)CC3)C(OC)=O)C(CC)=O,1,0.9550889134407043
0,GCN,C3=C(N(C2CCN(CCC1=CC=CC=C1)CC2)C(COC)=O)C(=CC=C3)F,1,0.9493969082832336
0,GCN,[C@@]23(F)[C@H]([C@H]1[C@@]([C@@]([C@H](C1)C)(O)C(=O)CCl)(CC2=O)C)CCC4=CC(=O)C=C[C@]34C,1,0.9546886086463928
0,GCN,[C@]4([C@@]3([C@H]([C@H]2[C@]([C@@]1(C(=CC(=O)C=C1)CC2)C)(F)C(C3)=O)C[C@@H]4C)C)(OC(CCC)=O)C(CCl)=O,1,0.9667847156524658
0,GCN,IC1=C(N([H])[H])C=CC(C2=NC3=CC=C(O[H])C=C3S2)=C1,1,0.754105269908905
0,GCN,C1=CC(=CC2=C1NC(=O)OC2(C)C)Br,1,0.9705682992935181
0,GCN,CC1(C)S[C@@H]2[C@H](NC(=O)[C@H](NC(=O)NC3=CN=C(NC3=O)Nc4ccc(cc4)[S](N)(=O)=O)c5ccc(O)cc5)C(=O)N2[C@H]1C(O)=O,0,0.09377072751522064
0,GCN,CC[C@@]1(O)C[C@H](OC2CC(C(OC3CC(O)C(OC4CCC(=O)C(C)O4)C(C)O3)C(C)O2)N(C)C)c5c(O)c6C(=O)c7c(O)cccc7C(=O)c6cc5[C@H]1C(=O)OC,0,0.4802320599555969
0,GCN,CN1C(=O)N(C)c2ncn(CCNCC(O)c3ccc(O)c(O)c3)c2C1=O,0,0.5551093816757202
0,GCN,[H+].C1=NC3=C([N]1CCNC(CC2=CC=CC=C2)C)C(=O)N(C(=O)N3C)C.[Cl-],1,0.8665616512298584
0,GCN,C1=NC3=C([N]1CCNC(C(C2=CC=CC=C2)O)C)C(N(C)C(N3C)=O)=O,1,0.7388593554496765
0,GCN,CN1CCN=C(c2ccccc2)c3cc(Cl)ccc13,1,0.9756311178207397
0,GCN,C1=C(Cl)C=CC2=C1C(=NCCN2CC(F)(F)F)C3=CC=CC=C3F,1,0.9830383062362671
0,GCN,C1=C(Br)C=CC2=C1C(=NCC(N2C)COC)C3=CC=CC=C3Cl,1,0.9733192920684814
0,GCN,C1=C2C(=CC=C1)N(C(Cl)(CN=C2C3=CC=CC=C3Cl)CO)C,1,0.977918803691864
0,GCN,C2=C(C(N1CCCCCCC1)=O)C=C(OC)C(=C2OC)OC,1,0.9542954564094543
0,GCN,C3=C(CCN1CCC(CC1)(C2=CC=CC=C2)C(OCC)=O)C=CC(=C3)N,1,0.9382612109184265
0,GCN,NC(=N)c1ccc(o1)c2ccccc2N(=O)=O,1,0.8777958750724792
0,GCN,C1=C(Cl)C=CC2=C1C3(N(CC(=O)N2C)C(C=C(O3)C)=O)C4=CC=CC=C4,1,0.9860090613365173
0,GCN,C1=NC(=NC(=C1CN(C(=C(\CCOC(C)=O)SC(C)=O)/C)C=O)N)C,1,0.8934419751167297
0,GCN,C1=C(CN(C(=C(SC(OCC)=O)/CCOC(OCC)=O)/C)C=O)C(=NC(=N1)C)N,1,0.8814558982849121
0,GCN,[H+].[Cl-].Clc1ccc2Sc3ccccc3N(CCCN4CCC5(CC4)NC(=O)CS5)c2c1,1,0.9740548133850098
0,GCN,[C@@H]2(C3=C([C@H](C1=CC=C(C=C1)F)C2)C=CC(=C3)C(F)(F)F)N4CCN(CCO)CC4,1,0.9221642017364502
0,GCN,CC1(C)S[C@@H]2[C@H](NC(=O)COc3ccccc3)C(=O)N2[C@H]1C([O-])=O,0,0.13545000553131104
0,GCN,CC1(C)S[C@@H]2[C@H](NC(=O)C(C)(C)Oc3ccccc3)C(=O)N2[C@H]1C(O)=O,0,0.08433912694454193
0,GCN,FC(F)(F)c1c(Cl)nc(N2CCNCC2)cc1,1,0.978574275970459
0,GCN,C1NCCN(C1)c1ccc(c(n1)Cl)C(F)(F)F,1,0.9785743951797485
0,GCN,S=[P](N1CC1)(N2CC2)N3CC3,1,0.9728574156761169
0,GCN,C1=C(Cl)C=CC2=C1C3(N(CC(=O)N2CCO)CCO3)C4=CC=CC=C4F,1,0.9726995825767517
0,GCN,C1=C(Br)C=CC3=C1C2(N(CCO2)CC(=O)N3)C4=C(C=CC=C4)F,1,0.9753692746162415
0,GCN,C1=C(Cl)C=CC3=C1C2(N(C(C)CO2)CC(=O)N3)C4=CC=CC=C4Cl,1,0.9817196726799011
0,GCN,C1=C(Cl)C=CC3=C1C2(OCCN2CC(=O)N3)C4=C(Cl)C=CC=C4,1,0.9796945452690125
0,GCN,CC1=C(N2[C@H](SC1)[C@H](NC(=O)[C@H](N)C3=CCC=CC3)C2=O)C(O)=O,0,0.06182585284113884
0,GCN,C[C@H]1O[C@@H](O[C@@H]\2C[C@@H]3O[C@](O)(C[C@@H](O)C[C@@H](O)[C@H](O)CC[C@@H](O)C[C@@H](O)CC(=O)O[C@@H](C)[C@H](C)[C@H](O)[C@@H](C)\C=C/C=C\C=C/C=C\C=C/C=C\C=C2)C[C@H](O)[C@H]3C(O)=O)[C@@H](O)[C@@H](N)[C@@H]1O,0,0.37666377425193787
0,GCN,COc1cccc2C(=O)c3c(O)c4C[C@](O)(C[C@H](O[C@H]5C[C@H](N)[C@H](O)[C@H](C)O5)c4c(O)c3C(=O)c12)C(=O)CO,0,0.04998769238591194
0,GCN,COc1cccc2C(=O)c3c(O)c4C[C@](O)(C[C@H](O[C@H]5C[C@H](N)[C@H](O)[C@H](C)O5)c4c(O)c3C(=O)c12)C(C)=O,0,0.05768098309636116
0,GCN,[Cl-].CC(=O)[C@@]1(N)C[C@H](O[C@H]2C[C@H](O)[C@H](O)CO2)c3c(O)c4C(=O)c5ccccc5C(=O)c4c(O)c3C1.[H+],0,0.1685631424188614
0,GCN,C[C@@H]1O[C@H](C[C@H](N)[C@@H]1O)O[C@H]2C[C@@](O)(Cc3c(O)c4C(=O)c5ccccc5C(=O)c4c(O)c23)C(C)=O,0,0.10373158007860184
0,GCN,COc1cccc2C(=O)c3c(O)c4C[C@](O)(C[C@H](O[C@H]5C[C@H](NC(=O)[C@@H](N)CC(C)C)[C@H](O)[C@H](C)O5)c4c(O)c3C(=O)c12)C(=O)CO,0,0.08941315114498138
0,GCN,C2=C(CN(C(=C(SC(=O)C1=CC=CC=C1)/CCO[P](=O)(O)O)/C)C=O)C(=NC(=N2)C)N,1,0.7589319348335266
0,GCN,[C@@]23(C([C@H](N(CC1(CC1)O)CC2)CC4=C3C=C(C=C4)O)(C)C)CC,1,0.9001887440681458
0,GCN,CC1=C(COC(=O)[C@@H]2N3[C@H](SC2(C)C)[C@H](NC(=O)[C@H](N)c4ccccc4)C3=O)OC(=O)O1,0,0.09809461236000061
0,GCN,COc1cccc2C(=O)c3c(O)c4C[C@@](O)(C[C@@H](OC5CC(N)CC(C)O5)c4c(O)c3C(=O)c12)C(=O)CO,0,0.263004869222641
0,GCN,C1=CC=CC(=C1C2=NCC(N(C3=C2C(=N[N]3C)C)C)=O)F,1,0.9828099012374878
0,GCN,C1=CC=C(C2=C1CC3C(C2)CC(N[S](N(CC)CC)(=O)=O)CN3CCC)O,1,0.927559494972229
0,GCN,CN1C2CCC1CC(C2)OC(=O)[C@H](CO)c3ccccc3,1,0.8892104625701904
0,GCN,CN1C2CCC1CC(C2)OC(=O)C(CO)c3ccccc3,0,0.903875470161438
0,GCN,CN1C2CCC1CC(C2)OC(=O)C(O)c3ccccc3,0,0.8549351096153259
0,GCN,C1=CC=CC=C1C(C(OC2CC3N(C)C(C2)CC3)=O)(CO)C,1,0.9383333325386047
0,GCN,C1=CC=CC=C1C(C(OC2CC3N(C)C(C2)CC3)=O)CO,1,0.903875470161438
0,GCN,CN(C)Cc1oc(cc1)CSCCNC=1NC=C(CN1)Cc1cnc(cc1)C,0,0.8029950261116028
0,GCN,C(N1CCOCC1)CNC2=NNC(C=C2C)=C3C=CC(=O)C=C3,1,0.9823821187019348
0,GCN,[Ca++].NC1=NC(=O)C2=C(NCC(CNc3ccc(cc3)C(=O)N[C@@H](CCC([O-])=O)C([O-])=O)N2C=O)N1,1,0.7372511625289917
0,GCN,C1=CC(=CC=C1C(CCCN3CCN(C(OC2CCCCC2)=O)CC3)=O)F,1,0.9534503817558289
0,GCN,[C@H]4(CC3C2=C1C(=C[N](C1=CC=C2)C(C)C)CC3N(C4)C)C(NC5CCCCC5)=O,1,0.9712182283401489
0,GCN,CC(=O)OCC1=C(N2[C@H](SC1)[C@H](NC(=O)CCC[C@@H](N)C(O)=O)C2=O)C(O)=O,0,0.05319071561098099
0,GCN,[C@@]3(C1=CC=CS1)(N2CCCCC2)[C@H](CCCC3)C,1,0.9210425615310669
0,GCN,[C@]23(C1(C(C1)CC2)[C@H](O)C[C@@H]4[C@@H]3CC[C@]5([C@H]4CC[C@@H]5C(=O)C)C)C,1,0.46818676590919495
0,GCN,OC(Cn1cncn1)(Cn2cncn2)c3ccc(F)cc3F,1,0.5217981934547424
0,GCN,[C@]34([C@H]([C@H]2[C@@H]([C@@]1(C(=CC(=O)C=C1)CC2)C)[C@H](C3)O)CC[C@@]4(C(CN5CCN(C)CC5)=O)O)C,1,0.8952395915985107
0,GCN,c1(nccc(c1)c1nc([nH]n1)N)N(C)C,0,0.7883662581443787
0,GCN,[C@@]45([C@@]3([C@H]([C@H]2[C@@H]([C@@]1(C(=CC(=O)CC1)[C@H](C2)F)C)[C@H](C3)O)C[C@H]4OC(O5)(C)C)C)C(CO)=O,1,0.9316639304161072
0,GCN,C1=CC=CC=C1NC(OCC3(COC(NC2=CC=CC=C2)=O)CCCC3)=O,1,0.9264264702796936
0,GCN,COc1ccc(Cl)cc1C(=O)NCCc2ccc(cc2)[S](=O)(=O)NC(=O)NC3CCCCC3,1,0.8355697393417358
0,GCN,[C@@]45([C@@]3([C@H]([C@H]2[C@@H]([C@@]1(C(=CC(=O)C=C1)CC2)C)[C@H](C3)O)C[C@H]4O[C@H](O5)C6CCCCC6)C)C(COC(C(C)C)=O)=O,1,0.9411285519599915
0,GCN,CN1C(=C(/O)Nc2ccccn2)/C(=O)c3ccccc3[S]1(=O)=O,0,0.25643211603164673
0,GCN,[C@@]123C4=C(C[C@H]([C@@]1(CC[C@H](C2)O)O)N(CC3)C)C=CC(=C4OC)OC,1,0.7021976709365845
0,GCN,c12[C@]34[C@@]56[C@H]([N@@](CC7CC7)CC4)Cc2ccc(c1O[C@H]3[C@](OC)([C@H](C5)[C@](C(C)(C)C)(C)O)CC6)O,1,0.7423226833343506
0,GCN,[C@]235[C@@]67[C@H](N(CC1CC1)CC2)CC4=C3C(=C(C=C4)O)O[C@H]5[C@](OC)([C@H](C6)C(C)(C)O)CC7,1,0.8229306936264038
0,GCN,C1=CC=CC2=C1N(C3=C(S2)C=CC=N3)CCCN(C)C,1,0.9675570130348206
0,GCN,C1=CC=CC=C1CN2C(CC(C2)CN)=O,1,0.9603540301322937
0,GCN,CN1CCC[C@H]1c2cccnc2,1,0.9530818462371826
0,GCN,FC(F)(F)c1ccc2Sc3ccccc3N(CCCN4CCN(CC4)C5CC5)c2c1,1,0.984679639339447
0,GCN,[C@H]12C5CC4=C3[C@]1([C@H](C(C[C@@H]2CC)=O)OC3=C(C=C4)OC)CCN5CC6CC6,1,0.9207754731178284
0,GCN,OC1CCC2(O)C3Cc5ccc(O)c6OC1C2(CCN3CC4CCC4)c56,1,0.9572495818138123
0,GCN,C[C@H]1O[C@H](C[C@H](O)[C@@H]1O)O[C@H]2[C@@H](O)C[C@@H](O[C@@H]2C)O[C@H]3[C@@H](O)C[C@@H](O[C@@H]3C)O[C@H]4CC[C@@]5(C)[C@H](CC[C@@H]6[C@@H]5CC[C@]7(C)[C@@H](CC[C@]67O)C8=CC(=O)OC8)C4,0,0.3642747700214386
0,GCN,C4=C(C(C2C(C1=CC=NC=C1)C2)(C3=CC=CC=C3)O)C=CC=C4,1,0.9111850261688232
0,GCN,[O+]1=N[N](C=C1[N-]C(NC2=CC=CC=C2)=O)C(CC3=CC=CC=C3)C,1,0.8565809726715088
0,GCN,OC12c3c(Oc4c(C)cccc4C2CN(CC1)C)cccc3,1,0.9764377474784851
0,GCN,OC12c3c(Oc4c(C)cccc4C2CNCC1)cccc3,1,0.9560728669166565
0,GCN,CC1=CN([C@H]2C[C@H](F)[C@@H](CO)O2)C(=O)NC1=O,1,0.7625951170921326
0,GCN,OC[C@H]1O[C@H](C[C@@H]1O)N2C=C(F)C(=O)NC2=O,0,0.40386784076690674
0,GCN,CC1=CN([C@H]2C[C@H](N=[N+]=[N-])[C@@H](CO)O2)C(=O)NC1=O,0,0.5522403120994568
0,GCN,CC[N+](C)(C)Cc1ccccc1Br.Cc2ccc(cc2)[S]([O-])(=O)=O,0,0.8387094736099243
0,GCN,C1CN2CCC1C(C2)CN3c4ccccc4Sc5ccccc35,0,0.9814861416816711
0,GCN,C1=CC=CC2=C1SC5=C(N2CC3C4CCN(C3)CC4)C=CC=C5,1,0.9814861416816711
0,GCN,CCC(=O)OC1CC(=O)OC(C)C\C=C\C=C/C(O)C(C)CC(CC=O)C(O[C@@H]2O[C@H](C)[C@@H](O[C@H]3C[C@@](C)(O)[C@H](OC(=O)CC)[C@@H](C)O3)[C@@H]([C@H]2O)N(C)C)C1OC,0,0.804472029209137
0,GCN,C[C@@H]1[C@H](O)CC[C@@]2(C)[C@H]1CC[C@@]3(C)[C@H]2[C@H](O)C[C@H]4\C([C@H](C[C@]34C)OC(C)=O)=C(/CCC=C(C)C)C(O)=O,0,0.6072348356246948
0,GraphSAGE,OC[C@@H]1CC[C@@H](O1)n2cnc3C(=O)N=CNc23,0,0.71088707447052
0,GraphSAGE,CC1(C)S[C@@H]2C(NC(=O)[C@H](NC(=O)C3=CNc4cccnc4C3=O)c5ccccc5)C(=O)N2[C@H]1C(O)=O,0,0.08319515734910965
0,GraphSAGE,C1=CC=C3C(=C1OC(C2=CC=CS2)CCNC)C=CC=C3,1,0.8870767951011658
0,GraphSAGE,[C@@]4(O)(C3(C(C2C(C1(C(=CC(=O)CC1)C=C2)C)C(O)C3)CC4=C)C)C(=O)CO,1,0.8519275188446045
0,GraphSAGE,[C@H](O)(/C=C/C1=C(C3=C(OC12CCCC2)C=CC=C3)C4=CC=C(F)C=C4)C[C@H](O)CC(OCC)=O,1,0.927004873752594
0,GraphSAGE,CC1=C2NC3=CC(=O)C=CC3=C2C=CN1,1,0.6199178099632263
0,GraphSAGE,OCCN1CCN(CC\C=C/2c3ccccc3COc4ccc(Cl)cc24)CC1,1,0.9411336779594421
0,GraphSAGE,CCC(=O)O[C@H]1[C@@H](C)[C@@H](C)OC(=O)C(C)[C@@H](O[C@H]2C[C@H](OC)[C@@H](OC(=O)CC)[C@H](C)O2)[C@H](C)[C@@H](O[C@@H]3O[C@H](C)C[C@@H]([C@H]3O)N(C)C)C(C)C[C@@]4(CO4)C(=O)[C@@H]1C,0,0.37122276425361633
0,GraphSAGE,CO[C@H]1C[C@@H](O[C@@H](C)[C@@H]1OC(C)=O)O[C@H]2[C@H](C)[C@@H](O[C@@H]3O[C@H](C)C[C@@H]([C@H]3OC(C)=O)N(C)C)[C@@H](C)C[C@@]4(CO4)C(=O)[C@H](C)[C@@H](OC(C)=O)[C@@H](C)[C@@H](C)OC(=O)[C@@H]2C,0,0.4964270293712616
0,GraphSAGE,C1=C(Cl)C=CC3=C1N(C2=C(C=CC=C2)S3)CCCN5CCC(C4C(OCC4)=O)(O)CC5,1,0.9473975896835327
0,GraphSAGE,CO[C@H]1[C@@H](C[C@@H]2CN3CCc4c([nH]c5cc(OC)ccc45)[C@H]3C[C@@H]2[C@@H]1C(=O)OC)OC(=O)\C=C\c6cc(OC)c(OC)c(OC)c6,1,0.8350386619567871
0,GraphSAGE,C1=C(C(N)=O)N=N[N]1CC2=C(C=CC=C2F)F,1,0.8178176879882812
0,GraphSAGE,C[C@]12CCC(=O)C=C1CC[C@H]3[C@@H]4CC[C@](O)(C(=O)CO)[C@@]4(C)CC(=O)[C@H]23,0,0.5325050354003906
0,GraphSAGE,[C@]34([C@H]([C@H]2[C@@H]([C@@]1(C(=CC(=O)CC1)CC2)C)C(C3)=O)CC[C@@]4(C(COC(C)=O)=O)O)C,1,0.8983428478240967
0,GraphSAGE,CCOC(=O)C1(CCN(C)CC1)c2ccccc2,1,0.9420186281204224
0,GraphSAGE,[H+].[Cl-].CCOC(=O)C1(CCN(C)CC1)c2ccccc2,1,0.926353931427002
0,GraphSAGE,[C@]2(C1=CC=CC=C1)([C@H](CN(C)CC2)CC)OC(CC)=O,1,0.9521675109863281
0,GraphSAGE,C1=C(C=CC=C1C2(CCN(C)CC2)C(CC)=O)O,1,0.9376990795135498
0,GraphSAGE,[C@]2(C1=CC(=CC=C1)O)([C@H](CN(C)CC2)C)CCC,1,0.9491119980812073
0,GraphSAGE,C1=CC=CC=C1C2(C(N(CC)C)=O)CCN(CCCCCC)CC2,1,0.975716769695282
0,GraphSAGE,C2=C(C1(C(CN(C)CC1)C)OC(CC)=O)C=CC=C2,1,0.9719610214233398
0,GraphSAGE,C2=C(C1(C(OCC)=O)CCN(C)CC1)C=CC=C2O,1,0.8512139320373535
0,GraphSAGE,C1=CC=CC2=C1C4(C3=C(OC2)C=CC=C3)OC(CN(C)C)CO4,1,0.9734526872634888
0,GraphSAGE,C(O)C(O)C1OC(=C(O)C1=O)O,1,0.0063569494523108006
0,GraphSAGE,Cc1ccc(cc1)[S](=O)(=O)NC(=O)NN2CCCCCC2,0,0.722197949886322
0,GraphSAGE,OC(=O)C1=CN(C2CC2)c3cc(N4CCNCC4)c(F)cc3C1=O,0,0.4920138716697693
0,GraphSAGE,C[C@H]1CN(C[C@@H](C)N1)c2c(F)c(N)c3C(=O)C(=CN(C4CC4)c3c2F)C(O)=O,0,0.1876833587884903
0,GraphSAGE,CC1CN(CCN1)c2cc3N(C=C(C(O)=O)C(=O)c3c(C)c2F)C4CC4,0,0.4071711301803589
0,GraphSAGE,COc2cc1oc(=O)c(C)c(C)c1cc2OCCCN3CCN(CC3)c4ccccc4OC,1,0.885658860206604
0,GraphSAGE,C1=C(C#N)C=CC3=C1C4=C(C2=C(C=CC=C2)S3)CCN(CC4)C,1,0.9259751439094543
0,GraphSAGE,C4=C(N3CCN(CCCCN1C(C2C(C(C1=O)C(=O)N(C2=O)CCCC)(C)C)=O)CC3)C(=CC=C4)OC,1,0.7687088251113892
0,GraphSAGE,[Cl].CCCCOc1ccc(cc1)C(=O)CCN2CCCCC2,0,0.895381510257721
0,GraphSAGE,CO\N=C(C(=O)N[C@H]1[C@H]2SCC(=C(N2C1=O)C(O)=O)CSc3sc(CC(O)=O)c(C)n3)/c4csc(N)n4,0,0.2011803388595581
0,GraphSAGE,C(C2C1C(NC(N1)=O)CS2)CCCC(O)=O,1,0.4722664952278137
0,GraphSAGE,C2=C(CN(C(=C(SC(=O)C1=CC=CO1)\CCOC(=O)COC(=O)C)/C)C=O)C(=NC(=N2)C)N,1,0.8957633376121521
0,GraphSAGE,Oc1ccc(cc1)/C=C([N+]#[C-])/C(=C/c2ccc(O)cc2)[N+]#[C-],0,0.28683245182037354
0,GraphSAGE,c1ccc2N([C@H](CN3CCCC3)C)c3c(ccc(C(=O)NCCC)c3)Sc2c1,1,0.8865863680839539
0,GraphSAGE,[C@H](N1C3=C(SC2=C1C=CC=C2)C=CC(=C3)C(=O)NCCC)(CN4CCCC4)C,1,0.9212146401405334
0,GraphSAGE,[C@H]2(NC(=O)C1=C(OC)C=C(NC)C(=C1)Cl)[C@H](N(CC2)CC3=CC=CC=C3)C,1,0.36355528235435486
0,GraphSAGE,CN1CCN(CC1)C2=Nc3ccccc3Cc4ccccc24,1,0.9740855097770691
0,GraphSAGE,C1=CC=CC3=C1C(=NC2=C(C=CC(=C2)F)C3)N4CCN(C)CC4,1,0.9686006903648376
0,GraphSAGE,C1=C(O)C=CC3=C1C2(CC(CN(CC2)C)C3)C,1,0.9797163009643555
0,GraphSAGE,C1=C(C(=C(C=C1C(\C=C\N2CC=CC2)=O)OC)OC)OC,1,0.8244689702987671
0,GraphSAGE,CN1CCN(CC1)CC(=O)N2c3ccccc3C(=O)Nc4cccnc24,1,0.9159066081047058
0,GraphSAGE,C[C@]1(O)CC[C@H]2[C@@H]3CC[C@H]4Cc5[nH]ncc5C[C@]4(C)[C@H]3CC[C@]12C,0,0.5591778755187988
0,GraphSAGE,C2=C(CC(C(NCC(OCC1=CC=CC=C1)=O)=O)CSC(C)=O)C=CC=C2,1,0.861988365650177
0,GraphSAGE,CC1(C)NC(C(=O)[NH+]1[C@H]2[C@H]3SC(C)(C)[C@@H](N3C2=O)C(O)=O)c4ccc(O)cc4,0,0.03521516174077988
0,GraphSAGE,CCN(CC)C(=O)C1CN2CCc3cc(OC)c(OC)cc3C2CC1OC(C)=O,1,0.9441574811935425
0,GraphSAGE,C1=C(C)C=CC2=C1C3N(CC2)CCC(C3)(CC)O,1,0.9742185473442078
0,GraphSAGE,[C@@]23([C@H]([C@H]1[C@H](OC(O1)(C)C)CO2)OC(O3)(C)C)CO[S](N)(=O)=O,1,0.975328266620636
0,GraphSAGE,C1CC1,1,0.9408504962921143
0,GraphSAGE,COC1(C(F)(F)C1(F)Cl)F,1,0.9997705817222595
0,GraphSAGE,CCC(C)[C@H]1O[C@]2(CC[C@@H]1C)CC3C[C@@H](C\C=C(C)\[C@@H](O[C@H]4C[C@H](OC)[C@@H](OC5C[C@H](OC)[C@@H](O)[C@H](C)O5)[C@H](C)O4)[C@@H](C)/C=C/C=C/6CO[C@@H]7[C@H](O)C(=C[C@@H](C(=O)O3)[C@]67O)C)O2.CO[C@H]8CC(O[C@@H](C)[C@@H]8O)O[C@H]9[C@H](C)O[C@H](C[C@@H]9OC)O[C@H]/%10[C@@H](C)/C=C/C=C/%11CO[C@@H]%12[C@H](O)C(=C[C@@H](C(=O)OC%13C[C@@H](C\C=C%10C)O[C@@]%14(CC[C@H](C)[C@H](O%14)C(C)C)C%13)[C@]%11%12O)C,0,0.5332309603691101
0,GraphSAGE,c12c3c(C(NC(C)=O)CCc2cc(c(c1OC)OC)OC)cc(=O)c(cc3)OC,1,0.7654086351394653
0,GraphSAGE,COC1=CC=C2C(=CC1=O)[C@H](CCc3cc(OC)c(OC)c(OC)c23)NC(C)=O,0,0.6669459939002991
0,GraphSAGE,CC(Oc1ccccc1)C(=O)NC2C3SC(C)(C)C(N3C2=O)C(O)=O,0,0.08418909460306168
0,GraphSAGE,CCC(Oc1ccccc1)C(=O)NC2C3SC(C)(C)C(N3C2=O)C(O)=O,0,0.14645102620124817
0,GraphSAGE,C1=CC(=CC4=C1N2C(=NC(/C2=O)=C\N3CCN(C)CC3)CN=C4C5=C(C=CC=C5)Cl)[N+](=O)[O-],1,0.8754928112030029
0,GraphSAGE,Oc1ccc2C[C@@H]3[C@@H]4CCCC[C@]4(CCN3CC=C)c2c1,1,0.9336217045783997
0,GraphSAGE,CN1CC[C@]23CCCC[C@H]2[C@H]1Cc4ccc(O)cc34,1,0.9334921836853027
0,GraphSAGE,C4=C3C(N(C1=CC=C2C(=N1)N=C(Cl)C=C2)C(=O)C3=CC=C4)CC(CCC(C)C)=O,1,0.863021969795227
0,GraphSAGE,C1=CC(=CC2=C1C(=NO2)C4CCN(CCCOC3=C(C=C(C(C)=O)C=C3)OC)CC4)F,1,0.8929988741874695
0,GraphSAGE,CC1OC(CC(N)C1O)OC2C[C@@](O)(Cc3c(O)c4C(=O)c5cccc(O)c5C(=O)c4c(O)c23)C(C)=O,0,0.13038313388824463
0,GraphSAGE,CCOC(OCC)C(=O)OCC(=O)C1(O)CC(OC2CC(N)C(O)C(C)O2)c3c(O)c4C(=O)c5c(OC)cccc5C(=O)c4c(O)c3C1,0,0.3644599914550781
0,GraphSAGE,CC1OC(CC(N)C1O)OC2CC(O)(Cc3c(O)c4C(=O)c5ccccc5C(=O)c4c(O)c23)C(=O)CO,0,0.19872483611106873
0,GraphSAGE,C3=C(C1C(N(CCO1)CCOC(C(C2=CC=CC=C2)CC)=O)C)C=CC=C3,1,0.836445152759552
0,GraphSAGE,CC1OC(O[C@H]2CC[C@]3(C)[C@H]4CC[C@]5(C)[C@H](CC[C@]5(O)[C@@H]4CCC3=C2)C6=COC(=O)C=C6)C(O)C(O)C1O,0,0.15883654356002808
0,GraphSAGE,C2=C(N1CCN(C)CC1)N=NC3=C2N(C4=C(O3)C=CC=C4)C,1,0.9634296298027039
0,GraphSAGE,[C@@]126C3=C4C[C@H]([C@@]1(CCC([C@@H]2OC3=C(C=C4)O)=C)O)N(CC5CC5)CC6,1,0.9329274296760559
0,GraphSAGE,CNCCCC1c2ccccc2C=Cc3ccccc13,1,0.9463885426521301
0,GraphSAGE,C1=CC=CC3=C1C(C2=C(C=CC=C2)C=C3)C(N)=O,1,0.8715601563453674
0,GraphSAGE,[C@]14([C@H]([C@H]3[C@](F)([C@@H](O)C1)[C@@]2(C(=CC(=O)C=C2)CC3)C)C[C@@H]6[C@]4(CC5=CC=CC=C5C6)C(=O)CO)C.O,1,0.9783823490142822
0,GraphSAGE,C4=C(N1C3(C(NC1)=O)CCN(CCCOC2=CC=C(C=C2)F)CC3)C=CC=C4,1,0.9488086700439453
0,GraphSAGE,CN(C)CCCN2c1ccccc1C(=Nc3cccnc23)c4ccccc4,1,0.9455313682556152
0,GraphSAGE,COC1CC(OC(C)C1O)O[C@H]2[C@H](C)[C@@H](OC3OC(C)CC(C3O)N(C)C)[C@@H](C)C[C@]4(CO4)C(=O)[C@H](C)[C@@H](O)[C@@H](C)[C@@H](C)OC(=O)[C@@H]2C,0,0.10556915402412415
0,GraphSAGE,CN(C)[C@H]1[C@@H]2C[C@H]3C(=C(O)c4c(O)cccc4[C@@]3(C)O)C(=O)[C@]2(O)C(=O)\C(=C(/O)NCN5CCCC5)C1=O,1,0.09487073123455048
0,GraphSAGE,Nc1nc(N)c2nc(c3ccccc3)c(N)nc2n1,0,0.7599331140518188
0,GraphSAGE,C1=CC(=CC2=C1C(=C([NH]2)C)C4CCN(CCCC(C3=CC=C(F)C=C3)=O)CC4)OC,1,0.9042016863822937
0,GraphSAGE,S1[C@H]4N(CC1(C2CN3[C@H](S2)CC3=O)O)C(C4)=O,1,0.6479346752166748
0,GraphSAGE,C1=CC=CC=C1C(C2=CC=CC=C2)OCCN(C\C=C\C3=CC=CC=C3)C,1,0.9399458765983582
0,GraphSAGE,C1=C2C(=CC=C1)OC(CCCl)NC2=O,1,0.9043224453926086
0,GraphSAGE,Nc1ccc(N=Nc2ccccc2)c(N)n1,0,0.8623204231262207
0,GraphSAGE,C1=CC=CC=C1[P](C2=CC=CC=C2)(CC(NN)=O)=O,1,0.8007153868675232
0,GraphSAGE,C1=C(O)C=CC4=C1C35C(C(N(CCC2=CC=CC=C2)CC3)C4)CCCC5,1,0.9552297592163086
0,GraphSAGE,C1=C(Cl)C=CC\3=C1C=C(N2CCN(C)CC2)C4=C(C3=C/C#N)C=CC=C4,1,0.9142889976501465
0,GraphSAGE,[C@]235[C@H]([C@H](N(CC1CC1)CC2)CC4=C3C(=CC=C4)O)CCC(C5)=O,1,0.9062789082527161
0,GraphSAGE,O=C1Nc2ccccc2N1C3CCN(CCOc4ccccc4)CC3,1,0.9251821637153625
0,GraphSAGE,C1=C(C=CC=C1)C(C2=CC=CC=C2)(C3NCCCC3)O,1,0.6475770473480225
0,GraphSAGE,CC(C)N=C1C=C2N(c3ccc(Cl)cc3)c4ccccc4N=C2C=C1Nc5ccc(Cl)cc5,0,0.5763750076293945
0,GraphSAGE,O=C1Oc2ccccc2C=C1,0,0.6835241317749023
0,GraphSAGE,CC1=CC(=O)Oc2cc(O)ccc12,0,0.481022447347641
0,GraphSAGE,[C@@H]24[C@@](C1=CC=CC=C1OC3=C(C=CC=C23)C)(CCN(C4)C)O,1,0.9382888078689575
0,GraphSAGE,C1=C([N](C(=C1C=O)C)CCNC(C)=O)C,1,0.9039338231086731
0,GraphSAGE,CN(C)CCC(c1ccccc1)c2ccccn2,0,0.9428502917289734
0,GraphSAGE,CN(C)CCOC(C)(c1ccccc1)c2ccccn2,1,0.8891851902008057
0,GraphSAGE,CN(C)CCOC(C)(c1ccccc1)c2ccccn2.OC(=O)CCC(O)=O,1,0.7572907209396362
0,GraphSAGE,C[C@]1(Cn2ccnn2)[C@@H](N3[C@@H](CC3=O)[S]1(=O)=O)C(O)=O,0,0.09370865672826767
0,GraphSAGE,C2=C(C1=NOC(=N1)C)N=C3[N]2C4=C(C(=N3)OC)CCCC4,1,0.7070751190185547
0,GraphSAGE,C1=C(F)C=CC3=C1C=C(SCCNC)C2=CC=CC=C2O3,1,0.840466320514679
0,GraphSAGE,Cc1c(O)cccc1C(=O)N[C@@H](CSc2ccccc2)[C@H](O)CN3C[C@H]4CCCC[C@H]4C[C@H]3C(=O)NC(C)(C)C,0,0.8014044165611267
0,GraphSAGE,CCCCc1oc2ccccc2c1C(=O)c3cc(I)c(OCCN(CC)CC)c(I)c3,0,0.420037180185318
0,GraphSAGE,COC(=O)C(C1CCCCN1)c2ccccc2,1,0.9149611592292786
0,GraphSAGE,CC(=O)OC(C1CCCCN1)c2ccccc2,1,0.9348984360694885
0,GraphSAGE,C1=CC=CC3=C1C(C2=C(C=CC=C2)S3)=C4CCN(C)CC4,1,0.9641147255897522
0,GraphSAGE,CN1C(=O)CC(=O)N(c2ccccc2)c3cc(Cl)ccc13,1,0.9688933491706848
0,GraphSAGE,Clc1ccc2NC(=O)CC(=O)N(c3ccccc3)c2c1,1,0.9255602359771729
0,GraphSAGE,C1=C(C(F)(F)F)C=CC3=C1N(C2=CC=CC=C2)C(CC(N3C)=O)=O,1,0.9628128409385681
0,GraphSAGE,COc1cccc2C(=O)c3c(O)c4CC(O)(CC(O)c4c(O)c3C(=O)c12)C(=O)CO,0,0.155133455991745
0,GraphSAGE,C1=CC=CC2=C1C(C3=NCCCN23)(C4=CC=CC(=C4)Cl)O,1,0.6917077898979187
0,GraphSAGE,C1=C(OC)C=CC2=C1C4=C3[N]2CCN(C3=NCC4)C,1,0.9344701766967773
0,GraphSAGE,CO[C@]1(NC(=O)C(C(O)=O)c2ccc(O)cc2)[C@H]3OCC(=C(N3C1=O)C(O)=O)CSc4nnnn4C,0,0.0819217786192894
0,GraphSAGE,[Cl-].NC12CC3CC(CC(C3)C1)C2.[H+],1,0.97652268409729
0,GraphSAGE,CC12CC3(CC(C1)(CC(C2)C3)N)C,1,0.9955849647521973
0,GraphSAGE,C1=CC=CC2=C1C3=C([NH]2)CCC(C3)N(C)C,1,0.9574481248855591
0,GraphSAGE,CN(C)C3CCc2[nH]c1c(F)cc(F)cc1c2C3,1,0.8937417268753052
0,GraphSAGE,CCC(=O)N(C1CCN(CC1)CCc2ccccc2)c3ccccc3,1,0.9549291729927063
0,GraphSAGE,[C@]3(N(C1=CC=CC=C1)C(=O)CC)(C(=O)OC)[C@H](CN(CCC2=CC=CC=C2)CC3)C,1,0.8857058882713318
0,GraphSAGE,C1=CC=CC=C1N(C3(CCN(CCC2=CC=CC=C2)CC3)C(OC)=O)C(CC)=O,1,0.8955850005149841
0,GraphSAGE,C3=C(N(C2CCN(CCC1=CC=CC=C1)CC2)C(COC)=O)C(=CC=C3)F,1,0.9466822147369385
0,GraphSAGE,[C@@]23(F)[C@H]([C@H]1[C@@]([C@@]([C@H](C1)C)(O)C(=O)CCl)(CC2=O)C)CCC4=CC(=O)C=C[C@]34C,1,0.9541338086128235
0,GraphSAGE,[C@]4([C@@]3([C@H]([C@H]2[C@]([C@@]1(C(=CC(=O)C=C1)CC2)C)(F)C(C3)=O)C[C@@H]4C)C)(OC(CCC)=O)C(CCl)=O,1,0.9807648062705994
0,GraphSAGE,IC1=C(N([H])[H])C=CC(C2=NC3=CC=C(O[H])C=C3S2)=C1,1,0.2268252670764923
0,GraphSAGE,C1=CC(=CC2=C1NC(=O)OC2(C)C)Br,1,0.9493827223777771
0,GraphSAGE,CC1(C)S[C@@H]2[C@H](NC(=O)[C@H](NC(=O)NC3=CN=C(NC3=O)Nc4ccc(cc4)[S](N)(=O)=O)c5ccc(O)cc5)C(=O)N2[C@H]1C(O)=O,0,0.09126106649637222
0,GraphSAGE,CC[C@@]1(O)C[C@H](OC2CC(C(OC3CC(O)C(OC4CCC(=O)C(C)O4)C(C)O3)C(C)O2)N(C)C)c5c(O)c6C(=O)c7c(O)cccc7C(=O)c6cc5[C@H]1C(=O)OC,0,0.588456928730011
0,GraphSAGE,CN1C(=O)N(C)c2ncn(CCNCC(O)c3ccc(O)c(O)c3)c2C1=O,0,0.4210898280143738
0,GraphSAGE,[H+].C1=NC3=C([N]1CCNC(CC2=CC=CC=C2)C)C(=O)N(C(=O)N3C)C.[Cl-],1,0.7780539393424988
0,GraphSAGE,C1=NC3=C([N]1CCNC(C(C2=CC=CC=C2)O)C)C(N(C)C(N3C)=O)=O,1,0.553415060043335
0,GraphSAGE,CN1CCN=C(c2ccccc2)c3cc(Cl)ccc13,1,0.9645829796791077
0,GraphSAGE,C1=C(Cl)C=CC2=C1C(=NCCN2CC(F)(F)F)C3=CC=CC=C3F,1,0.9494470953941345
0,GraphSAGE,C1=C(Br)C=CC2=C1C(=NCC(N2C)COC)C3=CC=CC=C3Cl,1,0.965000569820404
0,GraphSAGE,C1=C2C(=CC=C1)N(C(Cl)(CN=C2C3=CC=CC=C3Cl)CO)C,1,0.9811392426490784
0,GraphSAGE,C2=C(C(N1CCCCCCC1)=O)C=C(OC)C(=C2OC)OC,1,0.8916448354721069
0,GraphSAGE,C3=C(CCN1CCC(CC1)(C2=CC=CC=C2)C(OCC)=O)C=CC(=C3)N,1,0.8715921640396118
0,GraphSAGE,NC(=N)c1ccc(o1)c2ccccc2N(=O)=O,1,0.8102056384086609
0,GraphSAGE,C1=C(Cl)C=CC2=C1C3(N(CC(=O)N2C)C(C=C(O3)C)=O)C4=CC=CC=C4,1,0.9590821266174316
0,GraphSAGE,C1=NC(=NC(=C1CN(C(=C(\CCOC(C)=O)SC(C)=O)/C)C=O)N)C,1,0.9480759501457214
0,GraphSAGE,C1=C(CN(C(=C(SC(OCC)=O)/CCOC(OCC)=O)/C)C=O)C(=NC(=N1)C)N,1,0.9455801248550415
0,GraphSAGE,[H+].[Cl-].Clc1ccc2Sc3ccccc3N(CCCN4CCC5(CC4)NC(=O)CS5)c2c1,1,0.929451584815979
0,GraphSAGE,[C@@H]2(C3=C([C@H](C1=CC=C(C=C1)F)C2)C=CC(=C3)C(F)(F)F)N4CCN(CCO)CC4,1,0.9385742545127869
0,GraphSAGE,CC1(C)S[C@@H]2[C@H](NC(=O)COc3ccccc3)C(=O)N2[C@H]1C([O-])=O,0,0.23470377922058105
0,GraphSAGE,CC1(C)S[C@@H]2[C@H](NC(=O)C(C)(C)Oc3ccccc3)C(=O)N2[C@H]1C(O)=O,0,0.059972405433654785
0,GraphSAGE,FC(F)(F)c1c(Cl)nc(N2CCNCC2)cc1,1,0.9408613443374634
0,GraphSAGE,C1NCCN(C1)c1ccc(c(n1)Cl)C(F)(F)F,1,0.9408613443374634
0,GraphSAGE,S=[P](N1CC1)(N2CC2)N3CC3,1,0.7111563086509705
0,GraphSAGE,C1=C(Cl)C=CC2=C1C3(N(CC(=O)N2CCO)CCO3)C4=CC=CC=C4F,1,0.9633516669273376
0,GraphSAGE,C1=C(Br)C=CC3=C1C2(N(CCO2)CC(=O)N3)C4=C(C=CC=C4)F,1,0.9471263289451599
0,GraphSAGE,C1=C(Cl)C=CC3=C1C2(N(C(C)CO2)CC(=O)N3)C4=CC=CC=C4Cl,1,0.966315746307373
0,GraphSAGE,C1=C(Cl)C=CC3=C1C2(OCCN2CC(=O)N3)C4=C(Cl)C=CC=C4,1,0.9471293091773987
0,GraphSAGE,CC1=C(N2[C@H](SC1)[C@H](NC(=O)[C@H](N)C3=CCC=CC3)C2=O)C(O)=O,0,0.03729579970240593
0,GraphSAGE,C[C@H]1O[C@@H](O[C@@H]\2C[C@@H]3O[C@](O)(C[C@@H](O)C[C@@H](O)[C@H](O)CC[C@@H](O)C[C@@H](O)CC(=O)O[C@@H](C)[C@H](C)[C@H](O)[C@@H](C)\C=C/C=C\C=C/C=C\C=C/C=C\C=C2)C[C@H](O)[C@H]3C(O)=O)[C@@H](O)[C@@H](N)[C@@H]1O,0,0.43702220916748047
0,GraphSAGE,COc1cccc2C(=O)c3c(O)c4C[C@](O)(C[C@H](O[C@H]5C[C@H](N)[C@H](O)[C@H](C)O5)c4c(O)c3C(=O)c12)C(=O)CO,0,0.08593446016311646
0,GraphSAGE,COc1cccc2C(=O)c3c(O)c4C[C@](O)(C[C@H](O[C@H]5C[C@H](N)[C@H](O)[C@H](C)O5)c4c(O)c3C(=O)c12)C(C)=O,0,0.121710866689682
0,GraphSAGE,[Cl-].CC(=O)[C@@]1(N)C[C@H](O[C@H]2C[C@H](O)[C@H](O)CO2)c3c(O)c4C(=O)c5ccccc5C(=O)c4c(O)c3C1.[H+],0,0.3429694175720215
0,GraphSAGE,C[C@@H]1O[C@H](C[C@H](N)[C@@H]1O)O[C@H]2C[C@@](O)(Cc3c(O)c4C(=O)c5ccccc5C(=O)c4c(O)c23)C(C)=O,0,0.14897796511650085
0,GraphSAGE,COc1cccc2C(=O)c3c(O)c4C[C@](O)(C[C@H](O[C@H]5C[C@H](NC(=O)[C@@H](N)CC(C)C)[C@H](O)[C@H](C)O5)c4c(O)c3C(=O)c12)C(=O)CO,0,0.16778215765953064
0,GraphSAGE,C2=C(CN(C(=C(SC(=O)C1=CC=CC=C1)/CCO[P](=O)(O)O)/C)C=O)C(=NC(=N2)C)N,1,0.8620826601982117
0,GraphSAGE,[C@@]23(C([C@H](N(CC1(CC1)O)CC2)CC4=C3C=C(C=C4)O)(C)C)CC,1,0.9250668287277222
0,GraphSAGE,CC1=C(COC(=O)[C@@H]2N3[C@H](SC2(C)C)[C@H](NC(=O)[C@H](N)c4ccccc4)C3=O)OC(=O)O1,0,0.08109355717897415
0,GraphSAGE,COc1cccc2C(=O)c3c(O)c4C[C@@](O)(C[C@@H](OC5CC(N)CC(C)O5)c4c(O)c3C(=O)c12)C(=O)CO,0,0.4005740284919739
0,GraphSAGE,C1=CC=CC(=C1C2=NCC(N(C3=C2C(=N[N]3C)C)C)=O)F,1,0.9772082567214966
0,GraphSAGE,C1=CC=C(C2=C1CC3C(C2)CC(N[S](N(CC)CC)(=O)=O)CN3CCC)O,1,0.9336243271827698
0,GraphSAGE,CN1C2CCC1CC(C2)OC(=O)[C@H](CO)c3ccccc3,1,0.9320969581604004
0,GraphSAGE,CN1C2CCC1CC(C2)OC(=O)C(CO)c3ccccc3,0,0.9373703598976135
0,GraphSAGE,CN1C2CCC1CC(C2)OC(=O)C(O)c3ccccc3,0,0.8780257701873779
0,GraphSAGE,C1=CC=CC=C1C(C(OC2CC3N(C)C(C2)CC3)=O)(CO)C,1,0.8762151002883911
0,GraphSAGE,C1=CC=CC=C1C(C(OC2CC3N(C)C(C2)CC3)=O)CO,1,0.9373703598976135
0,GraphSAGE,CN(C)Cc1oc(cc1)CSCCNC=1NC=C(CN1)Cc1cnc(cc1)C,0,0.4498009979724884
0,GraphSAGE,C(N1CCOCC1)CNC2=NNC(C=C2C)=C3C=CC(=O)C=C3,1,0.8686738610267639
0,GraphSAGE,[Ca++].NC1=NC(=O)C2=C(NCC(CNc3ccc(cc3)C(=O)N[C@@H](CCC([O-])=O)C([O-])=O)N2C=O)N1,1,0.8316097259521484
0,GraphSAGE,C1=CC(=CC=C1C(CCCN3CCN(C(OC2CCCCC2)=O)CC3)=O)F,1,0.9430797696113586
0,GraphSAGE,[C@H]4(CC3C2=C1C(=C[N](C1=CC=C2)C(C)C)CC3N(C4)C)C(NC5CCCCC5)=O,1,0.9380210638046265
0,GraphSAGE,CC(=O)OCC1=C(N2[C@H](SC1)[C@H](NC(=O)CCC[C@@H](N)C(O)=O)C2=O)C(O)=O,0,0.06440378725528717
0,GraphSAGE,[C@@]3(C1=CC=CS1)(N2CCCCC2)[C@H](CCCC3)C,1,0.9258432388305664
0,GraphSAGE,[C@]23(C1(C(C1)CC2)[C@H](O)C[C@@H]4[C@@H]3CC[C@]5([C@H]4CC[C@@H]5C(=O)C)C)C,1,0.9192902445793152
0,GraphSAGE,OC(Cn1cncn1)(Cn2cncn2)c3ccc(F)cc3F,1,0.4398728907108307
0,GraphSAGE,[C@]34([C@H]([C@H]2[C@@H]([C@@]1(C(=CC(=O)C=C1)CC2)C)[C@H](C3)O)CC[C@@]4(C(CN5CCN(C)CC5)=O)O)C,1,0.9437184929847717
0,GraphSAGE,c1(nccc(c1)c1nc([nH]n1)N)N(C)C,0,0.6877703070640564
0,GraphSAGE,[C@@]45([C@@]3([C@H]([C@H]2[C@@H]([C@@]1(C(=CC(=O)CC1)[C@H](C2)F)C)[C@H](C3)O)C[C@H]4OC(O5)(C)C)C)C(CO)=O,1,0.9632115960121155
0,GraphSAGE,C1=CC=CC=C1NC(OCC3(COC(NC2=CC=CC=C2)=O)CCCC3)=O,1,0.9208476543426514
0,GraphSAGE,COc1ccc(Cl)cc1C(=O)NCCc2ccc(cc2)[S](=O)(=O)NC(=O)NC3CCCCC3,1,0.6971248388290405
0,GraphSAGE,[C@@]45([C@@]3([C@H]([C@H]2[C@@H]([C@@]1(C(=CC(=O)C=C1)CC2)C)[C@H](C3)O)C[C@H]4O[C@H](O5)C6CCCCC6)C)C(COC(C(C)C)=O)=O,1,0.9507986307144165
0,GraphSAGE,CN1C(=C(/O)Nc2ccccn2)/C(=O)c3ccccc3[S]1(=O)=O,0,0.1463431417942047
0,GraphSAGE,[C@@]123C4=C(C[C@H]([C@@]1(CC[C@H](C2)O)O)N(CC3)C)C=CC(=C4OC)OC,1,0.9518570899963379
0,GraphSAGE,c12[C@]34[C@@]56[C@H]([N@@](CC7CC7)CC4)Cc2ccc(c1O[C@H]3[C@](OC)([C@H](C5)[C@](C(C)(C)C)(C)O)CC6)O,1,0.8584594130516052
0,GraphSAGE,[C@]235[C@@]67[C@H](N(CC1CC1)CC2)CC4=C3C(=C(C=C4)O)O[C@H]5[C@](OC)([C@H](C6)C(C)(C)O)CC7,1,0.834189236164093
0,GraphSAGE,C1=CC=CC2=C1N(C3=C(S2)C=CC=N3)CCCN(C)C,1,0.959564745426178
0,GraphSAGE,C1=CC=CC=C1CN2C(CC(C2)CN)=O,1,0.9430466890335083
0,GraphSAGE,CN1CCC[C@H]1c2cccnc2,1,0.9728453159332275
0,GraphSAGE,FC(F)(F)c1ccc2Sc3ccccc3N(CCCN4CCN(CC4)C5CC5)c2c1,1,0.9718323349952698
0,GraphSAGE,[C@H]12C5CC4=C3[C@]1([C@H](C(C[C@@H]2CC)=O)OC3=C(C=C4)OC)CCN5CC6CC6,1,0.9670886397361755
0,GraphSAGE,OC1CCC2(O)C3Cc5ccc(O)c6OC1C2(CCN3CC4CCC4)c56,1,0.9759722948074341
0,GraphSAGE,C[C@H]1O[C@H](C[C@H](O)[C@@H]1O)O[C@H]2[C@@H](O)C[C@@H](O[C@@H]2C)O[C@H]3[C@@H](O)C[C@@H](O[C@@H]3C)O[C@H]4CC[C@@]5(C)[C@H](CC[C@@H]6[C@@H]5CC[C@]7(C)[C@@H](CC[C@]67O)C8=CC(=O)OC8)C4,0,0.6336675882339478
0,GraphSAGE,C4=C(C(C2C(C1=CC=NC=C1)C2)(C3=CC=CC=C3)O)C=CC=C4,1,0.6847721338272095
0,GraphSAGE,[O+]1=N[N](C=C1[N-]C(NC2=CC=CC=C2)=O)C(CC3=CC=CC=C3)C,1,0.9028008580207825
0,GraphSAGE,OC12c3c(Oc4c(C)cccc4C2CN(CC1)C)cccc3,1,0.9499446749687195
0,GraphSAGE,OC12c3c(Oc4c(C)cccc4C2CNCC1)cccc3,1,0.9033421874046326
0,GraphSAGE,CC1=CN([C@H]2C[C@H](F)[C@@H](CO)O2)C(=O)NC1=O,1,0.8979986906051636
0,GraphSAGE,OC[C@H]1O[C@H](C[C@@H]1O)N2C=C(F)C(=O)NC2=O,0,0.6221142411231995
0,GraphSAGE,CC1=CN([C@H]2C[C@H](N=[N+]=[N-])[C@@H](CO)O2)C(=O)NC1=O,0,0.8357824683189392
0,GraphSAGE,CC[N+](C)(C)Cc1ccccc1Br.Cc2ccc(cc2)[S]([O-])(=O)=O,0,0.7840251326560974
0,GraphSAGE,C1CN2CCC1C(C2)CN3c4ccccc4Sc5ccccc35,0,0.9690406322479248
0,GraphSAGE,C1=CC=CC2=C1SC5=C(N2CC3C4CCN(C3)CC4)C=CC=C5,1,0.9690406322479248
0,GraphSAGE,CCC(=O)OC1CC(=O)OC(C)C\C=C\C=C/C(O)C(C)CC(CC=O)C(O[C@@H]2O[C@H](C)[C@@H](O[C@H]3C[C@@](C)(O)[C@H](OC(=O)CC)[C@@H](C)O3)[C@@H]([C@H]2O)N(C)C)C1OC,0,0.7400863170623779
0,GraphSAGE,C[C@@H]1[C@H](O)CC[C@@]2(C)[C@H]1CC[C@@]3(C)[C@H]2[C@H](O)C[C@H]4\C([C@H](C[C@]34C)OC(C)=O)=C(/CCC=C(C)C)C(O)=O,0,0.7878339886665344
0,GAT,OC[C@@H]1CC[C@@H](O1)n2cnc3C(=O)N=CNc23,0,0.8444144129753113
0,GAT,CC1(C)S[C@@H]2C(NC(=O)[C@H](NC(=O)C3=CNc4cccnc4C3=O)c5ccccc5)C(=O)N2[C@H]1C(O)=O,0,0.24876734614372253
0,GAT,C1=CC=C3C(=C1OC(C2=CC=CS2)CCNC)C=CC=C3,1,0.9243260025978088
0,GAT,[C@@]4(O)(C3(C(C2C(C1(C(=CC(=O)CC1)C=C2)C)C(O)C3)CC4=C)C)C(=O)CO,1,0.9693698883056641
0,GAT,[C@H](O)(/C=C/C1=C(C3=C(OC12CCCC2)C=CC=C3)C4=CC=C(F)C=C4)C[C@H](O)CC(OCC)=O,1,0.9197089076042175
0,GAT,CC1=C2NC3=CC(=O)C=CC3=C2C=CN1,1,0.7410411238670349
0,GAT,OCCN1CCN(CC\C=C/2c3ccccc3COc4ccc(Cl)cc24)CC1,1,0.9823988080024719
0,GAT,CCC(=O)O[C@H]1[C@@H](C)[C@@H](C)OC(=O)C(C)[C@@H](O[C@H]2C[C@H](OC)[C@@H](OC(=O)CC)[C@H](C)O2)[C@H](C)[C@@H](O[C@@H]3O[C@H](C)C[C@@H]([C@H]3O)N(C)C)C(C)C[C@@]4(CO4)C(=O)[C@@H]1C,0,0.5119615793228149
0,GAT,CO[C@H]1C[C@@H](O[C@@H](C)[C@@H]1OC(C)=O)O[C@H]2[C@H](C)[C@@H](O[C@@H]3O[C@H](C)C[C@@H]([C@H]3OC(C)=O)N(C)C)[C@@H](C)C[C@@]4(CO4)C(=O)[C@H](C)[C@@H](OC(C)=O)[C@@H](C)[C@@H](C)OC(=O)[C@@H]2C,0,0.5365259647369385
0,GAT,C1=C(Cl)C=CC3=C1N(C2=C(C=CC=C2)S3)CCCN5CCC(C4C(OCC4)=O)(O)CC5,1,0.9837164878845215
0,GAT,CO[C@H]1[C@@H](C[C@@H]2CN3CCc4c([nH]c5cc(OC)ccc45)[C@H]3C[C@@H]2[C@@H]1C(=O)OC)OC(=O)\C=C\c6cc(OC)c(OC)c(OC)c6,1,0.7606766223907471
0,GAT,C1=C(C(N)=O)N=N[N]1CC2=C(C=CC=C2F)F,1,0.958773136138916
0,GAT,C[C@]12CCC(=O)C=C1CC[C@H]3[C@@H]4CC[C@](O)(C(=O)CO)[C@@]4(C)CC(=O)[C@H]23,0,0.9714373350143433
0,GAT,[C@]34([C@H]([C@H]2[C@@H]([C@@]1(C(=CC(=O)CC1)CC2)C)C(C3)=O)CC[C@@]4(C(COC(C)=O)=O)O)C,1,0.9882556200027466
0,GAT,CCOC(=O)C1(CCN(C)CC1)c2ccccc2,1,0.9902744293212891
0,GAT,[H+].[Cl-].CCOC(=O)C1(CCN(C)CC1)c2ccccc2,1,0.9882777333259583
0,GAT,[C@]2(C1=CC=CC=C1)([C@H](CN(C)CC2)CC)OC(CC)=O,1,0.9927819967269897
0,GAT,C1=C(C=CC=C1C2(CCN(C)CC2)C(CC)=O)O,1,0.9774144887924194
0,GAT,[C@]2(C1=CC(=CC=C1)O)([C@H](CN(C)CC2)C)CCC,1,0.9905170798301697
0,GAT,C1=CC=CC=C1C2(C(N(CC)C)=O)CCN(CCCCCC)CC2,1,0.9935610294342041
0,GAT,C2=C(C1(C(CN(C)CC1)C)OC(CC)=O)C=CC=C2,1,0.9905808568000793
0,GAT,C2=C(C1(C(OCC)=O)CCN(C)CC1)C=CC=C2O,1,0.9696528315544128
0,GAT,C1=CC=CC2=C1C4(C3=C(OC2)C=CC=C3)OC(CN(C)C)CO4,1,0.9872597455978394
0,GAT,C(O)C(O)C1OC(=C(O)C1=O)O,1,0.07775841653347015
0,GAT,Cc1ccc(cc1)[S](=O)(=O)NC(=O)NN2CCCCCC2,0,0.9500311613082886
0,GAT,OC(=O)C1=CN(C2CC2)c3cc(N4CCNCC4)c(F)cc3C1=O,0,0.8153460621833801
0,GAT,C[C@H]1CN(C[C@@H](C)N1)c2c(F)c(N)c3C(=O)C(=CN(C4CC4)c3c2F)C(O)=O,0,0.39065730571746826
0,GAT,CC1CN(CCN1)c2cc3N(C=C(C(O)=O)C(=O)c3c(C)c2F)C4CC4,0,0.819735050201416
0,GAT,COc2cc1oc(=O)c(C)c(C)c1cc2OCCCN3CCN(CC3)c4ccccc4OC,1,0.9622817039489746
0,GAT,C1=C(C#N)C=CC3=C1C4=C(C2=C(C=CC=C2)S3)CCN(CC4)C,1,0.9780212044715881
0,GAT,C4=C(N3CCN(CCCCN1C(C2C(C(C1=O)C(=O)N(C2=O)CCCC)(C)C)=O)CC3)C(=CC=C4)OC,1,0.9727156162261963
0,GAT,[Cl].CCCCOc1ccc(cc1)C(=O)CCN2CCCCC2,0,0.9893145561218262
0,GAT,CO\N=C(C(=O)N[C@H]1[C@H]2SCC(=C(N2C1=O)C(O)=O)CSc3sc(CC(O)=O)c(C)n3)/c4csc(N)n4,0,0.20147517323493958
0,GAT,C(C2C1C(NC(N1)=O)CS2)CCCC(O)=O,1,0.4541443884372711
0,GAT,C2=C(CN(C(=C(SC(=O)C1=CC=CO1)\CCOC(=O)COC(=O)C)/C)C=O)C(=NC(=N2)C)N,1,0.9359580278396606
0,GAT,Oc1ccc(cc1)/C=C([N+]#[C-])/C(=C/c2ccc(O)cc2)[N+]#[C-],0,0.8505212068557739
0,GAT,c1ccc2N([C@H](CN3CCCC3)C)c3c(ccc(C(=O)NCCC)c3)Sc2c1,1,0.7620524168014526
0,GAT,[C@H](N1C3=C(SC2=C1C=CC=C2)C=CC(=C3)C(=O)NCCC)(CN4CCCC4)C,1,0.911300539970398
0,GAT,[C@H]2(NC(=O)C1=C(OC)C=C(NC)C(=C1)Cl)[C@H](N(CC2)CC3=CC=CC=C3)C,1,0.781552255153656
0,GAT,CN1CCN(CC1)C2=Nc3ccccc3Cc4ccccc24,1,0.9786953330039978
0,GAT,C1=CC=CC3=C1C(=NC2=C(C=CC(=C2)F)C3)N4CCN(C)CC4,1,0.9768304824829102
0,GAT,C1=C(O)C=CC3=C1C2(CC(CN(CC2)C)C3)C,1,0.9792625904083252
0,GAT,C1=C(C(=C(C=C1C(\C=C\N2CC=CC2)=O)OC)OC)OC,1,0.9336109161376953
0,GAT,CN1CCN(CC1)CC(=O)N2c3ccccc3C(=O)Nc4cccnc24,1,0.9617388844490051
0,GAT,C[C@]1(O)CC[C@H]2[C@@H]3CC[C@H]4Cc5[nH]ncc5C[C@]4(C)[C@H]3CC[C@]12C,0,0.5513953566551208
0,GAT,C2=C(CC(C(NCC(OCC1=CC=CC=C1)=O)=O)CSC(C)=O)C=CC=C2,1,0.9359090328216553
0,GAT,CC1(C)NC(C(=O)[NH+]1[C@H]2[C@H]3SC(C)(C)[C@@H](N3C2=O)C(O)=O)c4ccc(O)cc4,0,0.023443760350346565
0,GAT,CCN(CC)C(=O)C1CN2CCc3cc(OC)c(OC)cc3C2CC1OC(C)=O,1,0.9648904204368591
0,GAT,C1=C(C)C=CC2=C1C3N(CC2)CCC(C3)(CC)O,1,0.9822675585746765
0,GAT,[C@@]23([C@H]([C@H]1[C@H](OC(O1)(C)C)CO2)OC(O3)(C)C)CO[S](N)(=O)=O,1,0.9601854085922241
0,GAT,C1CC1,1,0.9995073080062866
0,GAT,COC1(C(F)(F)C1(F)Cl)F,1,0.9973244667053223
0,GAT,CCC(C)[C@H]1O[C@]2(CC[C@@H]1C)CC3C[C@@H](C\C=C(C)\[C@@H](O[C@H]4C[C@H](OC)[C@@H](OC5C[C@H](OC)[C@@H](O)[C@H](C)O5)[C@H](C)O4)[C@@H](C)/C=C/C=C/6CO[C@@H]7[C@H](O)C(=C[C@@H](C(=O)O3)[C@]67O)C)O2.CO[C@H]8CC(O[C@@H](C)[C@@H]8O)O[C@H]9[C@H](C)O[C@H](C[C@@H]9OC)O[C@H]/%10[C@@H](C)/C=C/C=C/%11CO[C@@H]%12[C@H](O)C(=C[C@@H](C(=O)OC%13C[C@@H](C\C=C%10C)O[C@@]%14(CC[C@H](C)[C@H](O%14)C(C)C)C%13)[C@]%11%12O)C,0,0.9018597602844238
0,GAT,c12c3c(C(NC(C)=O)CCc2cc(c(c1OC)OC)OC)cc(=O)c(cc3)OC,1,0.9032730460166931
0,GAT,COC1=CC=C2C(=CC1=O)[C@H](CCc3cc(OC)c(OC)c(OC)c23)NC(C)=O,0,0.8664658069610596
0,GAT,CC(Oc1ccccc1)C(=O)NC2C3SC(C)(C)C(N3C2=O)C(O)=O,0,0.22631452977657318
0,GAT,CCC(Oc1ccccc1)C(=O)NC2C3SC(C)(C)C(N3C2=O)C(O)=O,0,0.2759488821029663
0,GAT,C1=CC(=CC4=C1N2C(=NC(/C2=O)=C\N3CCN(C)CC3)CN=C4C5=C(C=CC=C5)Cl)[N+](=O)[O-],1,0.9734540581703186
0,GAT,Oc1ccc2C[C@@H]3[C@@H]4CCCC[C@]4(CCN3CC=C)c2c1,1,0.9332326650619507
0,GAT,CN1CC[C@]23CCCC[C@H]2[C@H]1Cc4ccc(O)cc34,1,0.9192731380462646
0,GAT,C4=C3C(N(C1=CC=C2C(=N1)N=C(Cl)C=C2)C(=O)C3=CC=C4)CC(CCC(C)C)=O,1,0.928162693977356
0,GAT,C1=CC(=CC2=C1C(=NO2)C4CCN(CCCOC3=C(C=C(C(C)=O)C=C3)OC)CC4)F,1,0.9611903429031372
0,GAT,CC1OC(CC(N)C1O)OC2C[C@@](O)(Cc3c(O)c4C(=O)c5cccc(O)c5C(=O)c4c(O)c23)C(C)=O,0,0.48691993951797485
0,GAT,CCOC(OCC)C(=O)OCC(=O)C1(O)CC(OC2CC(N)C(O)C(C)O2)c3c(O)c4C(=O)c5c(OC)cccc5C(=O)c4c(O)c3C1,0,0.6998220086097717
0,GAT,CC1OC(CC(N)C1O)OC2CC(O)(Cc3c(O)c4C(=O)c5ccccc5C(=O)c4c(O)c23)C(=O)CO,0,0.5385136604309082
0,GAT,C3=C(C1C(N(CCO1)CCOC(C(C2=CC=CC=C2)CC)=O)C)C=CC=C3,1,0.9712777137756348
0,GAT,CC1OC(O[C@H]2CC[C@]3(C)[C@H]4CC[C@]5(C)[C@H](CC[C@]5(O)[C@@H]4CCC3=C2)C6=COC(=O)C=C6)C(O)C(O)C1O,0,0.7133361101150513
0,GAT,C2=C(N1CCN(C)CC1)N=NC3=C2N(C4=C(O3)C=CC=C4)C,1,0.9699702262878418
0,GAT,[C@@]126C3=C4C[C@H]([C@@]1(CCC([C@@H]2OC3=C(C=C4)O)=C)O)N(CC5CC5)CC6,1,0.9559435248374939
0,GAT,CNCCCC1c2ccccc2C=Cc3ccccc13,1,0.9605893492698669
0,GAT,C1=CC=CC3=C1C(C2=C(C=CC=C2)C=C3)C(N)=O,1,0.9747313261032104
0,GAT,[C@]14([C@H]([C@H]3[C@](F)([C@@H](O)C1)[C@@]2(C(=CC(=O)C=C2)CC3)C)C[C@@H]6[C@]4(CC5=CC=CC=C5C6)C(=O)CO)C.O,1,0.9466074705123901
0,GAT,C4=C(N1C3(C(NC1)=O)CCN(CCCOC2=CC=C(C=C2)F)CC3)C=CC=C4,1,0.9755840301513672
0,GAT,CN(C)CCCN2c1ccccc1C(=Nc3cccnc23)c4ccccc4,1,0.970454216003418
0,GAT,COC1CC(OC(C)C1O)O[C@H]2[C@H](C)[C@@H](OC3OC(C)CC(C3O)N(C)C)[C@@H](C)C[C@]4(CO4)C(=O)[C@H](C)[C@@H](O)[C@@H](C)[C@@H](C)OC(=O)[C@@H]2C,0,0.49581119418144226
0,GAT,CN(C)[C@H]1[C@@H]2C[C@H]3C(=C(O)c4c(O)cccc4[C@@]3(C)O)C(=O)[C@]2(O)C(=O)\C(=C(/O)NCN5CCCC5)C1=O,1,0.2254612147808075
0,GAT,Nc1nc(N)c2nc(c3ccccc3)c(N)nc2n1,0,0.9033426642417908
0,GAT,C1=CC(=CC2=C1C(=C([NH]2)C)C4CCN(CCCC(C3=CC=C(F)C=C3)=O)CC4)OC,1,0.9474447965621948
0,GAT,S1[C@H]4N(CC1(C2CN3[C@H](S2)CC3=O)O)C(C4)=O,1,0.9447924494743347
0,GAT,C1=CC=CC=C1C(C2=CC=CC=C2)OCCN(C\C=C\C3=CC=CC=C3)C,1,0.9525220990180969
0,GAT,C1=C2C(=CC=C1)OC(CCCl)NC2=O,1,0.9699841141700745
0,GAT,Nc1ccc(N=Nc2ccccc2)c(N)n1,0,0.9159681797027588
0,GAT,C1=CC=CC=C1[P](C2=CC=CC=C2)(CC(NN)=O)=O,1,0.9460659623146057
0,GAT,C1=C(O)C=CC4=C1C35C(C(N(CCC2=CC=CC=C2)CC3)C4)CCCC5,1,0.9778938293457031
0,GAT,C1=C(Cl)C=CC\3=C1C=C(N2CCN(C)CC2)C4=C(C3=C/C#N)C=CC=C4,1,0.9680066108703613
0,GAT,[C@]235[C@H]([C@H](N(CC1CC1)CC2)CC4=C3C(=CC=C4)O)CCC(C5)=O,1,0.9876496195793152
0,GAT,O=C1Nc2ccccc2N1C3CCN(CCOc4ccccc4)CC3,1,0.9557749032974243
0,GAT,C1=C(C=CC=C1)C(C2=CC=CC=C2)(C3NCCCC3)O,1,0.9104208946228027
0,GAT,CC(C)N=C1C=C2N(c3ccc(Cl)cc3)c4ccccc4N=C2C=C1Nc5ccc(Cl)cc5,0,0.9124787449836731
0,GAT,O=C1Oc2ccccc2C=C1,0,0.9347535967826843
0,GAT,CC1=CC(=O)Oc2cc(O)ccc12,0,0.7392424941062927
0,GAT,[C@@H]24[C@@](C1=CC=CC=C1OC3=C(C=CC=C23)C)(CCN(C4)C)O,1,0.9798387289047241
0,GAT,C1=C([N](C(=C1C=O)C)CCNC(C)=O)C,1,0.9490309357643127
0,GAT,CN(C)CCC(c1ccccc1)c2ccccn2,0,0.9693543910980225
0,GAT,CN(C)CCOC(C)(c1ccccc1)c2ccccn2,1,0.9745261669158936
0,GAT,CN(C)CCOC(C)(c1ccccc1)c2ccccn2.OC(=O)CCC(O)=O,1,0.8850040435791016
0,GAT,C[C@]1(Cn2ccnn2)[C@@H](N3[C@@H](CC3=O)[S]1(=O)=O)C(O)=O,0,0.10195647180080414
0,GAT,C2=C(C1=NOC(=N1)C)N=C3[N]2C4=C(C(=N3)OC)CCCC4,1,0.9326551556587219
0,GAT,C1=C(F)C=CC3=C1C=C(SCCNC)C2=CC=CC=C2O3,1,0.9380305409431458
0,GAT,Cc1c(O)cccc1C(=O)N[C@@H](CSc2ccccc2)[C@H](O)CN3C[C@H]4CCCC[C@H]4C[C@H]3C(=O)NC(C)(C)C,0,0.846535325050354
0,GAT,CCCCc1oc2ccccc2c1C(=O)c3cc(I)c(OCCN(CC)CC)c(I)c3,0,0.9538503289222717
0,GAT,COC(=O)C(C1CCCCN1)c2ccccc2,1,0.9036950469017029
0,GAT,CC(=O)OC(C1CCCCN1)c2ccccc2,1,0.9199315309524536
0,GAT,C1=CC=CC3=C1C(C2=C(C=CC=C2)S3)=C4CCN(C)CC4,1,0.9829851984977722
0,GAT,CN1C(=O)CC(=O)N(c2ccccc2)c3cc(Cl)ccc13,1,0.9759896993637085
0,GAT,Clc1ccc2NC(=O)CC(=O)N(c3ccccc3)c2c1,1,0.952532172203064
0,GAT,C1=C(C(F)(F)F)C=CC3=C1N(C2=CC=CC=C2)C(CC(N3C)=O)=O,1,0.9714575409889221
0,GAT,COc1cccc2C(=O)c3c(O)c4CC(O)(CC(O)c4c(O)c3C(=O)c12)C(=O)CO,0,0.3607417047023773
0,GAT,C1=CC=CC2=C1C(C3=NCCCN23)(C4=CC=CC(=C4)Cl)O,1,0.9724420309066772
0,GAT,C1=C(OC)C=CC2=C1C4=C3[N]2CCN(C3=NCC4)C,1,0.972469687461853
0,GAT,CO[C@]1(NC(=O)C(C(O)=O)c2ccc(O)cc2)[C@H]3OCC(=C(N3C1=O)C(O)=O)CSc4nnnn4C,0,0.17083090543746948
0,GAT,[Cl-].NC12CC3CC(CC(C3)C1)C2.[H+],1,0.9982038736343384
0,GAT,CC12CC3(CC(C1)(CC(C2)C3)N)C,1,0.9996640682220459
0,GAT,C1=CC=CC2=C1C3=C([NH]2)CCC(C3)N(C)C,1,0.9551648497581482
0,GAT,CN(C)C3CCc2[nH]c1c(F)cc(F)cc1c2C3,1,0.9471132755279541
0,GAT,CCC(=O)N(C1CCN(CC1)CCc2ccccc2)c3ccccc3,1,0.9753467440605164
0,GAT,[C@]3(N(C1=CC=CC=C1)C(=O)CC)(C(=O)OC)[C@H](CN(CCC2=CC=CC=C2)CC3)C,1,0.9835143089294434
0,GAT,C1=CC=CC=C1N(C3(CCN(CCC2=CC=CC=C2)CC3)C(OC)=O)C(CC)=O,1,0.9790792465209961
0,GAT,C3=C(N(C2CCN(CCC1=CC=CC=C1)CC2)C(COC)=O)C(=CC=C3)F,1,0.9740667343139648
0,GAT,[C@@]23(F)[C@H]([C@H]1[C@@]([C@@]([C@H](C1)C)(O)C(=O)CCl)(CC2=O)C)CCC4=CC(=O)C=C[C@]34C,1,0.995983362197876
0,GAT,[C@]4([C@@]3([C@H]([C@H]2[C@]([C@@]1(C(=CC(=O)C=C1)CC2)C)(F)C(C3)=O)C[C@@H]4C)C)(OC(CCC)=O)C(CCl)=O,1,0.9952006340026855
0,GAT,IC1=C(N([H])[H])C=CC(C2=NC3=CC=C(O[H])C=C3S2)=C1,1,0.569779098033905
0,GAT,C1=CC(=CC2=C1NC(=O)OC2(C)C)Br,1,0.9612390398979187
0,GAT,CC1(C)S[C@@H]2[C@H](NC(=O)[C@H](NC(=O)NC3=CN=C(NC3=O)Nc4ccc(cc4)[S](N)(=O)=O)c5ccc(O)cc5)C(=O)N2[C@H]1C(O)=O,0,0.24468328058719635
0,GAT,CC[C@@]1(O)C[C@H](OC2CC(C(OC3CC(O)C(OC4CCC(=O)C(C)O4)C(C)O3)C(C)O2)N(C)C)c5c(O)c6C(=O)c7c(O)cccc7C(=O)c6cc5[C@H]1C(=O)OC,0,0.8174464702606201
0,GAT,CN1C(=O)N(C)c2ncn(CCNCC(O)c3ccc(O)c(O)c3)c2C1=O,0,0.47088661789894104
0,GAT,[H+].C1=NC3=C([N]1CCNC(CC2=CC=CC=C2)C)C(=O)N(C(=O)N3C)C.[Cl-],1,0.882743775844574
0,GAT,C1=NC3=C([N]1CCNC(C(C2=CC=CC=C2)O)C)C(N(C)C(N3C)=O)=O,1,0.7134426236152649
0,GAT,CN1CCN=C(c2ccccc2)c3cc(Cl)ccc13,1,0.9812092185020447
0,GAT,C1=C(Cl)C=CC2=C1C(=NCCN2CC(F)(F)F)C3=CC=CC=C3F,1,0.985593855381012
0,GAT,C1=C(Br)C=CC2=C1C(=NCC(N2C)COC)C3=CC=CC=C3Cl,1,0.9799342751502991
0,GAT,C1=C2C(=CC=C1)N(C(Cl)(CN=C2C3=CC=CC=C3Cl)CO)C,1,0.9815928339958191
0,GAT,C2=C(C(N1CCCCCCC1)=O)C=C(OC)C(=C2OC)OC,1,0.9713639616966248
0,GAT,C3=C(CCN1CCC(CC1)(C2=CC=CC=C2)C(OCC)=O)C=CC(=C3)N,1,0.9800946712493896
0,GAT,NC(=N)c1ccc(o1)c2ccccc2N(=O)=O,1,0.8537812232971191
0,GAT,C1=C(Cl)C=CC2=C1C3(N(CC(=O)N2C)C(C=C(O3)C)=O)C4=CC=CC=C4,1,0.9845765829086304
0,GAT,C1=NC(=NC(=C1CN(C(=C(\CCOC(C)=O)SC(C)=O)/C)C=O)N)C,1,0.9442234635353088
0,GAT,C1=C(CN(C(=C(SC(OCC)=O)/CCOC(OCC)=O)/C)C=O)C(=NC(=N1)C)N,1,0.9356443285942078
0,GAT,[H+].[Cl-].Clc1ccc2Sc3ccccc3N(CCCN4CCC5(CC4)NC(=O)CS5)c2c1,1,0.9773073196411133
0,GAT,[C@@H]2(C3=C([C@H](C1=CC=C(C=C1)F)C2)C=CC(=C3)C(F)(F)F)N4CCN(CCO)CC4,1,0.9404733777046204
0,GAT,CC1(C)S[C@@H]2[C@H](NC(=O)COc3ccccc3)C(=O)N2[C@H]1C([O-])=O,0,0.43847906589508057
0,GAT,CC1(C)S[C@@H]2[C@H](NC(=O)C(C)(C)Oc3ccccc3)C(=O)N2[C@H]1C(O)=O,0,0.17336151003837585
0,GAT,FC(F)(F)c1c(Cl)nc(N2CCNCC2)cc1,1,0.9812676906585693
0,GAT,C1NCCN(C1)c1ccc(c(n1)Cl)C(F)(F)F,1,0.9812676906585693
0,GAT,S=[P](N1CC1)(N2CC2)N3CC3,1,0.9919379353523254
0,GAT,C1=C(Cl)C=CC2=C1C3(N(CC(=O)N2CCO)CCO3)C4=CC=CC=C4F,1,0.9802497625350952
0,GAT,C1=C(Br)C=CC3=C1C2(N(CCO2)CC(=O)N3)C4=C(C=CC=C4)F,1,0.9733407497406006
0,GAT,C1=C(Cl)C=CC3=C1C2(N(C(C)CO2)CC(=O)N3)C4=CC=CC=C4Cl,1,0.978797972202301
0,GAT,C1=C(Cl)C=CC3=C1C2(OCCN2CC(=O)N3)C4=C(Cl)C=CC=C4,1,0.979192852973938
0,GAT,CC1=C(N2[C@H](SC1)[C@H](NC(=O)[C@H](N)C3=CCC=CC3)C2=O)C(O)=O,0,0.19074168801307678
0,GAT,C[C@H]1O[C@@H](O[C@@H]\2C[C@@H]3O[C@](O)(C[C@@H](O)C[C@@H](O)[C@H](O)CC[C@@H](O)C[C@@H](O)CC(=O)O[C@@H](C)[C@H](C)[C@H](O)[C@@H](C)\C=C/C=C\C=C/C=C\C=C/C=C\C=C2)C[C@H](O)[C@H]3C(O)=O)[C@@H](O)[C@@H](N)[C@@H]1O,0,0.5396757125854492
0,GAT,COc1cccc2C(=O)c3c(O)c4C[C@](O)(C[C@H](O[C@H]5C[C@H](N)[C@H](O)[C@H](C)O5)c4c(O)c3C(=O)c12)C(=O)CO,0,0.2788536250591278
0,GAT,COc1cccc2C(=O)c3c(O)c4C[C@](O)(C[C@H](O[C@H]5C[C@H](N)[C@H](O)[C@H](C)O5)c4c(O)c3C(=O)c12)C(C)=O,0,0.3004310429096222
0,GAT,[Cl-].CC(=O)[C@@]1(N)C[C@H](O[C@H]2C[C@H](O)[C@H](O)CO2)c3c(O)c4C(=O)c5ccccc5C(=O)c4c(O)c3C1.[H+],0,0.6794911026954651
0,GAT,C[C@@H]1O[C@H](C[C@H](N)[C@@H]1O)O[C@H]2C[C@@](O)(Cc3c(O)c4C(=O)c5ccccc5C(=O)c4c(O)c23)C(C)=O,0,0.5229529142379761
0,GAT,COc1cccc2C(=O)c3c(O)c4C[C@](O)(C[C@H](O[C@H]5C[C@H](NC(=O)[C@@H](N)CC(C)C)[C@H](O)[C@H](C)O5)c4c(O)c3C(=O)c12)C(=O)CO,0,0.3973047733306885
0,GAT,C2=C(CN(C(=C(SC(=O)C1=CC=CC=C1)/CCO[P](=O)(O)O)/C)C=O)C(=NC(=N2)C)N,1,0.8571213483810425
0,GAT,[C@@]23(C([C@H](N(CC1(CC1)O)CC2)CC4=C3C=C(C=C4)O)(C)C)CC,1,0.9845022559165955
0,GAT,CC1=C(COC(=O)[C@@H]2N3[C@H](SC2(C)C)[C@H](NC(=O)[C@H](N)c4ccccc4)C3=O)OC(=O)O1,0,0.28967559337615967
0,GAT,COc1cccc2C(=O)c3c(O)c4C[C@@](O)(C[C@@H](OC5CC(N)CC(C)O5)c4c(O)c3C(=O)c12)C(=O)CO,0,0.7989386320114136
0,GAT,C1=CC=CC(=C1C2=NCC(N(C3=C2C(=N[N]3C)C)C)=O)F,1,0.9687091112136841
0,GAT,C1=CC=C(C2=C1CC3C(C2)CC(N[S](N(CC)CC)(=O)=O)CN3CCC)O,1,0.9379304647445679
0,GAT,CN1C2CCC1CC(C2)OC(=O)[C@H](CO)c3ccccc3,1,0.9432336688041687
0,GAT,CN1C2CCC1CC(C2)OC(=O)C(CO)c3ccccc3,0,0.9660509824752808
0,GAT,CN1C2CCC1CC(C2)OC(=O)C(O)c3ccccc3,0,0.937205970287323
0,GAT,C1=CC=CC=C1C(C(OC2CC3N(C)C(C2)CC3)=O)(CO)C,1,0.9742214679718018
0,GAT,C1=CC=CC=C1C(C(OC2CC3N(C)C(C2)CC3)=O)CO,1,0.9660509824752808
0,GAT,CN(C)Cc1oc(cc1)CSCCNC=1NC=C(CN1)Cc1cnc(cc1)C,0,0.9281139969825745
0,GAT,C(N1CCOCC1)CNC2=NNC(C=C2C)=C3C=CC(=O)C=C3,1,0.9556390047073364
0,GAT,[Ca++].NC1=NC(=O)C2=C(NCC(CNc3ccc(cc3)C(=O)N[C@@H](CCC([O-])=O)C([O-])=O)N2C=O)N1,1,0.8335592746734619
0,GAT,C1=CC(=CC=C1C(CCCN3CCN(C(OC2CCCCC2)=O)CC3)=O)F,1,0.9843195080757141
0,GAT,[C@H]4(CC3C2=C1C(=C[N](C1=CC=C2)C(C)C)CC3N(C4)C)C(NC5CCCCC5)=O,1,0.9697511196136475
0,GAT,CC(=O)OCC1=C(N2[C@H](SC1)[C@H](NC(=O)CCC[C@@H](N)C(O)=O)C2=O)C(O)=O,0,0.09819119423627853
0,GAT,[C@@]3(C1=CC=CS1)(N2CCCCC2)[C@H](CCCC3)C,1,0.9925268888473511
0,GAT,[C@]23(C1(C(C1)CC2)[C@H](O)C[C@@H]4[C@@H]3CC[C@]5([C@H]4CC[C@@H]5C(=O)C)C)C,1,0.838239848613739
0,GAT,OC(Cn1cncn1)(Cn2cncn2)c3ccc(F)cc3F,1,0.878403902053833
0,GAT,[C@]34([C@H]([C@H]2[C@@H]([C@@]1(C(=CC(=O)C=C1)CC2)C)[C@H](C3)O)CC[C@@]4(C(CN5CCN(C)CC5)=O)O)C,1,0.9873718023300171
0,GAT,c1(nccc(c1)c1nc([nH]n1)N)N(C)C,0,0.8313098549842834
0,GAT,[C@@]45([C@@]3([C@H]([C@H]2[C@@H]([C@@]1(C(=CC(=O)CC1)[C@H](C2)F)C)[C@H](C3)O)C[C@H]4OC(O5)(C)C)C)C(CO)=O,1,0.9879232048988342
0,GAT,C1=CC=CC=C1NC(OCC3(COC(NC2=CC=CC=C2)=O)CCCC3)=O,1,0.9686059355735779
0,GAT,COc1ccc(Cl)cc1C(=O)NCCc2ccc(cc2)[S](=O)(=O)NC(=O)NC3CCCCC3,1,0.9259498119354248
0,GAT,[C@@]45([C@@]3([C@H]([C@H]2[C@@H]([C@@]1(C(=CC(=O)C=C1)CC2)C)[C@H](C3)O)C[C@H]4O[C@H](O5)C6CCCCC6)C)C(COC(C(C)C)=O)=O,1,0.986068606376648
0,GAT,CN1C(=C(/O)Nc2ccccn2)/C(=O)c3ccccc3[S]1(=O)=O,0,0.1646794229745865
0,GAT,[C@@]123C4=C(C[C@H]([C@@]1(CC[C@H](C2)O)O)N(CC3)C)C=CC(=C4OC)OC,1,0.9514489769935608
0,GAT,c12[C@]34[C@@]56[C@H]([N@@](CC7CC7)CC4)Cc2ccc(c1O[C@H]3[C@](OC)([C@H](C5)[C@](C(C)(C)C)(C)O)CC6)O,1,0.9666705131530762
0,GAT,[C@]235[C@@]67[C@H](N(CC1CC1)CC2)CC4=C3C(=C(C=C4)O)O[C@H]5[C@](OC)([C@H](C6)C(C)(C)O)CC7,1,0.9825615882873535
0,GAT,C1=CC=CC2=C1N(C3=C(S2)C=CC=N3)CCCN(C)C,1,0.9721918702125549
0,GAT,C1=CC=CC=C1CN2C(CC(C2)CN)=O,1,0.9866591691970825
0,GAT,CN1CCC[C@H]1c2cccnc2,1,0.9871168732643127
0,GAT,FC(F)(F)c1ccc2Sc3ccccc3N(CCCN4CCN(CC4)C5CC5)c2c1,1,0.983817458152771
0,GAT,[C@H]12C5CC4=C3[C@]1([C@H](C(C[C@@H]2CC)=O)OC3=C(C=C4)OC)CCN5CC6CC6,1,0.9310176968574524
0,GAT,OC1CCC2(O)C3Cc5ccc(O)c6OC1C2(CCN3CC4CCC4)c56,1,0.9548450708389282
0,GAT,C[C@H]1O[C@H](C[C@H](O)[C@@H]1O)O[C@H]2[C@@H](O)C[C@@H](O[C@@H]2C)O[C@H]3[C@@H](O)C[C@@H](O[C@@H]3C)O[C@H]4CC[C@@]5(C)[C@H](CC[C@@H]6[C@@H]5CC[C@]7(C)[C@@H](CC[C@]67O)C8=CC(=O)OC8)C4,0,0.8616507053375244
0,GAT,C4=C(C(C2C(C1=CC=NC=C1)C2)(C3=CC=CC=C3)O)C=CC=C4,1,0.9148477911949158
0,GAT,[O+]1=N[N](C=C1[N-]C(NC2=CC=CC=C2)=O)C(CC3=CC=CC=C3)C,1,0.9044031500816345
0,GAT,OC12c3c(Oc4c(C)cccc4C2CN(CC1)C)cccc3,1,0.9732100963592529
0,GAT,OC12c3c(Oc4c(C)cccc4C2CNCC1)cccc3,1,0.954723596572876
0,GAT,CC1=CN([C@H]2C[C@H](F)[C@@H](CO)O2)C(=O)NC1=O,1,0.8605917692184448
0,GAT,OC[C@H]1O[C@H](C[C@@H]1O)N2C=C(F)C(=O)NC2=O,0,0.5675321817398071
0,GAT,CC1=CN([C@H]2C[C@H](N=[N+]=[N-])[C@@H](CO)O2)C(=O)NC1=O,0,0.7643516659736633
0,GAT,CC[N+](C)(C)Cc1ccccc1Br.Cc2ccc(cc2)[S]([O-])(=O)=O,0,0.8337558507919312
0,GAT,C1CN2CCC1C(C2)CN3c4ccccc4Sc5ccccc35,0,0.9804362654685974
0,GAT,C1=CC=CC2=C1SC5=C(N2CC3C4CCN(C3)CC4)C=CC=C5,1,0.9804362654685974
0,GAT,CCC(=O)OC1CC(=O)OC(C)C\C=C\C=C/C(O)C(C)CC(CC=O)C(O[C@@H]2O[C@H](C)[C@@H](O[C@H]3C[C@@](C)(O)[C@H](OC(=O)CC)[C@@H](C)O3)[C@@H]([C@H]2O)N(C)C)C1OC,0,0.7213525772094727
0,GAT,C[C@@H]1[C@H](O)CC[C@@]2(C)[C@H]1CC[C@@]3(C)[C@H]2[C@H](O)C[C@H]4\C([C@H](C[C@]34C)OC(C)=O)=C(/CCC=C(C)C)C(O)=O,0,0.8901222348213196
1,GCN,C1=CC(=CC=C1C(CCCN2CC3N(CC2)CCC3)=O)F,1,0.9662995934486389
1,GCN,C1=CC=CC3=C1C(N(C2C(NC(=O)CC2)=O)C3=O)=O,1,0.7218454480171204
1,GCN,C3=C(N2C(C(C1=CC=CC=C1)CC2=O)=O)C(=CC(=C3)[S](N)(=O)=O)Cl,1,0.8409757614135742
1,GCN,C1=C(C(=C(C=C1)Cl)NC2=NCCO2)Cl,1,0.8909996151924133
1,GCN,C1(=NC(NC1(C(F)(F)F)C(F)(F)F)(C(F)(F)F)C(F)(F)F)N,1,0.9999110698699951
1,GCN,[C@@H]2(C3=C([C@H](C1=CC=C(C=C1)F)C2)C=CC(=C3)C(F)(F)F)N4CCN(CCO)CC4,1,0.9609552621841431
1,GCN,[C@@H]23[C@@H](CC[C@@H]1C[C@H](CC(O1)=O)O)[C@H](C=CC2=CCC[C@@H]3OC([C@H](CC)C)=O)C,1,0.420661985874176
1,GCN,[C@H]12[C@@H](OC(C(CC)(C)C)=O)C[C@@H](C)C=C1C=C[C@@H]([C@@H]2CC[C@@H]3C[C@H](CC(O3)=O)O)C,1,0.6906877160072327
1,GCN,CO[C@@H]([C@@H]1Cc2cc3cc(O[C@H]4C[C@@H](O[C@H]5C[C@@H](O)[C@H](O)[C@@H](C)O5)[C@H](O)[C@@H](C)O4)c(C)c(O)c3c(O)c2C(=O)[C@H]1O[C@H]6C[C@@H](O[C@H]7C[C@@H](O[C@H]8C[C@](C)(O)[C@H](O)[C@@H](C)O8)[C@H](O)[C@@H](C)O7)[C@H](O)[C@@H](C)O6)C(=O)[C@@H](O)[C@@H](C)O,1,0.1577889323234558
1,GCN,CN(C)C1C2C(O)C3C(=C)c4c(Cl)ccc(O)c4C(=C3C(=O)C2(O)C(=O)\C(=C(N)/O)C1=O)O,0,0.026317892596125603
1,GCN,[C@H]23OC1=C(OC(=O)C)C=CC6=C1C25C4(C[C@@H](C3(OC)C=C4)[C@](O)(CCC)C)C(N(CC5)C)C6,1,0.9622879028320312
1,GCN,FC(F)(F)c1c(Cl)nc(N2CCNCC2)cc1,1,0.977425217628479
1,GCN,C1NCCN(C1)c1ccc(c(n1)Cl)C(F)(F)F,1,0.977425217628479
1,GCN,[C@@]125C3=C4C[C@H]([C@@]1(CC[C@@H]([C@@H]2OC3=C(C=C4)O)O)O)N(C)CC5,1,0.6369426846504211
1,GCN,C3=C(C1=NCCN=C2N(NC(=C12)C)C)C=CC=C3Cl,1,0.9741699695587158
1,GCN,C1=CC=CC2=C1C(C(N2C3=CC=CC=C3)=O)(CC4=CC=NC=C4)CC5=CC=NC=C5,1,0.8322657346725464
1,GCN,CCC(C(=O)NC\C=C\C=C(/C)C(OC)C(C)C1OC(\C=C\C=C\C=C(/C)C(=O)C2=C(O)N(C)C=CC2=O)C(O)C1O)C3(O)OC(\C=C\C=C\C)C(C)(C)C(OC4OC(C)C(OC5OC(C)C(OC)C(O)C5OC)C(OC)C4O)C3O,0,0.4743005335330963
1,GCN,C1=CC=CC4=C1N(C2C3CCN(C2)CC3)C5=C(CC4)C=CC=C5,1,0.9590586423873901
1,GCN,[C@@]135C67[C@@H](N(CC1)CC2CC2)CC4=CC=C(O)C(=C34)O[C@@H]5C(OC)(C(C6)C(O)(C)C)C=C7,1,0.9003953337669373
1,GCN,COCOC(=O)[C@@H]1N2[C@H](SC1(C)C)[C@H](N3C(=O)C(NC3(C)C)c4ccccc4)C2=O,0,0.07717601954936981
1,GCN,[C@H]34C1[C@@H](C2(C(C(=O)CC1)C(=O)C=C2)C)C(O)CC3([C@](O)(CC4)C(OC)=O)C,1,0.8868967890739441
1,GCN,C1=C(C(F)(F)F)C=CC3=C1N(C2=C(C=CC=C2)S3)CCCN5CCC(C(C4=CC=C(F)C=C4)=O)CC5,1,0.9711251258850098
1,GCN,NC(=O)c1ncn(n1)[C@@H]2O[C@H](CO)[C@@H](O)[C@H]2O,0,0.3812645673751831
1,GCN,C1=CC=NC=C1C(N2CCOCC2)=O,1,0.8574891686439514
1,GCN,N1(Cc2cc(OCCCNc3nccs3)ccc2)CCCCC1,1,0.8273977637290955
1,GCN,C1CN(CCC1)Cc1cccc(c1)OCCCNc1nccs1,1,0.8273977637290955
1,GCN,CC13CCCCCC(Cc2ccc(O)cc12)C3N,1,0.931890606880188
1,GCN,Cc1c(O)cccc1C(=O)N[C@@H](CSc2ccccc2)[C@H](O)CN3C[C@H]4CCCC[C@H]4C[C@H]3C(=O)NC(C)(C)C,0,0.772278904914856
1,GCN,C2=C(N1N=C(C)CC1=O)C=CC=C2,1,0.9714301228523254
1,GCN,[C@H](C1=CC=CC=C1)([C@@H]2CNCCO2)OC3=CC=CC=C3OCC,1,0.710624098777771
1,GCN,C1=C3C(=CC=C1\C=C\C(N2CCCCC2)=O)OCO3,1,0.8605693578720093
1,GCN,C3=C(CN2CCN(C1=C(OC(C)C)C=CC=C1)CC2)C=CC=C3C(=O)N4CCCCC4.C(C(=O)O)CC(=O)O,1,0.8949964046478271
1,GCN,C[C@H]1C[C@H]2[C@@H]3CC[C@](O)(C(=O)CO)[C@@]3(C)C[C@H](O)[C@@H]2[C@@]4(C)C=CC(=O)C=C14,0,0.6511380076408386
1,GCN,C[C@]12C[C@H](O)[C@H]3[C@@H](CCC4=CC(=O)C=C[C@]34C)[C@@H]1CC[C@]2(O)C(=O)CO,0,0.5336332321166992
1,GCN,[C@@]4([C@@]3([C@H]([C@H]2[C@@H]([C@@]1(C(=CC(=O)C=C1)C[C@H]2Cl)C)[C@H](C3)O)C[C@H]4C)C)(C(COC(CC)=O)=O)OC(CC)=O,1,0.8592232465744019
1,GCN,[C@@]4([C@@]3([C@H]([C@H]2[C@@H]([C@@]1(C(=CC(=O)C=C1)[C@H](C2)C)C)[C@H](C3)O)CC4)C)(C(COC(C)=O)=O)OC(CC)=O,1,0.7908777594566345
1,GCN,[C@]34([C@H]([C@H]2[C@@H]([C@@]1(C(=CC(=O)C=C1)[C@H](C2)F)C)[C@H](C3)O)C[C@H]([C@@]4(C(COC(C)=O)=O)O)C)C,1,0.7784826755523682
1,GCN,[C@@]4([C@@]3([C@H]([C@H]2[C@@H]([C@@]1(C(=CC(=O)C=C1)CC2)C)[C@H](C3)O)CC4)C)(C(COC(CC)=O)=O)OC(OCC)=O,1,0.8232097625732422
1,GCN,[C@H]34[C@H]2[C@@H]([C@@]1(C(=CC(=O)C=C1)CC2)C)[C@@H](O)C[C@@]3([C@](C(COC(COC(CCCCCCCCCCCCCCCCC)=O)=O)=O)(O)CC4)C,1,0.8839863538742065
1,GCN,[C@]34([C@H]([C@H]2[C@@H]([C@@]1(C(=CC(=O)C=C1)CC2)C)[C@H](C3)O)CC[C@@]4(C(COC(CC(C)(C)C)=O)=O)O)C,1,0.8250700831413269
1,GCN,[C@H]12[C@@]([C@](C(CC)=O)(C)[C@@H](C1)C)(C[C@H](O)[C@H]3[C@H]2CCC4=CC(=O)C=C[C@]34C)C,1,0.7712540030479431
1,GCN,[C@H]24[C@H]1[C@@]([C@](O)([C@@H](C1)C)C(=O)CO)(C[C@H](O)[C@@H]2[C@@]3(C(=CC(=O)C=C3)C[C@H]4Cl)C)C,1,0.724098801612854
1,GCN,[C@H]24[C@H]1[C@@]([C@@H](C(C(OCCCC)=O)=O)[C@@H](C1)C)(C[C@@H]([C@@H]2[C@@]3(C(=CC(=O)C=C3)[C@H](C4)F)C)O)C,1,0.8238734602928162
1,GCN,[C@H]24[C@H]1[C@@]([C@@H](C(CO)=O)[C@@H](C1)C)(C[C@@H]([C@@H]2[C@@]3(C(=CC(=O)C=C3)[C@H](C4)F)C)O)C,1,0.8079472184181213
1,GCN,[C@H]24[C@H]1[C@@]([C@](C(CO)=O)(O)CC1)(C[C@@H]([C@@H]2[C@@]3(C(=CC(=O)C=C3)[C@H](C4)F)C)O)C,1,0.7544154524803162
1,GCN,[C@H]24[C@H]1[C@@]([C@](C(CO)=O)(O)CC1)(C[C@@H]([C@@H]2[C@@]3(C(=CC(=O)C=C3)[C@H](C4)C)C)O)C,1,0.6470239758491516
1,GCN,[C@H]24[C@H]1[C@@]([C@](C(COC(C)=O)=O)(O)CC1)(C[C@@H]([C@@H]2[C@@]3(C(=CC(=O)C=C3)[C@H](C4)C)C)O)C,1,0.7413191795349121
1,GCN,[C@H]24[C@H]1[C@@]([C@](C(COC(CCC(O)=O)=O)=O)(O)CC1)(C[C@@H]([C@@H]2[C@@]3(C(=CC(=O)C=C3)[C@H](C4)C)C)O)C,1,0.689995527267456
1,GCN,[C@]12(C(=CC(C=C1)=O)[C@H](C[C@H]3[C@H]4[C@](C[C@@H]([C@H]23)O)([C@](C(=O)CO)(O)[C@@H](C4)C)C)F)C,1,0.5700162649154663
1,GCN,[C@]34([C@H]([C@H]2[C@@H]([C@@]1(C(=CC(=O)C=C1)CC2)C)[C@H](C3)O)CC[C@@]4(C(COC(C)=O)=O)O)C,1,0.7735782861709595
1,GCN,[C@]14([C@@](C(=O)COC(CCC(=O)[O-])=O)(CC[C@H]1[C@@H]3CCC2=CC(C=C[C@@]2([C@H]3[C@H](C4)O)C)=O)O)C.[Na+],1,0.7714105248451233
1,GCN,C1=CC=CC2=C1C(N(CC[S](NC(C)C)(=O)=O)C2=O)=O,1,0.7891746759414673
1,GCN,C1=NC(=NC=C1)N5CCN(CCNC(C23CC4CC(C2)CC(C3)C4)=O)CC5,1,0.936224102973938
1,GCN,C1=C2C(=CC=C1\C=C\C(C(C)(C)C)O)OCO2,1,0.7612053751945496
1,GCN,[C@H]3(CCCC1=C2C(=NC=C1)C=CC(=C2)OC)[C@@H](CNCC3)C=C,1,0.6725278496742249
1,GCN,C1=C(OC)C=CC2=NC=CC(=C12)CCCC3C(CNCC3)C=C,1,0.772212028503418
1,GCN,N1(Cc2cccc(OCCCNc3ccccn3)c2)CCCCC1,1,0.851409912109375
1,GCN,C1CN(CCC1)Cc1cccc(c1)OCCCNc1ncccc1,1,0.851409912109375
1,GCN,C1=C2C(=CC=C1)OC(CCCl)NC2=O,1,0.8367409706115723
1,GCN,CO[C@H]1/C=C/O[C@@]2(C)Oc3c(C)c(O)c4c(O)c(NC(=O)C(=C\C=C\[C@H](C)[C@H](O)[C@@H](C)[C@@H](O)[C@@H](C)[C@H](OC(C)=O)[C@@H]1C)/C)c5n6ccc(C)cc6nc5c4c3C2=O,0,0.26030436158180237
1,GCN,C1=CC(=CC=C1C(CCCN3CCN(C(OC2CCCCC2)=O)CC3)=O)F,1,0.9423555731773376
1,GCN,C1=CC=CC=C1C(CN2CCCC2)OCCC(C)C,1,0.9144157767295837
1,GCN,C1=CC=CC=C1CC(N2CCCC2)CCC,1,0.951590359210968
1,GCN,C1=C(Cl)C=CC2=C1C(=NCC(=N2)NOCC=C)C3=CC=CC=C3Cl,1,0.9146924614906311
1,GCN,CO/N=C(C(=O)N[C@H]1[C@H]2SCC(=C(N2C1=O)C(O)=O)CSC(=O)c3occc3)/c4csc(N)n4,0,0.17806977033615112
1,GCN,OC[C@@H]1CC[C@@H](O1)n2cnc3C(=O)N=CNc23,0,0.4539964199066162
1,GCN,[C@H]37[C@H]2[C@@]([C@](C(COC(C1=CC(=CC=C1)[S](O)(=O)=O)=O)=O)(O)[C@@H](C2)C)(C[C@@H]([C@@H]3[C@@]4(C(=CC5=C(C4)C=N[N]5C6=CC=CC=C6)C(=C7)C)C)O)C,1,0.735017716884613
1,GCN,[C@@H]3(N(C1CCC1)C2CCC2)CC4=C(OC3)C(=CC=C4C(=O)N)F,1,0.9422083497047424
1,GCN,CN1C(=C(/O)Nc2sc(C)cn2)/C(=O)c3ccccc3[S]1(=O)=O,0,0.3431023359298706
1,GCN,C2=C(C1=C(C=CC1)C=C2)OCC3CNCCO3,1,0.7645236253738403
1,GCN,O=C2\C(=C1\OC=NN1)C=CC=C2,1,0.9169536232948303
1,GCN,CO/N=C(C(=O)N[C@H]1[C@H]2SCC(=C(N2C1=O)C(O)=O)Cn3nnc(C)n3)/c4csc(N)n4,0,0.14886683225631714
1,GCN,CN1C(=O)CC(=O)N(c2ccccc2)c3cc(Cl)ccc13,1,0.9691218137741089
1,GCN,Clc1ccc2NC(=O)CC(=O)N(c3ccccc3)c2c1,1,0.9382048845291138
1,GCN,C1=C(C(F)(F)F)C=CC3=C1N(C2=CC=CC=C2)C(CC(N3C)=O)=O,1,0.9889944195747375
1,GCN,OC(=O)C1=C\C(C=CC1=O)=N/Nc2ccc(cc2)[S](=O)(=O)Nc3ccccn3,0,0.558939516544342
1,GCN,CC(C)(C)c1ccc(cc1)C(O)CCCN2CCC(CC2)C(O)(c3ccccc3)c4ccccc4,0,0.899052083492279
1,GCN,CC(C)(C(O)=O)c1ccc(cc1)C(O)CCCN2CCC(CC2)C(O)(c3ccccc3)c4ccccc4,0,0.8451074361801147
1,GCN,C(O)C(=O)C4(O)C3(C(C2C(C1(C(=CC(=O)CC1)CC2)C)CC3)CC4)C,1,0.970073401927948
1,GCN,[C@@]4(OC(=O)CCCC)(C3(C(C2C(C1(C(=CC(=O)CC1)CC2)C)C(O)C3)CC4)C)C(=O)CO,1,0.9428263306617737
1,GCN,CCC(=O)C1(O)CCC2C3CCC4=CC(=O)CCC4(C)C3C(O)CC21C,1,0.974351704120636
1,GCN,[C@H]15C3=C(CCC2=C1C=CC=C2)C=CC=C3[C@H]4C[C@](C(C)C)(O)CCN4C5,1,0.8980029225349426
1,GCN,NC(N)=NC(=O)c1nc(Cl)c(N)nc1N,1,0.8853888511657715
1,GCN,NC(=O)c1cnccn1,1,0.6745359897613525
1,GCN,CN(C)c1cnccn1,1,0.8047806620597839
1,GCN,[C@@H](O)(/C=C/C1=C(C2=C([N]1C(C)C)C=CC=C2)C3=CC=C(F)C=C3)C[C@H](O)CC(=O)O,1,0.7774442434310913
1,GCN,C2=C(C1=C(C=CC=C1)[N]2N(CCN(C)C)C)C3=CC=CC=C3,1,0.9356579780578613
1,GCN,C3=C(C(NC1C2CCN(C1)CC2)=O)C(=CC(=C3Cl)N)OCC4CC4,1,0.8870006203651428
1,GCN,COC1C(O)CC(=O)OC(C)C\C=C\C=C\C(OC2CCC(C(C)O2)N(C)C)C(C)CC(CC=O)C1OC3OC(C)C(OC4CC(C)(O)C(O)C(C)O4)C(C3O)N(C)C,0,0.75037682056427
1,GCN,C1=CC=CC2=C1C3=C(C(=O)N2CCCN(C)C)C=CC=C3,1,0.9252078533172607
1,GCN,CC1(C)S[C@@H]2[C@H](NC(=O)[C@H](NC(=O)C(C)(C)Oc3ccc(Cl)cc3)c4ccccc4)C(=O)N2[C@H]1C(O)=O,0,0.11431267857551575
1,GCN,C3=C(N2CCN(CCCC(C1=CC=C(F)C=C1)O)CC2)C(=CC=C3)OC,1,0.9017449021339417
1,GCN,OC1OC(COCCOC(O)C(Cl)(Cl)Cl)C(OC2OC(COCCOCCOC(O)C(Cl)(Cl)Cl)CC(OC(O)C(Cl)(Cl)Cl)C2O)C(OCCOCCOC(O)C(Cl)(Cl)Cl)C1O,1,0.850727915763855
1,GCN,[C@@H]3(C1=C(C=C2C(=C1OC)OCO2)CCN3C)[C@@H]5C4=C(C(=C(OC)C=C4)OC)C(O5)=O,1,0.6967196464538574
1,GCN,[C@]3(C1=CC=CC=C1)(C(C2=C(C=CC=C2)CC3)=O)CCN(C)C,1,0.9395334124565125
1,GCN,C[C@@H]1CC2=C(CCC(=O)C2)[C@H]3CC[C@@]4(C)[C@@H](CC[C@@]4(O)C#C)[C@H]13,1,0.8157691359519958
1,GCN,CN1CCN(CC1)c2cc3N(C=C(C(O)=O)C(=O)c3cc2F)c4ccc(F)cc4,0,0.8109440803527832
1,GCN,C1=CC=CC2=C1C(N(C2=O)C3=NC4=C(C=C3)C=CC(=N4)Cl)CC(=O)N6CCC5(OCCO5)CC6,1,0.8545165657997131
1,GCN,COc1cccc2C(=O)c3c(O)c4CC(O)(CC(O)c4c(O)c3C(=O)c12)C(=O)CO,0,0.08293110132217407
1,GCN,c1ccc2Oc3c(cc(cc3)Cl)[C@@H]3[C@@H](c2c1)C[N@](CC3)C,1,0.9114351868629456
1,GCN,c1ccc2Oc3c(cc(cc3)Cl)[C@@H]3[C@@H](c2c1)CNCC3,1,0.7673571109771729
1,GCN,CO/N=C(C(=O)N[C@H]1[C@H]2SCC(=C(N2C1=O)C(O)=O)CSc3snnc3)/c4csc(N)n4,0,0.1306353062391281
1,GCN,[C@H]13[C@H](C[C@@H]1C2=CC=C(F)C=C2)CN(C3)CCN4C(=O)C5=C(NC4=O)C=CC=C5,1,0.7578043937683105
1,GCN,C1=C(Cl)C=CC4=C1N(CCCN3CCC(N2CCCCC2)(CC3)C(N)=O)C5=C(CC4)C=CC=C5,1,0.9608381390571594
1,GCN,C1=CC=CC4=C1N(CCCN3CCC(N2CCCCC2)(CC3)C(N)=O)C5=C(CC4)C=CC=C5,1,0.9602707028388977
1,GCN,C1=C(C(F)(F)F)C=CC=C1C2=CCN(CC2)CCC4=CC3=CC=CC=C3C=C4,1,0.9572718739509583
1,GCN,C2=C(C(OC1=CC=C(C=C1)C(F)(F)F)CCNC)C=CC=C2,1,0.9312700629234314
1,GCN,C1=CC=CC=C1C(OC2=CC=CC=C2OC)CCNC,1,0.7380583882331848
1,GCN,NCCC(Oc1ccc(cc1)C(F)(F)F)c2ccccc2,1,0.944574236869812
1,GCN,[C@H](OC1=C(C=CC=C1)C)(C2=CC=CC=C2)CCNC,1,0.773195743560791
1,GCN,COC1CC(OC(C)C1O)O[C@H]2[C@H](C)[C@@H](OC3OC(C)CC(C3O)N(C)C)[C@@H](C)C[C@]4(CO4)C(=O)[C@H](C)[C@@H](O)[C@@H](C)[C@@H](C)OC(=O)[C@@H]2C,0,0.19489456713199615
1,GCN,C1=C(C=CC=C1)C(C2=CC=CC=C2)(C3NCCCC3)O,1,0.8523563146591187
1,GCN,C3=C2C([NH2+]CCCCCCC(O)=O)C1=CC=CC=C1CCC2=CC=C3.[Cl-],1,0.8545112013816833
1,GCN,C1=CC=CC3=C1C(C2=C(C=CC=C2)CC3)C(N)=O,1,0.925018310546875
1,GCN,CN(C)C(=O)COC2c1ccccc1CCc3ccccc23,1,0.9379567503929138
1,GCN,C1=CC=CC3=C1C(C2=CC=CC=C2CC3)CC(CN(C)C)C,1,0.9486678838729858
1,GCN,CC1(C)SC2C(N([C@H](C(=O)NC(=O)CN)c3ccccc3)C(=N)c4ccncc4)C(=O)N2C1C(O)=O,0,0.05332570523023605
1,GCN,[N]14C3=C(C2=C1C=CC(=C2)C)CCCC3NCC4.[H+].[Cl-],1,0.9300787448883057
1,GCN,O=C1Nc2ccccc2N1C3CCN(CCOc4ccccc4)CC3,1,0.9011487364768982
1,GCN,COc1cc(Cc2cnc(N)nc2N)cc(OC)c1OC,1,0.7026306390762329
1,GCN,[C@@]12(C3=C(NC(CN1C[C@H](O2)C)=O)C=CC(=C3)Cl)C4=CC=CC=C4,1,0.9064067006111145
1,GCN,C1CCN(CC1)Cc1cccc(c1)OCCCNC(=O)C,1,0.9032313823699951
1,GCN,C1CCN(CC1)Cc1cc(OCCCO)ccc1,1,0.8643797039985657
1,GCN,C1CN(CCC1)Cc1cccc(c1)OCCCNC(=O)C,1,0.9032313823699951
1,GCN,C1CN(CCC1)Cc1cccc(c1)OCCCO,1,0.8643797039985657
1,GCN,C1=C(F)C=CC3=C1C=C(SCCNC)C2=CC=CC=C2O3,1,0.8726803660392761
1,GCN,C2=C(CC1=CN=C[NH]1)C(=C(C=C2)C)C,1,0.8516096472740173
1,GCN,[Br-].CN(C)C(=O)Oc1ccc[n+](C)c1,1,0.8708522319793701
1,GCN,C1=CC=CC2=C1C(C3=NCCCN23)(C4=CC=CC(=C4)Cl)O,1,0.9476023316383362
1,GCN,[C@H]2(C1=CC(=C(OC)C=C1CCN(C2)C)OC)C3=CC=CC=C3,1,0.9281432628631592
1,GCN,C1=CC=CC(=C1N2C(=NC3=C(C2=O)C=CC=C3)\C=C\C4=NC=CC=C4)C,1,0.7904922962188721
1,GCN,CC14C5(C(CC1C3C(C2(C(=CC(=O)CC2)CC3)C)CC4)OC(O5)(C)C)C(C)=O,1,0.989824116230011
1,GCN,C1=CN=CC=C1C(NNCCC(NCC2=CC=CC=C2)=O)=O,1,0.6707038283348083
1,GCN,C2=C(C1C(NCCN1)=O)SC=C2,1,0.7931815385818481
1,GCN,CC(C)[C@H](NC(=O)N(C)Cc1csc(n1)C(C)C)C(=O)N[C@H](C[C@H](O)[C@H](Cc2ccccc2)NC(=O)OCc3scnc3)Cc4ccccc4,0,0.5675716400146484
1,GCN,C1CCCCC1,1,0.9522035121917725
1,GCN,NCC1(CCCCC1)CC(O)=O,1,0.8571868538856506
1,GCN,ClCCN(N=O)C(=O)NC1CCCCC1,1,0.8697971105575562
1,GCN,NC(=O)OC1(CCCCC1)C#C,1,0.9088982939720154
1,GCN,NC(=O)OC1(CCCCC1)CC#C,1,0.9104005098342896
1,GCN,C(C1CCCCC1)NN,1,0.833074688911438
1,GCN,CC(C(C1CCCCC1)O)C,1,0.8218239545822144
1,GCN,C(C1CCCCC1)CC(OCCN(C)C)=O,1,0.947699248790741
1,GCN,C(C(C1CCCCC1)OC(N)=O)C,1,0.932348906993866
1,GCN,CCOC(=O)C1(CCN(C)CC1)c2ccccc2,1,0.9648733735084534
1,GCN,[H+].[Cl-].CCOC(=O)C1(CCN(C)CC1)c2ccccc2,1,0.9545497298240662
1,GCN,[C@]2(C1=CC=CC=C1)([C@H](CN(C)CC2)CC)OC(CC)=O,1,0.9364686608314514
1,GCN,C1=C(C=CC=C1C2(CCN(C)CC2)C(CC)=O)O,1,0.9602330923080444
1,GCN,[C@]2(C1=CC(=CC=C1)O)([C@H](CN(C)CC2)C)CCC,1,0.8936247825622559
1,GCN,C1=CC=CC=C1C2(C(N(CC)C)=O)CCN(CCCCCC)CC2,1,0.9712702631950378
1,GCN,C2=C(C1(C(CN(C)CC1)C)OC(CC)=O)C=CC=C2,1,0.9737799763679504
1,GCN,C2=C(C1(C(OCC)=O)CCN(C)CC1)C=CC=C2O,1,0.9427981972694397
1,GCN,[H+].C2=C(C1(C(N(C)C)C=CCC1)C(OCC)=O)C=CC=C2.[Cl-],1,0.95328688621521
1,GCN,OC1=C(C2CCC(CC2)c3ccc(Cl)cc3)C(=O)C(=O)c4ccccc14,0,0.6250717639923096
1,GCN,C4=C3C(N(C1=CC=C2C(=N1)N=C(Cl)C=C2)C(=O)C3=CC=C4)CC(CCC(C)C)=O,1,0.8262447714805603
1,GCN,C1=CC(=CC=C1C23C(C(=O)NC2=O)C3)Cl,1,0.9559374451637268
1,GCN,CC(=O)O[C@@]12CO[C@@H]1C[C@H](O)[C@]3(C)[C@@H]2[C@H](OC(=O)c4ccccc4)[C@]5(O)C[C@H](OC(=O)[C@H](O)[C@@H](NC(=O)OC(C)(C)C)c6ccccc6)C(=C([C@@H](O)C3=O)C5(C)C)C,0,0.5032875537872314
1,GCN,CC1(C)S[C@@H]2[C@H](NC(=O)[C@@H](N=Cc3occc3)c4ccc(O)cc4)C(=O)N2[C@H]1C(O)=O,0,0.04638645425438881
1,GCN,COc1ccc2nccc([C@H](O)[C@H]3C[C@@H]4CCN3C[C@@H]4C=C)c2c1,1,0.5198131799697876
1,GCN,CN(C)CCC(c1ccccc1)c2ccccn2,0,0.9032614231109619
1,GCN,CN(C)CCOC(C)(c1ccccc1)c2ccccn2,1,0.9011026620864868
1,GCN,CN(C)CCOC(C)(c1ccccc1)c2ccccn2.OC(=O)CCC(O)=O,1,0.832664966583252
1,GCN,CC(=O)OCC1=C(N2[C@H](SC1)[C@H](NC(=O)CSc3ccncc3)C2=O)C(O)=O,0,0.10289578884840012
1,GCN,CC(=O)[C@H]1CC[C@H]2[C@@H]3CC[C@@H]4C[C@H](O)CC[C@]4(C)[C@H]3CC[C@]12C,1,0.44021496176719666
1,GCN,C[C@H]1O[C@@H](O[C@@H]\2C[C@@H]3O[C@](O)(C[C@@H](O)C[C@@H](O)[C@H](O)CC[C@@H](O)C[C@@H](O)CC(=O)O[C@@H](C)[C@H](C)[C@H](O)[C@@H](C)\C=C/C=C\C=C/C=C\C=C/C=C\C=C2)C[C@H](O)[C@H]3C(O)=O)[C@@H](O)[C@@H](N)[C@@H]1O,0,0.3237767815589905
1,GCN,C1=CC(=CC=C1B2OCC(CCC)(C)CO2)C,1,0.9337018728256226
1,GCN,[C@@]23([C@H]([C@H]1[C@H](OC(O1)(C)C)CO2)OC(O3)(C)C)CO[S](N)(=O)=O,1,0.7320454716682434
1,GCN,CCCN(CCc1c2c(c(cc1)O)NC(=O)C2)CCC,1,0.906896710395813
1,GCN,CCCN(CCc1c2c(ccc1)NC(=O)C2)CCC,1,0.9294987320899963
1,GCN,C1C(Nc2c1c(ccc2)CCN(CCC)CCC)=O,1,0.9294987320899963
1,GCN,C1C(Nc2c1c(ccc2O)CCN(CCC)CCC)=O,1,0.906896710395813
1,GCN,C2=C(C1=C(NC(C1)=O)C=C2)CCN(CCC)CCC,1,0.9294987320899963
1,GCN,C1=CC=CC3=C1N(C2=C(C=CC=C2)[S]3(=O)=O)CC(CN(C)C)C,1,0.8970518112182617
1,GCN,C1=C(C(=CC=C1C#N)OC)C(NCCN3CCC(C(C2=CC=C(F)C=C2)=O)CC3)=O,1,0.8647103905677795
1,GCN,C1=CC=CC2=C1N(C(CO2)=O)CC(N)=O,1,0.9259316325187683
1,GCN,[C@@H]1(CCCO1)[C@@H](CC2=CC=CC=C2)NCC,1,0.6949689984321594
1,GCN,CC(C)(C)OC(=O)C1=C2CN(C(=O)C3=C(N2C=N1)C=CS3)C,1,0.9225856065750122
1,GCN,CN1Cc2n(cnc2C(=O)OC(C)(C)C)c3ccsc3C1=O,1,0.9225856065750122
1,GCN,CC(C)N1CCN(CC1)c2ccc(OC[C@H]3CO[C@@](Cn4cncn4)(O3)c5ccc(Cl)cc5Cl)cc2,0,0.8628712892532349
1,GCN,C3=C(C1=CCN(CCC)CC1)C2=CC(=CC=C2[NH]3)Cl,1,0.9318822026252747
1,GCN,C1=CC=CC3=C1C2(C(NC(=O)CC2)=O)CCC3=O,1,0.9601872563362122
1,GCN,C1=C(Cl)C=CC2=C1C3(N(CC(=O)N2C)C(C=C(O3)C)=O)C4=CC=CC=C4,1,0.9776381850242615
1,GCN,[C@]14([C@H]([C@H]3[C@](F)([C@@H](O)C1)[C@@]2(C(=CC(=O)C=C2)CC3)C)C[C@@H]6[C@]4(CC5=CC=CC=C5C6)C(=O)CO)C.O,1,0.7754558324813843
1,GCN,C1=C(C=CC=C1N3C(N(CCN2CC(C)(C)C2)CC3)=O)Cl,1,0.9758797883987427
1,GCN,C1=CC=CC3=C1C4=C(C2=C(C=CC=C2)O3)CCN(CC4)C,1,0.9661248326301575
1,GCN,[H+].C1=CC3=C([N]1N(C2=CC=NC=C2)CCC)C=CC=C3.[Cl-],1,0.7875771522521973
1,GCN,[C@@H]45N([C@@H](CC(NC(=O)C1=CN(C2=C(C1=O)C=CC=C2)C3CCCCC3)C4)CC5)C,1,0.7436472773551941
1,GCN,c1(ccc(c(c1)Cl)Cl)CC(N1[C@H](CN2CCCC2)c2n(CC1)ccn2)=O,1,0.8935580849647522
1,GCN,c1(ccc(c(c1)Cl)Cl)CC(N1[C@H](C[N@@]2C[C@@H](CC2)O)c2n(CC1)ccn2)=O,0,0.8316971659660339
1,GCN,[C@@H]23[C@H]([C@H]1[C@]([C@@H](C(C)=O)CC1)(C)CC2=O)CC[C@@H]4[C@@]3(CC[C@H](C4)O)C,1,0.5148903131484985
1,GCN,CC[C@H]1OC(=O)[C@H](C)[C@@H](O[C@H]2C[C@@](C)(OC)[C@@H](O)[C@H](C)O2)[C@H](C)[C@@H](O[C@@H]3O[C@H](C)C[C@@H]([C@H]3O)N(C)C)[C@](C)(O)C[C@@H](C)\C(=N\OCOCCOC)[C@H](C)[C@@H](O)[C@]1(C)O,0,0.3011722266674042
1,GCN,C1=C(C(=C(C(=N1)C)O)CO)CSSCC2=CN=C(C(=C2CO)O)C,1,0.4405735731124878
1,GCN,CC(CN(C)C)CN1c2ccccc2CCc3ccccc13,1,0.9470829367637634
1,GCN,N1(c2c(CCc3c1cccc3)cccc2)CCCN,1,0.8957961797714233
1,GCN,CN(C)CCCN1c2ccccc2CCc3ccc(Cl)cc13,1,0.9452378749847412
1,GCN,CNCCCN1c2ccccc2CCc3ccccc13,1,0.8766015768051147
1,GCN,CN(C)CCCN1c2ccccc2CCc3ccccc13,1,0.9431149959564209
1,GCN,C1=CC=CC2=C1N(C3=C(CC2)C=CC=C3)CCC[N+](C)(C)[O-],1,0.866539478302002
1,GCN,C1=C(C#N)C=CC3=C1N(C2=C(C=CC=C2)CC3)CCCN(C)C,1,0.910987913608551
1,GCN,C1=CC=CC2=C1C(CC3=C(N2C)C=CC=C3)NC,1,0.9290580153465271
1,GCN,C1=CC=CC2=C1N(C3=C(CC2)C=CC=C3)CCCN(C)C,1,0.9431149959564209
1,GCN,CC1(C)N[C@@H](C(=O)N1[C@H]2[C@H]3SC(C)(C)[C@@H](N3C2=O)C(O)=O)c4ccccc4,0,0.0684192031621933
1,GCN,C1=CC(=C5C2=C1CC6C34C2(C(C(OC)(C(C3)C(CC)(C)O)C=C4)O5)CCN6CC7CC7)OC,1,0.9707696437835693
1,GCN,Fc1ccc(cc1)C(=O)CCCN2CCC(CC2)C(=O)c3ccc(F)cc3,1,0.9306045174598694
1,GCN,C3=C(C(C2CCN(CCCC(C1=CC=C(F)C=C1)=O)CC2)=O)C=CC(=C3)Cl,1,0.9185041785240173
1,GraphSAGE,C1=CC(=CC=C1C(CCCN2CC3N(CC2)CCC3)=O)F,1,0.8081526160240173
1,GraphSAGE,C1=CC=CC3=C1C(N(C2C(NC(=O)CC2)=O)C3=O)=O,1,0.48586347699165344
1,GraphSAGE,C3=C(N2C(C(C1=CC=CC=C1)CC2=O)=O)C(=CC(=C3)[S](N)(=O)=O)Cl,1,0.6085729002952576
1,GraphSAGE,C1=C(C(=C(C=C1)Cl)NC2=NCCO2)Cl,1,0.7460178732872009
1,GraphSAGE,C1(=NC(NC1(C(F)(F)F)C(F)(F)F)(C(F)(F)F)C(F)(F)F)N,1,0.872063934803009
1,GraphSAGE,[C@@H]2(C3=C([C@H](C1=CC=C(C=C1)F)C2)C=CC(=C3)C(F)(F)F)N4CCN(CCO)CC4,1,0.7729010581970215
1,GraphSAGE,[C@@H]23[C@@H](CC[C@@H]1C[C@H](CC(O1)=O)O)[C@H](C=CC2=CCC[C@@H]3OC([C@H](CC)C)=O)C,1,0.3553735911846161
1,GraphSAGE,[C@H]12[C@@H](OC(C(CC)(C)C)=O)C[C@@H](C)C=C1C=C[C@@H]([C@@H]2CC[C@@H]3C[C@H](CC(O3)=O)O)C,1,0.4429025650024414
1,GraphSAGE,CO[C@@H]([C@@H]1Cc2cc3cc(O[C@H]4C[C@@H](O[C@H]5C[C@@H](O)[C@H](O)[C@@H](C)O5)[C@H](O)[C@@H](C)O4)c(C)c(O)c3c(O)c2C(=O)[C@H]1O[C@H]6C[C@@H](O[C@H]7C[C@@H](O[C@H]8C[C@](C)(O)[C@H](O)[C@@H](C)O8)[C@H](O)[C@@H](C)O7)[C@H](O)[C@@H](C)O6)C(=O)[C@@H](O)[C@@H](C)O,1,0.12354680895805359
1,GraphSAGE,CN(C)C1C2C(O)C3C(=C)c4c(Cl)ccc(O)c4C(=C3C(=O)C2(O)C(=O)\C(=C(N)/O)C1=O)O,0,0.2536677122116089
1,GraphSAGE,[C@H]23OC1=C(OC(=O)C)C=CC6=C1C25C4(C[C@@H](C3(OC)C=C4)[C@](O)(CCC)C)C(N(CC5)C)C6,1,0.7771971821784973
1,GraphSAGE,FC(F)(F)c1c(Cl)nc(N2CCNCC2)cc1,1,0.8046555519104004
1,GraphSAGE,C1NCCN(C1)c1ccc(c(n1)Cl)C(F)(F)F,1,0.8046555519104004
1,GraphSAGE,[C@@]125C3=C4C[C@H]([C@@]1(CC[C@@H]([C@@H]2OC3=C(C=C4)O)O)O)N(C)CC5,1,0.5684358477592468
1,GraphSAGE,C3=C(C1=NCCN=C2N(NC(=C12)C)C)C=CC=C3Cl,1,0.7120875716209412
1,GraphSAGE,C1=CC=CC2=C1C(C(N2C3=CC=CC=C3)=O)(CC4=CC=NC=C4)CC5=CC=NC=C5,1,0.7043771743774414
1,GraphSAGE,CCC(C(=O)NC\C=C\C=C(/C)C(OC)C(C)C1OC(\C=C\C=C\C=C(/C)C(=O)C2=C(O)N(C)C=CC2=O)C(O)C1O)C3(O)OC(\C=C\C=C\C)C(C)(C)C(OC4OC(C)C(OC5OC(C)C(OC)C(O)C5OC)C(OC)C4O)C3O,0,0.4030303955078125
1,GraphSAGE,C1=CC=CC4=C1N(C2C3CCN(C2)CC3)C5=C(CC4)C=CC=C5,1,0.7720481157302856
1,GraphSAGE,[C@@]135C67[C@@H](N(CC1)CC2CC2)CC4=CC=C(O)C(=C34)O[C@@H]5C(OC)(C(C6)C(O)(C)C)C=C7,1,0.7163054347038269
1,GraphSAGE,COCOC(=O)[C@@H]1N2[C@H](SC1(C)C)[C@H](N3C(=O)C(NC3(C)C)c4ccccc4)C2=O,0,0.2622363865375519
1,GraphSAGE,[C@H]34C1[C@@H](C2(C(C(=O)CC1)C(=O)C=C2)C)C(O)CC3([C@](O)(CC4)C(OC)=O)C,1,0.6888315081596375
1,GraphSAGE,C1=C(C(F)(F)F)C=CC3=C1N(C2=C(C=CC=C2)S3)CCCN5CCC(C(C4=CC=C(F)C=C4)=O)CC5,1,0.752196729183197
1,GraphSAGE,NC(=O)c1ncn(n1)[C@@H]2O[C@H](CO)[C@@H](O)[C@H]2O,0,0.12390657514333725
1,GraphSAGE,C1=CC=NC=C1C(N2CCOCC2)=O,1,0.7433935403823853
1,GraphSAGE,N1(Cc2cc(OCCCNc3nccs3)ccc2)CCCCC1,1,0.7800894975662231
1,GraphSAGE,C1CN(CCC1)Cc1cccc(c1)OCCCNc1nccs1,1,0.7800894379615784
1,GraphSAGE,CC13CCCCCC(Cc2ccc(O)cc12)C3N,1,0.780316174030304
1,GraphSAGE,Cc1c(O)cccc1C(=O)N[C@@H](CSc2ccccc2)[C@H](O)CN3C[C@H]4CCCC[C@H]4C[C@H]3C(=O)NC(C)(C)C,0,0.5365312695503235
1,GraphSAGE,C2=C(N1N=C(C)CC1=O)C=CC=C2,1,0.6966500878334045
1,GraphSAGE,[C@H](C1=CC=CC=C1)([C@@H]2CNCCO2)OC3=CC=CC=C3OCC,1,0.6263042688369751
1,GraphSAGE,C1=C3C(=CC=C1\C=C\C(N2CCCCC2)=O)OCO3,1,0.7386390566825867
1,GraphSAGE,C3=C(CN2CCN(C1=C(OC(C)C)C=CC=C1)CC2)C=CC=C3C(=O)N4CCCCC4.C(C(=O)O)CC(=O)O,1,0.7548275589942932
1,GraphSAGE,C[C@H]1C[C@H]2[C@@H]3CC[C@](O)(C(=O)CO)[C@@]3(C)C[C@H](O)[C@@H]2[C@@]4(C)C=CC(=O)C=C14,0,0.588805079460144
1,GraphSAGE,C[C@]12C[C@H](O)[C@H]3[C@@H](CCC4=CC(=O)C=C[C@]34C)[C@@H]1CC[C@]2(O)C(=O)CO,0,0.5829144716262817
1,GraphSAGE,[C@@]4([C@@]3([C@H]([C@H]2[C@@H]([C@@]1(C(=CC(=O)C=C1)C[C@H]2Cl)C)[C@H](C3)O)C[C@H]4C)C)(C(COC(CC)=O)=O)OC(CC)=O,1,0.6040189266204834
1,GraphSAGE,[C@@]4([C@@]3([C@H]([C@H]2[C@@H]([C@@]1(C(=CC(=O)C=C1)[C@H](C2)C)C)[C@H](C3)O)CC4)C)(C(COC(C)=O)=O)OC(CC)=O,1,0.6296929121017456
1,GraphSAGE,[C@]34([C@H]([C@H]2[C@@H]([C@@]1(C(=CC(=O)C=C1)[C@H](C2)F)C)[C@H](C3)O)C[C@H]([C@@]4(C(COC(C)=O)=O)O)C)C,1,0.5562539100646973
1,GraphSAGE,[C@@]4([C@@]3([C@H]([C@H]2[C@@H]([C@@]1(C(=CC(=O)C=C1)CC2)C)[C@H](C3)O)CC4)C)(C(COC(CC)=O)=O)OC(OCC)=O,1,0.6872469782829285
1,GraphSAGE,[C@H]34[C@H]2[C@@H]([C@@]1(C(=CC(=O)C=C1)CC2)C)[C@@H](O)C[C@@]3([C@](C(COC(COC(CCCCCCCCCCCCCCCCC)=O)=O)=O)(O)CC4)C,1,0.7531986832618713
1,GraphSAGE,[C@]34([C@H]([C@H]2[C@@H]([C@@]1(C(=CC(=O)C=C1)CC2)C)[C@H](C3)O)CC[C@@]4(C(COC(CC(C)(C)C)=O)=O)O)C,1,0.6778349876403809
1,GraphSAGE,[C@H]12[C@@]([C@](C(CC)=O)(C)[C@@H](C1)C)(C[C@H](O)[C@H]3[C@H]2CCC4=CC(=O)C=C[C@]34C)C,1,0.6578487753868103
1,GraphSAGE,[C@H]24[C@H]1[C@@]([C@](O)([C@@H](C1)C)C(=O)CO)(C[C@H](O)[C@@H]2[C@@]3(C(=CC(=O)C=C3)C[C@H]4Cl)C)C,1,0.5115540623664856
1,GraphSAGE,[C@H]24[C@H]1[C@@]([C@@H](C(C(OCCCC)=O)=O)[C@@H](C1)C)(C[C@@H]([C@@H]2[C@@]3(C(=CC(=O)C=C3)[C@H](C4)F)C)O)C,1,0.48640185594558716
1,GraphSAGE,[C@H]24[C@H]1[C@@]([C@@H](C(CO)=O)[C@@H](C1)C)(C[C@@H]([C@@H]2[C@@]3(C(=CC(=O)C=C3)[C@H](C4)F)C)O)C,1,0.4758911728858948
1,GraphSAGE,[C@H]24[C@H]1[C@@]([C@](C(CO)=O)(O)CC1)(C[C@@H]([C@@H]2[C@@]3(C(=CC(=O)C=C3)[C@H](C4)F)C)O)C,1,0.5993156433105469
1,GraphSAGE,[C@H]24[C@H]1[C@@]([C@](C(CO)=O)(O)CC1)(C[C@@H]([C@@H]2[C@@]3(C(=CC(=O)C=C3)[C@H](C4)C)C)O)C,1,0.5860068202018738
1,GraphSAGE,[C@H]24[C@H]1[C@@]([C@](C(COC(C)=O)=O)(O)CC1)(C[C@@H]([C@@H]2[C@@]3(C(=CC(=O)C=C3)[C@H](C4)C)C)O)C,1,0.6086466312408447
1,GraphSAGE,[C@H]24[C@H]1[C@@]([C@](C(COC(CCC(O)=O)=O)=O)(O)CC1)(C[C@@H]([C@@H]2[C@@]3(C(=CC(=O)C=C3)[C@H](C4)C)C)O)C,1,0.628196120262146
1,GraphSAGE,[C@]12(C(=CC(C=C1)=O)[C@H](C[C@H]3[C@H]4[C@](C[C@@H]([C@H]23)O)([C@](C(=O)CO)(O)[C@@H](C4)C)C)F)C,1,0.48715639114379883
1,GraphSAGE,[C@]34([C@H]([C@H]2[C@@H]([C@@]1(C(=CC(=O)C=C1)CC2)C)[C@H](C3)O)CC[C@@]4(C(COC(C)=O)=O)O)C,1,0.6425030827522278
1,GraphSAGE,[C@]14([C@@](C(=O)COC(CCC(=O)[O-])=O)(CC[C@H]1[C@@H]3CCC2=CC(C=C[C@@]2([C@H]3[C@H](C4)O)C)=O)O)C.[Na+],1,0.6791009902954102
1,GraphSAGE,C1=CC=CC2=C1C(N(CC[S](NC(C)C)(=O)=O)C2=O)=O,1,0.6278024911880493
1,GraphSAGE,C1=NC(=NC=C1)N5CCN(CCNC(C23CC4CC(C2)CC(C3)C4)=O)CC5,1,0.7931727170944214
1,GraphSAGE,C1=C2C(=CC=C1\C=C\C(C(C)(C)C)O)OCO2,1,0.6872000694274902
1,GraphSAGE,[C@H]3(CCCC1=C2C(=NC=C1)C=CC(=C2)OC)[C@@H](CNCC3)C=C,1,0.7145785093307495
1,GraphSAGE,C1=C(OC)C=CC2=NC=CC(=C12)CCCC3C(CNCC3)C=C,1,0.7423282861709595
1,GraphSAGE,N1(Cc2cccc(OCCCNc3ccccn3)c2)CCCCC1,1,0.7894756197929382
1,GraphSAGE,C1CN(CCC1)Cc1cccc(c1)OCCCNc1ncccc1,1,0.7894756197929382
1,GraphSAGE,C1=C2C(=CC=C1)OC(CCCl)NC2=O,1,0.6703279614448547
1,GraphSAGE,CO[C@H]1/C=C/O[C@@]2(C)Oc3c(C)c(O)c4c(O)c(NC(=O)C(=C\C=C\[C@H](C)[C@H](O)[C@@H](C)[C@@H](O)[C@@H](C)[C@H](OC(C)=O)[C@@H]1C)/C)c5n6ccc(C)cc6nc5c4c3C2=O,0,0.2955927550792694
1,GraphSAGE,C1=CC(=CC=C1C(CCCN3CCN(C(OC2CCCCC2)=O)CC3)=O)F,1,0.7975410223007202
1,GraphSAGE,C1=CC=CC=C1C(CN2CCCC2)OCCC(C)C,1,0.7995782494544983
1,GraphSAGE,C1=CC=CC=C1CC(N2CCCC2)CCC,1,0.8105594515800476
1,GraphSAGE,C1=C(Cl)C=CC2=C1C(=NCC(=N2)NOCC=C)C3=CC=CC=C3Cl,1,0.709113359451294
1,GraphSAGE,CO/N=C(C(=O)N[C@H]1[C@H]2SCC(=C(N2C1=O)C(O)=O)CSC(=O)c3occc3)/c4csc(N)n4,0,0.2671322226524353
1,GraphSAGE,OC[C@@H]1CC[C@@H](O1)n2cnc3C(=O)N=CNc23,0,0.5226982831954956
1,GraphSAGE,[C@H]37[C@H]2[C@@]([C@](C(COC(C1=CC(=CC=C1)[S](O)(=O)=O)=O)=O)(O)[C@@H](C2)C)(C[C@@H]([C@@H]3[C@@]4(C(=CC5=C(C4)C=N[N]5C6=CC=CC=C6)C(=C7)C)C)O)C,1,0.5713459253311157
1,GraphSAGE,[C@@H]3(N(C1CCC1)C2CCC2)CC4=C(OC3)C(=CC=C4C(=O)N)F,1,0.691487729549408
1,GraphSAGE,CN1C(=C(/O)Nc2sc(C)cn2)/C(=O)c3ccccc3[S]1(=O)=O,0,0.42824095487594604
1,GraphSAGE,C2=C(C1=C(C=CC1)C=C2)OCC3CNCCO3,1,0.7598780393600464
1,GraphSAGE,O=C2\C(=C1\OC=NN1)C=CC=C2,1,0.5119706392288208
1,GraphSAGE,CO/N=C(C(=O)N[C@H]1[C@H]2SCC(=C(N2C1=O)C(O)=O)Cn3nnc(C)n3)/c4csc(N)n4,0,0.30266568064689636
1,GraphSAGE,CN1C(=O)CC(=O)N(c2ccccc2)c3cc(Cl)ccc13,1,0.7004744410514832
1,GraphSAGE,Clc1ccc2NC(=O)CC(=O)N(c3ccccc3)c2c1,1,0.6674182415008545
1,GraphSAGE,C1=C(C(F)(F)F)C=CC3=C1N(C2=CC=CC=C2)C(CC(N3C)=O)=O,1,0.7340892553329468
1,GraphSAGE,OC(=O)C1=C\C(C=CC1=O)=N/Nc2ccc(cc2)[S](=O)(=O)Nc3ccccn3,0,0.47963976860046387
1,GraphSAGE,CC(C)(C)c1ccc(cc1)C(O)CCCN2CCC(CC2)C(O)(c3ccccc3)c4ccccc4,0,0.7733701467514038
1,GraphSAGE,CC(C)(C(O)=O)c1ccc(cc1)C(O)CCCN2CCC(CC2)C(O)(c3ccccc3)c4ccccc4,0,0.7601274847984314
1,GraphSAGE,C(O)C(=O)C4(O)C3(C(C2C(C1(C(=CC(=O)CC1)CC2)C)CC3)CC4)C,1,0.849319338798523
1,GraphSAGE,[C@@]4(OC(=O)CCCC)(C3(C(C2C(C1(C(=CC(=O)CC1)CC2)C)C(O)C3)CC4)C)C(=O)CO,1,0.8040053844451904
1,GraphSAGE,CCC(=O)C1(O)CCC2C3CCC4=CC(=O)CCC4(C)C3C(O)CC21C,1,0.8259742856025696
1,GraphSAGE,[C@H]15C3=C(CCC2=C1C=CC=C2)C=CC=C3[C@H]4C[C@](C(C)C)(O)CCN4C5,1,0.7388265132904053
1,GraphSAGE,NC(N)=NC(=O)c1nc(Cl)c(N)nc1N,1,0.5768619775772095
1,GraphSAGE,NC(=O)c1cnccn1,1,0.6456671357154846
1,GraphSAGE,CN(C)c1cnccn1,1,0.7136431932449341
1,GraphSAGE,[C@@H](O)(/C=C/C1=C(C2=C([N]1C(C)C)C=CC=C2)C3=CC=C(F)C=C3)C[C@H](O)CC(=O)O,1,0.5585440993309021
1,GraphSAGE,C2=C(C1=C(C=CC=C1)[N]2N(CCN(C)C)C)C3=CC=CC=C3,1,0.7551887631416321
1,GraphSAGE,C3=C(C(NC1C2CCN(C1)CC2)=O)C(=CC(=C3Cl)N)OCC4CC4,1,0.7019505500793457
1,GraphSAGE,COC1C(O)CC(=O)OC(C)C\C=C\C=C\C(OC2CCC(C(C)O2)N(C)C)C(C)CC(CC=O)C1OC3OC(C)C(OC4CC(C)(O)C(O)C(C)O4)C(C3O)N(C)C,0,0.504845917224884
1,GraphSAGE,C1=CC=CC2=C1C3=C(C(=O)N2CCCN(C)C)C=CC=C3,1,0.739963710308075
1,GraphSAGE,CC1(C)S[C@@H]2[C@H](NC(=O)[C@H](NC(=O)C(C)(C)Oc3ccc(Cl)cc3)c4ccccc4)C(=O)N2[C@H]1C(O)=O,0,0.28968507051467896
1,GraphSAGE,C3=C(N2CCN(CCCC(C1=CC=C(F)C=C1)O)CC2)C(=CC=C3)OC,1,0.7714468836784363
1,GraphSAGE,OC1OC(COCCOC(O)C(Cl)(Cl)Cl)C(OC2OC(COCCOCCOC(O)C(Cl)(Cl)Cl)CC(OC(O)C(Cl)(Cl)Cl)C2O)C(OCCOCCOC(O)C(Cl)(Cl)Cl)C1O,1,0.6049191951751709
1,GraphSAGE,[C@@H]3(C1=C(C=C2C(=C1OC)OCO2)CCN3C)[C@@H]5C4=C(C(=C(OC)C=C4)OC)C(O5)=O,1,0.4999704360961914
1,GraphSAGE,[C@]3(C1=CC=CC=C1)(C(C2=C(C=CC=C2)CC3)=O)CCN(C)C,1,0.7886261343955994
1,GraphSAGE,C[C@@H]1CC2=C(CCC(=O)C2)[C@H]3CC[C@@]4(C)[C@@H](CC[C@@]4(O)C#C)[C@H]13,1,0.6768166422843933
1,GraphSAGE,CN1CCN(CC1)c2cc3N(C=C(C(O)=O)C(=O)c3cc2F)c4ccc(F)cc4,0,0.6519680619239807
1,GraphSAGE,C1=CC=CC2=C1C(N(C2=O)C3=NC4=C(C=C3)C=CC(=N4)Cl)CC(=O)N6CCC5(OCCO5)CC6,1,0.7234987020492554
1,GraphSAGE,COc1cccc2C(=O)c3c(O)c4CC(O)(CC(O)c4c(O)c3C(=O)c12)C(=O)CO,0,0.4811510145664215
1,GraphSAGE,c1ccc2Oc3c(cc(cc3)Cl)[C@@H]3[C@@H](c2c1)C[N@](CC3)C,1,0.7106638550758362
1,GraphSAGE,c1ccc2Oc3c(cc(cc3)Cl)[C@@H]3[C@@H](c2c1)CNCC3,1,0.6853938698768616
1,GraphSAGE,CO/N=C(C(=O)N[C@H]1[C@H]2SCC(=C(N2C1=O)C(O)=O)CSc3snnc3)/c4csc(N)n4,0,0.273237019777298
1,GraphSAGE,[C@H]13[C@H](C[C@@H]1C2=CC=C(F)C=C2)CN(C3)CCN4C(=O)C5=C(NC4=O)C=CC=C5,1,0.6241260766983032
1,GraphSAGE,C1=C(Cl)C=CC4=C1N(CCCN3CCC(N2CCCCC2)(CC3)C(N)=O)C5=C(CC4)C=CC=C5,1,0.8307490944862366
1,GraphSAGE,C1=CC=CC4=C1N(CCCN3CCC(N2CCCCC2)(CC3)C(N)=O)C5=C(CC4)C=CC=C5,1,0.8330740928649902
1,GraphSAGE,C1=C(C(F)(F)F)C=CC=C1C2=CCN(CC2)CCC4=CC3=CC=CC=C3C=C4,1,0.7897403240203857
1,GraphSAGE,C2=C(C(OC1=CC=C(C=C1)C(F)(F)F)CCNC)C=CC=C2,1,0.7675328850746155
1,GraphSAGE,C1=CC=CC=C1C(OC2=CC=CC=C2OC)CCNC,1,0.727125883102417
1,GraphSAGE,NCCC(Oc1ccc(cc1)C(F)(F)F)c2ccccc2,1,0.7668217420578003
1,GraphSAGE,[C@H](OC1=C(C=CC=C1)C)(C2=CC=CC=C2)CCNC,1,0.7218010425567627
1,GraphSAGE,COC1CC(OC(C)C1O)O[C@H]2[C@H](C)[C@@H](OC3OC(C)CC(C3O)N(C)C)[C@@H](C)C[C@]4(CO4)C(=O)[C@H](C)[C@@H](O)[C@@H](C)[C@@H](C)OC(=O)[C@@H]2C,0,0.1998223215341568
1,GraphSAGE,C1=C(C=CC=C1)C(C2=CC=CC=C2)(C3NCCCC3)O,1,0.7633122801780701
1,GraphSAGE,C3=C2C([NH2+]CCCCCCC(O)=O)C1=CC=CC=C1CCC2=CC=C3.[Cl-],1,0.762843132019043
1,GraphSAGE,C1=CC=CC3=C1C(C2=C(C=CC=C2)CC3)C(N)=O,1,0.6675484776496887
1,GraphSAGE,CN(C)C(=O)COC2c1ccccc1CCc3ccccc23,1,0.737260639667511
1,GraphSAGE,C1=CC=CC3=C1C(C2=CC=CC=C2CC3)CC(CN(C)C)C,1,0.773607611656189
1,GraphSAGE,CC1(C)SC2C(N([C@H](C(=O)NC(=O)CN)c3ccccc3)C(=N)c4ccncc4)C(=O)N2C1C(O)=O,0,0.344693124294281
1,GraphSAGE,[N]14C3=C(C2=C1C=CC(=C2)C)CCCC3NCC4.[H+].[Cl-],1,0.7666950225830078
1,GraphSAGE,O=C1Nc2ccccc2N1C3CCN(CCOc4ccccc4)CC3,1,0.7201670408248901
1,GraphSAGE,COc1cc(Cc2cnc(N)nc2N)cc(OC)c1OC,1,0.6873021721839905
1,GraphSAGE,[C@@]12(C3=C(NC(CN1C[C@H](O2)C)=O)C=CC(=C3)Cl)C4=CC=CC=C4,1,0.6939749121665955
1,GraphSAGE,C1CCN(CC1)Cc1cccc(c1)OCCCNC(=O)C,1,0.796032726764679
1,GraphSAGE,C1CCN(CC1)Cc1cc(OCCCO)ccc1,1,0.8075134754180908
1,GraphSAGE,C1CN(CCC1)Cc1cccc(c1)OCCCNC(=O)C,1,0.796032726764679
1,GraphSAGE,C1CN(CCC1)Cc1cccc(c1)OCCCO,1,0.8075134754180908
1,GraphSAGE,C1=C(F)C=CC3=C1C=C(SCCNC)C2=CC=CC=C2O3,1,0.7009852528572083
1,GraphSAGE,C2=C(CC1=CN=C[NH]1)C(=C(C=C2)C)C,1,0.7357776165008545
1,GraphSAGE,[Br-].CN(C)C(=O)Oc1ccc[n+](C)c1,1,0.6492025256156921
1,GraphSAGE,C1=CC=CC2=C1C(C3=NCCCN23)(C4=CC=CC(=C4)Cl)O,1,0.7597383260726929
1,GraphSAGE,[C@H]2(C1=CC(=C(OC)C=C1CCN(C2)C)OC)C3=CC=CC=C3,1,0.7430605292320251
1,GraphSAGE,C1=CC=CC(=C1N2C(=NC3=C(C2=O)C=CC=C3)\C=C\C4=NC=CC=C4)C,1,0.6383572816848755
1,GraphSAGE,CC14C5(C(CC1C3C(C2(C(=CC(=O)CC2)CC3)C)CC4)OC(O5)(C)C)C(C)=O,1,0.8432304859161377
1,GraphSAGE,C1=CN=CC=C1C(NNCCC(NCC2=CC=CC=C2)=O)=O,1,0.6897512078285217
1,GraphSAGE,C2=C(C1C(NCCN1)=O)SC=C2,1,0.6251236796379089
1,GraphSAGE,CC(C)[C@H](NC(=O)N(C)Cc1csc(n1)C(C)C)C(=O)N[C@H](C[C@H](O)[C@H](Cc2ccccc2)NC(=O)OCc3scnc3)Cc4ccccc4,0,0.4649616777896881
1,GraphSAGE,C1CCCCC1,1,0.858649492263794
1,GraphSAGE,NCC1(CCCCC1)CC(O)=O,1,0.8439396023750305
1,GraphSAGE,ClCCN(N=O)C(=O)NC1CCCCC1,1,0.7766340970993042
1,GraphSAGE,NC(=O)OC1(CCCCC1)C#C,1,0.8025577664375305
1,GraphSAGE,NC(=O)OC1(CCCCC1)CC#C,1,0.8051507472991943
1,GraphSAGE,C(C1CCCCC1)NN,1,0.8203345537185669
1,GraphSAGE,CC(C(C1CCCCC1)O)C,1,0.5624053478240967
1,GraphSAGE,C(C1CCCCC1)CC(OCCN(C)C)=O,1,0.8380773663520813
1,GraphSAGE,C(C(C1CCCCC1)OC(N)=O)C,1,0.7694109082221985
1,GraphSAGE,CCOC(=O)C1(CCN(C)CC1)c2ccccc2,1,0.8364577293395996
1,GraphSAGE,[H+].[Cl-].CCOC(=O)C1(CCN(C)CC1)c2ccccc2,1,0.8145225644111633
1,GraphSAGE,[C@]2(C1=CC=CC=C1)([C@H](CN(C)CC2)CC)OC(CC)=O,1,0.7990802526473999
1,GraphSAGE,C1=C(C=CC=C1C2(CCN(C)CC2)C(CC)=O)O,1,0.8202462792396545
1,GraphSAGE,[C@]2(C1=CC(=CC=C1)O)([C@H](CN(C)CC2)C)CCC,1,0.7944704294204712
1,GraphSAGE,C1=CC=CC=C1C2(C(N(CC)C)=O)CCN(CCCCCC)CC2,1,0.8402501344680786
1,GraphSAGE,C2=C(C1(C(CN(C)CC1)C)OC(CC)=O)C=CC=C2,1,0.8224393725395203
1,GraphSAGE,C2=C(C1(C(OCC)=O)CCN(C)CC1)C=CC=C2O,1,0.8069885969161987
1,GraphSAGE,[H+].C2=C(C1(C(N(C)C)C=CCC1)C(OCC)=O)C=CC=C2.[Cl-],1,0.758862316608429
1,GraphSAGE,OC1=C(C2CCC(CC2)c3ccc(Cl)cc3)C(=O)C(=O)c4ccccc14,0,0.5555446147918701
1,GraphSAGE,C4=C3C(N(C1=CC=C2C(=N1)N=C(Cl)C=C2)C(=O)C3=CC=C4)CC(CCC(C)C)=O,1,0.6645321249961853
1,GraphSAGE,C1=CC(=CC=C1C23C(C(=O)NC2=O)C3)Cl,1,0.7105087637901306
1,GraphSAGE,CC(=O)O[C@@]12CO[C@@H]1C[C@H](O)[C@]3(C)[C@@H]2[C@H](OC(=O)c4ccccc4)[C@]5(O)C[C@H](OC(=O)[C@H](O)[C@@H](NC(=O)OC(C)(C)C)c6ccccc6)C(=C([C@@H](O)C3=O)C5(C)C)C,0,0.39085084199905396
1,GraphSAGE,CC1(C)S[C@@H]2[C@H](NC(=O)[C@@H](N=Cc3occc3)c4ccc(O)cc4)C(=O)N2[C@H]1C(O)=O,0,0.20289066433906555
1,GraphSAGE,COc1ccc2nccc([C@H](O)[C@H]3C[C@@H]4CCN3C[C@@H]4C=C)c2c1,1,0.4640064239501953
1,GraphSAGE,CN(C)CCC(c1ccccc1)c2ccccn2,0,0.7631099820137024
1,GraphSAGE,CN(C)CCOC(C)(c1ccccc1)c2ccccn2,1,0.8018578886985779
1,GraphSAGE,CN(C)CCOC(C)(c1ccccc1)c2ccccn2.OC(=O)CCC(O)=O,1,0.7801550030708313
1,GraphSAGE,CC(=O)OCC1=C(N2[C@H](SC1)[C@H](NC(=O)CSc3ccncc3)C2=O)C(O)=O,0,0.29391932487487793
1,GraphSAGE,CC(=O)[C@H]1CC[C@H]2[C@@H]3CC[C@@H]4C[C@H](O)CC[C@]4(C)[C@H]3CC[C@]12C,1,0.6744779944419861
1,GraphSAGE,C[C@H]1O[C@@H](O[C@@H]\2C[C@@H]3O[C@](O)(C[C@@H](O)C[C@@H](O)[C@H](O)CC[C@@H](O)C[C@@H](O)CC(=O)O[C@@H](C)[C@H](C)[C@H](O)[C@@H](C)\C=C/C=C\C=C/C=C\C=C/C=C\C=C2)C[C@H](O)[C@H]3C(O)=O)[C@@H](O)[C@@H](N)[C@@H]1O,0,0.18148769438266754
1,GraphSAGE,C1=CC(=CC=C1B2OCC(CCC)(C)CO2)C,1,0.8142348527908325
1,GraphSAGE,[C@@]23([C@H]([C@H]1[C@H](OC(O1)(C)C)CO2)OC(O3)(C)C)CO[S](N)(=O)=O,1,0.5959017872810364
1,GraphSAGE,CCCN(CCc1c2c(c(cc1)O)NC(=O)C2)CCC,1,0.7639315724372864
1,GraphSAGE,CCCN(CCc1c2c(ccc1)NC(=O)C2)CCC,1,0.7995243668556213
1,GraphSAGE,C1C(Nc2c1c(ccc2)CCN(CCC)CCC)=O,1,0.7995243668556213
1,GraphSAGE,C1C(Nc2c1c(ccc2O)CCN(CCC)CCC)=O,1,0.7639315724372864
1,GraphSAGE,C2=C(C1=C(NC(C1)=O)C=C2)CCN(CCC)CCC,1,0.7995243668556213
1,GraphSAGE,C1=CC=CC3=C1N(C2=C(C=CC=C2)[S]3(=O)=O)CC(CN(C)C)C,1,0.6734741926193237
1,GraphSAGE,C1=C(C(=CC=C1C#N)OC)C(NCCN3CCC(C(C2=CC=C(F)C=C2)=O)CC3)=O,1,0.7015537023544312
1,GraphSAGE,C1=CC=CC2=C1N(C(CO2)=O)CC(N)=O,1,0.7092208862304688
1,GraphSAGE,[C@@H]1(CCCO1)[C@@H](CC2=CC=CC=C2)NCC,1,0.712795615196228
1,GraphSAGE,CC(C)(C)OC(=O)C1=C2CN(C(=O)C3=C(N2C=N1)C=CS3)C,1,0.6171395182609558
1,GraphSAGE,CN1Cc2n(cnc2C(=O)OC(C)(C)C)c3ccsc3C1=O,1,0.6171395182609558
1,GraphSAGE,CC(C)N1CCN(CC1)c2ccc(OC[C@H]3CO[C@@](Cn4cncn4)(O3)c5ccc(Cl)cc5Cl)cc2,0,0.746130108833313
1,GraphSAGE,C3=C(C1=CCN(CCC)CC1)C2=CC(=CC=C2[NH]3)Cl,1,0.7854995131492615
1,GraphSAGE,C1=CC=CC3=C1C2(C(NC(=O)CC2)=O)CCC3=O,1,0.7855954170227051
1,GraphSAGE,C1=C(Cl)C=CC2=C1C3(N(CC(=O)N2C)C(C=C(O3)C)=O)C4=CC=CC=C4,1,0.7111899256706238
1,GraphSAGE,[C@]14([C@H]([C@H]3[C@](F)([C@@H](O)C1)[C@@]2(C(=CC(=O)C=C2)CC3)C)C[C@@H]6[C@]4(CC5=CC=CC=C5C6)C(=O)CO)C.O,1,0.71961909532547
1,GraphSAGE,C1=C(C=CC=C1N3C(N(CCN2CC(C)(C)C2)CC3)=O)Cl,1,0.7871209979057312
1,GraphSAGE,C1=CC=CC3=C1C4=C(C2=C(C=CC=C2)O3)CCN(CC4)C,1,0.7782562971115112
1,GraphSAGE,[H+].C1=CC3=C([N]1N(C2=CC=NC=C2)CCC)C=CC=C3.[Cl-],1,0.729193925857544
1,GraphSAGE,[C@@H]45N([C@@H](CC(NC(=O)C1=CN(C2=C(C1=O)C=CC=C2)C3CCCCC3)C4)CC5)C,1,0.6254666447639465
1,GraphSAGE,c1(ccc(c(c1)Cl)Cl)CC(N1[C@H](CN2CCCC2)c2n(CC1)ccn2)=O,1,0.7614835500717163
1,GraphSAGE,c1(ccc(c(c1)Cl)Cl)CC(N1[C@H](C[N@@]2C[C@@H](CC2)O)c2n(CC1)ccn2)=O,0,0.7133285403251648
1,GraphSAGE,[C@@H]23[C@H]([C@H]1[C@]([C@@H](C(C)=O)CC1)(C)CC2=O)CC[C@@H]4[C@@]3(CC[C@H](C4)O)C,1,0.5781626105308533
1,GraphSAGE,CC[C@H]1OC(=O)[C@H](C)[C@@H](O[C@H]2C[C@@](C)(OC)[C@@H](O)[C@H](C)O2)[C@H](C)[C@@H](O[C@@H]3O[C@H](C)C[C@@H]([C@H]3O)N(C)C)[C@](C)(O)C[C@@H](C)\C(=N\OCOCCOC)[C@H](C)[C@@H](O)[C@]1(C)O,0,0.25938260555267334
1,GraphSAGE,C1=C(C(=C(C(=N1)C)O)CO)CSSCC2=CN=C(C(=C2CO)O)C,1,0.6469664573669434
1,GraphSAGE,CC(CN(C)C)CN1c2ccccc2CCc3ccccc13,1,0.7763528227806091
1,GraphSAGE,N1(c2c(CCc3c1cccc3)cccc2)CCCN,1,0.7948906421661377
1,GraphSAGE,CN(C)CCCN1c2ccccc2CCc3ccc(Cl)cc13,1,0.7995378375053406
1,GraphSAGE,CNCCCN1c2ccccc2CCc3ccccc13,1,0.7947211265563965
1,GraphSAGE,CN(C)CCCN1c2ccccc2CCc3ccccc13,1,0.8021289706230164
1,GraphSAGE,C1=CC=CC2=C1N(C3=C(CC2)C=CC=C3)CCC[N+](C)(C)[O-],1,0.8075933456420898
1,GraphSAGE,C1=C(C#N)C=CC3=C1N(C2=C(C=CC=C2)CC3)CCCN(C)C,1,0.7730152010917664
1,GraphSAGE,C1=CC=CC2=C1C(CC3=C(N2C)C=CC=C3)NC,1,0.7217990159988403
1,GraphSAGE,C1=CC=CC2=C1N(C3=C(CC2)C=CC=C3)CCCN(C)C,1,0.8021289706230164
1,GraphSAGE,CC1(C)N[C@@H](C(=O)N1[C@H]2[C@H]3SC(C)(C)[C@@H](N3C2=O)C(O)=O)c4ccccc4,0,0.18920600414276123
1,GraphSAGE,C1=CC(=C5C2=C1CC6C34C2(C(C(OC)(C(C3)C(CC)(C)O)C=C4)O5)CCN6CC7CC7)OC,1,0.8112319707870483
1,GraphSAGE,Fc1ccc(cc1)C(=O)CCCN2CCC(CC2)C(=O)c3ccc(F)cc3,1,0.7578926682472229
1,GraphSAGE,C3=C(C(C2CCN(CCCC(C1=CC=C(F)C=C1)=O)CC2)=O)C=CC(=C3)Cl,1,0.7546280026435852
1,GAT,C1=CC(=CC=C1C(CCCN2CC3N(CC2)CCC3)=O)F,1,0.940024733543396
1,GAT,C1=CC=CC3=C1C(N(C2C(NC(=O)CC2)=O)C3=O)=O,1,0.4019862115383148
1,GAT,C3=C(N2C(C(C1=CC=CC=C1)CC2=O)=O)C(=CC(=C3)[S](N)(=O)=O)Cl,1,0.6768117547035217
1,GAT,C1=C(C(=C(C=C1)Cl)NC2=NCCO2)Cl,1,0.8448583483695984
1,GAT,C1(=NC(NC1(C(F)(F)F)C(F)(F)F)(C(F)(F)F)C(F)(F)F)N,1,0.9620153903961182
1,GAT,[C@@H]2(C3=C([C@H](C1=CC=C(C=C1)F)C2)C=CC(=C3)C(F)(F)F)N4CCN(CCO)CC4,1,0.8343407511711121
1,GAT,[C@@H]23[C@@H](CC[C@@H]1C[C@H](CC(O1)=O)O)[C@H](C=CC2=CCC[C@@H]3OC([C@H](CC)C)=O)C,1,0.1319514662027359
1,GAT,[C@H]12[C@@H](OC(C(CC)(C)C)=O)C[C@@H](C)C=C1C=C[C@@H]([C@@H]2CC[C@@H]3C[C@H](CC(O3)=O)O)C,1,0.22174057364463806
1,GAT,CO[C@@H]([C@@H]1Cc2cc3cc(O[C@H]4C[C@@H](O[C@H]5C[C@@H](O)[C@H](O)[C@@H](C)O5)[C@H](O)[C@@H](C)O4)c(C)c(O)c3c(O)c2C(=O)[C@H]1O[C@H]6C[C@@H](O[C@H]7C[C@@H](O[C@H]8C[C@](C)(O)[C@H](O)[C@@H](C)O8)[C@H](O)[C@@H](C)O7)[C@H](O)[C@@H](C)O6)C(=O)[C@@H](O)[C@@H](C)O,1,0.02806609682738781
1,GAT,CN(C)C1C2C(O)C3C(=C)c4c(Cl)ccc(O)c4C(=C3C(=O)C2(O)C(=O)\C(=C(N)/O)C1=O)O,0,0.07478056848049164
1,GAT,[C@H]23OC1=C(OC(=O)C)C=CC6=C1C25C4(C[C@@H](C3(OC)C=C4)[C@](O)(CCC)C)C(N(CC5)C)C6,1,0.8321145176887512
1,GAT,FC(F)(F)c1c(Cl)nc(N2CCNCC2)cc1,1,0.9384719729423523
1,GAT,C1NCCN(C1)c1ccc(c(n1)Cl)C(F)(F)F,1,0.9384719729423523
1,GAT,[C@@]125C3=C4C[C@H]([C@@]1(CC[C@@H]([C@@H]2OC3=C(C=C4)O)O)O)N(C)CC5,1,0.4331096112728119
1,GAT,C3=C(C1=NCCN=C2N(NC(=C12)C)C)C=CC=C3Cl,1,0.8434259295463562
1,GAT,C1=CC=CC2=C1C(C(N2C3=CC=CC=C3)=O)(CC4=CC=NC=C4)CC5=CC=NC=C5,1,0.8621729016304016
1,GAT,CCC(C(=O)NC\C=C\C=C(/C)C(OC)C(C)C1OC(\C=C\C=C\C=C(/C)C(=O)C2=C(O)N(C)C=CC2=O)C(O)C1O)C3(O)OC(\C=C\C=C\C)C(C)(C)C(OC4OC(C)C(OC5OC(C)C(OC)C(O)C5OC)C(OC)C4O)C3O,0,0.2768731415271759
1,GAT,C1=CC=CC4=C1N(C2C3CCN(C2)CC3)C5=C(CC4)C=CC=C5,1,0.9044421911239624
1,GAT,[C@@]135C67[C@@H](N(CC1)CC2CC2)CC4=CC=C(O)C(=C34)O[C@@H]5C(OC)(C(C6)C(O)(C)C)C=C7,1,0.7609138488769531
1,GAT,COCOC(=O)[C@@H]1N2[C@H](SC1(C)C)[C@H](N3C(=O)C(NC3(C)C)c4ccccc4)C2=O,0,0.12593457102775574
1,GAT,[C@H]34C1[C@@H](C2(C(C(=O)CC1)C(=O)C=C2)C)C(O)CC3([C@](O)(CC4)C(OC)=O)C,1,0.6811901330947876
1,GAT,C1=C(C(F)(F)F)C=CC3=C1N(C2=C(C=CC=C2)S3)CCCN5CCC(C(C4=CC=C(F)C=C4)=O)CC5,1,0.8757308125495911
1,GAT,NC(=O)c1ncn(n1)[C@@H]2O[C@H](CO)[C@@H](O)[C@H]2O,0,0.04634542390704155
1,GAT,C1=CC=NC=C1C(N2CCOCC2)=O,1,0.8820071816444397
1,GAT,N1(Cc2cc(OCCCNc3nccs3)ccc2)CCCCC1,1,0.9349027872085571
1,GAT,C1CN(CCC1)Cc1cccc(c1)OCCCNc1nccs1,1,0.9349027872085571
1,GAT,CC13CCCCCC(Cc2ccc(O)cc12)C3N,1,0.8612339496612549
1,GAT,Cc1c(O)cccc1C(=O)N[C@@H](CSc2ccccc2)[C@H](O)CN3C[C@H]4CCCC[C@H]4C[C@H]3C(=O)NC(C)(C)C,0,0.48868224024772644
1,GAT,C2=C(N1N=C(C)CC1=O)C=CC=C2,1,0.8593615293502808
1,GAT,[C@H](C1=CC=CC=C1)([C@@H]2CNCCO2)OC3=CC=CC=C3OCC,1,0.6414368152618408
1,GAT,C1=C3C(=CC=C1\C=C\C(N2CCCCC2)=O)OCO3,1,0.890832245349884
1,GAT,C3=C(CN2CCN(C1=C(OC(C)C)C=CC=C1)CC2)C=CC=C3C(=O)N4CCCCC4.C(C(=O)O)CC(=O)O,1,0.8090300559997559
1,GAT,C[C@H]1C[C@H]2[C@@H]3CC[C@](O)(C(=O)CO)[C@@]3(C)C[C@H](O)[C@@H]2[C@@]4(C)C=CC(=O)C=C14,0,0.5598318576812744
1,GAT,C[C@]12C[C@H](O)[C@H]3[C@@H](CCC4=CC(=O)C=C[C@]34C)[C@@H]1CC[C@]2(O)C(=O)CO,0,0.47882068157196045
1,GAT,[C@@]4([C@@]3([C@H]([C@H]2[C@@H]([C@@]1(C(=CC(=O)C=C1)C[C@H]2Cl)C)[C@H](C3)O)C[C@H]4C)C)(C(COC(CC)=O)=O)OC(CC)=O,1,0.43187958002090454
1,GAT,[C@@]4([C@@]3([C@H]([C@H]2[C@@H]([C@@]1(C(=CC(=O)C=C1)[C@H](C2)C)C)[C@H](C3)O)CC4)C)(C(COC(C)=O)=O)OC(CC)=O,1,0.7191516757011414
1,GAT,[C@]34([C@H]([C@H]2[C@@H]([C@@]1(C(=CC(=O)C=C1)[C@H](C2)F)C)[C@H](C3)O)C[C@H]([C@@]4(C(COC(C)=O)=O)O)C)C,1,0.5963141918182373
1,GAT,[C@@]4([C@@]3([C@H]([C@H]2[C@@H]([C@@]1(C(=CC(=O)C=C1)CC2)C)[C@H](C3)O)CC4)C)(C(COC(CC)=O)=O)OC(OCC)=O,1,0.7602324485778809
1,GAT,[C@H]34[C@H]2[C@@H]([C@@]1(C(=CC(=O)C=C1)CC2)C)[C@@H](O)C[C@@]3([C@](C(COC(COC(CCCCCCCCCCCCCCCCC)=O)=O)=O)(O)CC4)C,1,0.8795605301856995
1,GAT,[C@]34([C@H]([C@H]2[C@@H]([C@@]1(C(=CC(=O)C=C1)CC2)C)[C@H](C3)O)CC[C@@]4(C(COC(CC(C)(C)C)=O)=O)O)C,1,0.7738555669784546
1,GAT,[C@H]12[C@@]([C@](C(CC)=O)(C)[C@@H](C1)C)(C[C@H](O)[C@H]3[C@H]2CCC4=CC(=O)C=C[C@]34C)C,1,0.6114571690559387
1,GAT,[C@H]24[C@H]1[C@@]([C@](O)([C@@H](C1)C)C(=O)CO)(C[C@H](O)[C@@H]2[C@@]3(C(=CC(=O)C=C3)C[C@H]4Cl)C)C,1,0.18922752141952515
1,GAT,[C@H]24[C@H]1[C@@]([C@@H](C(C(OCCCC)=O)=O)[C@@H](C1)C)(C[C@@H]([C@@H]2[C@@]3(C(=CC(=O)C=C3)[C@H](C4)F)C)O)C,1,0.5050233602523804
1,GAT,[C@H]24[C@H]1[C@@]([C@@H](C(CO)=O)[C@@H](C1)C)(C[C@@H]([C@@H]2[C@@]3(C(=CC(=O)C=C3)[C@H](C4)F)C)O)C,1,0.4886457622051239
1,GAT,[C@H]24[C@H]1[C@@]([C@](C(CO)=O)(O)CC1)(C[C@@H]([C@@H]2[C@@]3(C(=CC(=O)C=C3)[C@H](C4)F)C)O)C,1,0.5588782429695129
1,GAT,[C@H]24[C@H]1[C@@]([C@](C(CO)=O)(O)CC1)(C[C@@H]([C@@H]2[C@@]3(C(=CC(=O)C=C3)[C@H](C4)C)C)O)C,1,0.5698628425598145
1,GAT,[C@H]24[C@H]1[C@@]([C@](C(COC(C)=O)=O)(O)CC1)(C[C@@H]([C@@H]2[C@@]3(C(=CC(=O)C=C3)[C@H](C4)C)C)O)C,1,0.6512436270713806
1,GAT,[C@H]24[C@H]1[C@@]([C@](C(COC(CCC(O)=O)=O)=O)(O)CC1)(C[C@@H]([C@@H]2[C@@]3(C(=CC(=O)C=C3)[C@H](C4)C)C)O)C,1,0.5824981927871704
1,GAT,[C@]12(C(=CC(C=C1)=O)[C@H](C[C@H]3[C@H]4[C@](C[C@@H]([C@H]23)O)([C@](C(=O)CO)(O)[C@@H](C4)C)C)F)C,1,0.33391427993774414
1,GAT,[C@]34([C@H]([C@H]2[C@@H]([C@@]1(C(=CC(=O)C=C1)CC2)C)[C@H](C3)O)CC[C@@]4(C(COC(C)=O)=O)O)C,1,0.7048287987709045
1,GAT,[C@]14([C@@](C(=O)COC(CCC(=O)[O-])=O)(CC[C@H]1[C@@H]3CCC2=CC(C=C[C@@]2([C@H]3[C@H](C4)O)C)=O)O)C.[Na+],1,0.7222075462341309
1,GAT,C1=CC=CC2=C1C(N(CC[S](NC(C)C)(=O)=O)C2=O)=O,1,0.6668211221694946
1,GAT,C1=NC(=NC=C1)N5CCN(CCNC(C23CC4CC(C2)CC(C3)C4)=O)CC5,1,0.9417089819908142
1,GAT,C1=C2C(=CC=C1\C=C\C(C(C)(C)C)O)OCO2,1,0.760322093963623
1,GAT,[C@H]3(CCCC1=C2C(=NC=C1)C=CC(=C2)OC)[C@@H](CNCC3)C=C,1,0.8609568476676941
1,GAT,C1=C(OC)C=CC2=NC=CC(=C12)CCCC3C(CNCC3)C=C,1,0.9086948037147522
1,GAT,N1(Cc2cccc(OCCCNc3ccccn3)c2)CCCCC1,1,0.9362876415252686
1,GAT,C1CN(CCC1)Cc1cccc(c1)OCCCNc1ncccc1,1,0.9362876415252686
1,GAT,C1=C2C(=CC=C1)OC(CCCl)NC2=O,1,0.6458012461662292
1,GAT,CO[C@H]1/C=C/O[C@@]2(C)Oc3c(C)c(O)c4c(O)c(NC(=O)C(=C\C=C\[C@H](C)[C@H](O)[C@@H](C)[C@@H](O)[C@@H](C)[C@H](OC(C)=O)[C@@H]1C)/C)c5n6ccc(C)cc6nc5c4c3C2=O,0,0.13169436156749725
1,GAT,C1=CC(=CC=C1C(CCCN3CCN(C(OC2CCCCC2)=O)CC3)=O)F,1,0.9231062531471252
1,GAT,C1=CC=CC=C1C(CN2CCCC2)OCCC(C)C,1,0.9411567449569702
1,GAT,C1=CC=CC=C1CC(N2CCCC2)CCC,1,0.9511547088623047
1,GAT,C1=C(Cl)C=CC2=C1C(=NCC(=N2)NOCC=C)C3=CC=CC=C3Cl,1,0.8650360107421875
1,GAT,CO/N=C(C(=O)N[C@H]1[C@H]2SCC(=C(N2C1=O)C(O)=O)CSC(=O)c3occc3)/c4csc(N)n4,0,0.14233991503715515
1,GAT,OC[C@@H]1CC[C@@H](O1)n2cnc3C(=O)N=CNc23,0,0.3770163059234619
1,GAT,[C@H]37[C@H]2[C@@]([C@](C(COC(C1=CC(=CC=C1)[S](O)(=O)=O)=O)=O)(O)[C@@H](C2)C)(C[C@@H]([C@@H]3[C@@]4(C(=CC5=C(C4)C=N[N]5C6=CC=CC=C6)C(=C7)C)C)O)C,1,0.4779440462589264
1,GAT,[C@@H]3(N(C1CCC1)C2CCC2)CC4=C(OC3)C(=CC=C4C(=O)N)F,1,0.653134822845459
1,GAT,CN1C(=C(/O)Nc2sc(C)cn2)/C(=O)c3ccccc3[S]1(=O)=O,0,0.37176939845085144
1,GAT,C2=C(C1=C(C=CC1)C=C2)OCC3CNCCO3,1,0.9242826104164124
1,GAT,O=C2\C(=C1\OC=NN1)C=CC=C2,1,0.6397193670272827
1,GAT,CO/N=C(C(=O)N[C@H]1[C@H]2SCC(=C(N2C1=O)C(O)=O)Cn3nnc(C)n3)/c4csc(N)n4,0,0.15119604766368866
1,GAT,CN1C(=O)CC(=O)N(c2ccccc2)c3cc(Cl)ccc13,1,0.8268682956695557
1,GAT,Clc1ccc2NC(=O)CC(=O)N(c3ccccc3)c2c1,1,0.786422610282898
1,GAT,C1=C(C(F)(F)F)C=CC3=C1N(C2=CC=CC=C2)C(CC(N3C)=O)=O,1,0.8622493147850037
1,GAT,OC(=O)C1=C\C(C=CC1=O)=N/Nc2ccc(cc2)[S](=O)(=O)Nc3ccccn3,0,0.4989773631095886
1,GAT,CC(C)(C)c1ccc(cc1)C(O)CCCN2CCC(CC2)C(O)(c3ccccc3)c4ccccc4,0,0.8621109127998352
1,GAT,CC(C)(C(O)=O)c1ccc(cc1)C(O)CCCN2CCC(CC2)C(O)(c3ccccc3)c4ccccc4,0,0.7706876993179321
1,GAT,C(O)C(=O)C4(O)C3(C(C2C(C1(C(=CC(=O)CC1)CC2)C)CC3)CC4)C,1,0.9194080233573914
1,GAT,[C@@]4(OC(=O)CCCC)(C3(C(C2C(C1(C(=CC(=O)CC1)CC2)C)C(O)C3)CC4)C)C(=O)CO,1,0.8725546598434448
1,GAT,CCC(=O)C1(O)CCC2C3CCC4=CC(=O)CCC4(C)C3C(O)CC21C,1,0.8829466104507446
1,GAT,[C@H]15C3=C(CCC2=C1C=CC=C2)C=CC=C3[C@H]4C[C@](C(C)C)(O)CCN4C5,1,0.7170110940933228
1,GAT,NC(N)=NC(=O)c1nc(Cl)c(N)nc1N,1,0.5384108424186707
1,GAT,NC(=O)c1cnccn1,1,0.7229915857315063
1,GAT,CN(C)c1cnccn1,1,0.9020742774009705
1,GAT,[C@@H](O)(/C=C/C1=C(C2=C([N]1C(C)C)C=CC=C2)C3=CC=C(F)C=C3)C[C@H](O)CC(=O)O,1,0.456786185503006
1,GAT,C2=C(C1=C(C=CC=C1)[N]2N(CCN(C)C)C)C3=CC=CC=C3,1,0.8857623338699341
1,GAT,C3=C(C(NC1C2CCN(C1)CC2)=O)C(=CC(=C3Cl)N)OCC4CC4,1,0.8223637938499451
1,GAT,COC1C(O)CC(=O)OC(C)C\C=C\C=C\C(OC2CCC(C(C)O2)N(C)C)C(C)CC(CC=O)C1OC3OC(C)C(OC4CC(C)(O)C(O)C(C)O4)C(C3O)N(C)C,0,0.47548967599868774
1,GAT,C1=CC=CC2=C1C3=C(C(=O)N2CCCN(C)C)C=CC=C3,1,0.8472818732261658
1,GAT,CC1(C)S[C@@H]2[C@H](NC(=O)[C@H](NC(=O)C(C)(C)Oc3ccc(Cl)cc3)c4ccccc4)C(=O)N2[C@H]1C(O)=O,0,0.10492776334285736
1,GAT,C3=C(N2CCN(CCCC(C1=CC=C(F)C=C1)O)CC2)C(=CC=C3)OC,1,0.8759055733680725
1,GAT,OC1OC(COCCOC(O)C(Cl)(Cl)Cl)C(OC2OC(COCCOCCOC(O)C(Cl)(Cl)Cl)CC(OC(O)C(Cl)(Cl)Cl)C2O)C(OCCOCCOC(O)C(Cl)(Cl)Cl)C1O,1,0.47261953353881836
1,GAT,[C@@H]3(C1=C(C=C2C(=C1OC)OCO2)CCN3C)[C@@H]5C4=C(C(=C(OC)C=C4)OC)C(O5)=O,1,0.2530498206615448
1,GAT,[C@]3(C1=CC=CC=C1)(C(C2=C(C=CC=C2)CC3)=O)CCN(C)C,1,0.9163464903831482
1,GAT,C[C@@H]1CC2=C(CCC(=O)C2)[C@H]3CC[C@@]4(C)[C@@H](CC[C@@]4(O)C#C)[C@H]13,1,0.3388121426105499
1,GAT,CN1CCN(CC1)c2cc3N(C=C(C(O)=O)C(=O)c3cc2F)c4ccc(F)cc4,0,0.7196953296661377
1,GAT,C1=CC=CC2=C1C(N(C2=O)C3=NC4=C(C=C3)C=CC(=N4)Cl)CC(=O)N6CCC5(OCCO5)CC6,1,0.8247897028923035
1,GAT,COc1cccc2C(=O)c3c(O)c4CC(O)(CC(O)c4c(O)c3C(=O)c12)C(=O)CO,0,0.24394123256206512
1,GAT,c1ccc2Oc3c(cc(cc3)Cl)[C@@H]3[C@@H](c2c1)C[N@](CC3)C,1,0.7379264235496521
1,GAT,c1ccc2Oc3c(cc(cc3)Cl)[C@@H]3[C@@H](c2c1)CNCC3,1,0.7197701930999756
1,GAT,CO/N=C(C(=O)N[C@H]1[C@H]2SCC(=C(N2C1=O)C(O)=O)CSc3snnc3)/c4csc(N)n4,0,0.14131204783916473
1,GAT,[C@H]13[C@H](C[C@@H]1C2=CC=C(F)C=C2)CN(C3)CCN4C(=O)C5=C(NC4=O)C=CC=C5,1,0.6586496233940125
1,GAT,C1=C(Cl)C=CC4=C1N(CCCN3CCC(N2CCCCC2)(CC3)C(N)=O)C5=C(CC4)C=CC=C5,1,0.9431837201118469
1,GAT,C1=CC=CC4=C1N(CCCN3CCC(N2CCCCC2)(CC3)C(N)=O)C5=C(CC4)C=CC=C5,1,0.9457802176475525
1,GAT,C1=C(C(F)(F)F)C=CC=C1C2=CCN(CC2)CCC4=CC3=CC=CC=C3C=C4,1,0.9207175374031067
1,GAT,C2=C(C(OC1=CC=C(C=C1)C(F)(F)F)CCNC)C=CC=C2,1,0.900597095489502
1,GAT,C1=CC=CC=C1C(OC2=CC=CC=C2OC)CCNC,1,0.8786154389381409
1,GAT,NCCC(Oc1ccc(cc1)C(F)(F)F)c2ccccc2,1,0.8950960040092468
1,GAT,[C@H](OC1=C(C=CC=C1)C)(C2=CC=CC=C2)CCNC,1,0.815353512763977
1,GAT,COC1CC(OC(C)C1O)O[C@H]2[C@H](C)[C@@H](OC3OC(C)CC(C3O)N(C)C)[C@@H](C)C[C@]4(CO4)C(=O)[C@H](C)[C@@H](O)[C@@H](C)[C@@H](C)OC(=O)[C@@H]2C,0,0.09062111377716064
1,GAT,C1=C(C=CC=C1)C(C2=CC=CC=C2)(C3NCCCC3)O,1,0.8726837635040283
1,GAT,C3=C2C([NH2+]CCCCCCC(O)=O)C1=CC=CC=C1CCC2=CC=C3.[Cl-],1,0.8397622108459473
1,GAT,C1=CC=CC3=C1C(C2=C(C=CC=C2)CC3)C(N)=O,1,0.7221543192863464
1,GAT,CN(C)C(=O)COC2c1ccccc1CCc3ccccc23,1,0.8773520588874817
1,GAT,C1=CC=CC3=C1C(C2=CC=CC=C2CC3)CC(CN(C)C)C,1,0.9025910496711731
1,GAT,CC1(C)SC2C(N([C@H](C(=O)NC(=O)CN)c3ccccc3)C(=N)c4ccncc4)C(=O)N2C1C(O)=O,0,0.1468569040298462
1,GAT,[N]14C3=C(C2=C1C=CC(=C2)C)CCCC3NCC4.[H+].[Cl-],1,0.9075227975845337
1,GAT,O=C1Nc2ccccc2N1C3CCN(CCOc4ccccc4)CC3,1,0.8174310326576233
1,GAT,COc1cc(Cc2cnc(N)nc2N)cc(OC)c1OC,1,0.8501154780387878
1,GAT,[C@@]12(C3=C(NC(CN1C[C@H](O2)C)=O)C=CC(=C3)Cl)C4=CC=CC=C4,1,0.8395692110061646
1,GAT,C1CCN(CC1)Cc1cccc(c1)OCCCNC(=O)C,1,0.9442090392112732
1,GAT,C1CCN(CC1)Cc1cc(OCCCO)ccc1,1,0.9393250942230225
1,GAT,C1CN(CCC1)Cc1cccc(c1)OCCCNC(=O)C,1,0.9442090392112732
1,GAT,C1CN(CCC1)Cc1cccc(c1)OCCCO,1,0.9393250942230225
1,GAT,C1=C(F)C=CC3=C1C=C(SCCNC)C2=CC=CC=C2O3,1,0.860262930393219
1,GAT,C2=C(CC1=CN=C[NH]1)C(=C(C=C2)C)C,1,0.8961844444274902
1,GAT,[Br-].CN(C)C(=O)Oc1ccc[n+](C)c1,1,0.8293672800064087
1,GAT,C1=CC=CC2=C1C(C3=NCCCN23)(C4=CC=CC(=C4)Cl)O,1,0.8880090713500977
1,GAT,[C@H]2(C1=CC(=C(OC)C=C1CCN(C2)C)OC)C3=CC=CC=C3,1,0.847233235836029
1,GAT,C1=CC=CC(=C1N2C(=NC3=C(C2=O)C=CC=C3)\C=C\C4=NC=CC=C4)C,1,0.7438384890556335
1,GAT,CC14C5(C(CC1C3C(C2(C(=CC(=O)CC2)CC3)C)CC4)OC(O5)(C)C)C(C)=O,1,0.9445244669914246
1,GAT,C1=CN=CC=C1C(NNCCC(NCC2=CC=CC=C2)=O)=O,1,0.8218509554862976
1,GAT,C2=C(C1C(NCCN1)=O)SC=C2,1,0.6801592707633972
1,GAT,CC(C)[C@H](NC(=O)N(C)Cc1csc(n1)C(C)C)C(=O)N[C@H](C[C@H](O)[C@H](Cc2ccccc2)NC(=O)OCc3scnc3)Cc4ccccc4,0,0.359529048204422
1,GAT,C1CCCCC1,1,0.9866572022438049
1,GAT,NCC1(CCCCC1)CC(O)=O,1,0.8679963946342468
1,GAT,ClCCN(N=O)C(=O)NC1CCCCC1,1,0.8115277886390686
1,GAT,NC(=O)OC1(CCCCC1)C#C,1,0.9158197045326233
1,GAT,NC(=O)OC1(CCCCC1)CC#C,1,0.9244479537010193
1,GAT,C(C1CCCCC1)NN,1,0.9624966979026794
1,GAT,CC(C(C1CCCCC1)O)C,1,0.589625895023346
1,GAT,C(C1CCCCC1)CC(OCCN(C)C)=O,1,0.9623169302940369
1,GAT,C(C(C1CCCCC1)OC(N)=O)C,1,0.8894867300987244
1,GAT,CCOC(=O)C1(CCN(C)CC1)c2ccccc2,1,0.9450449347496033
1,GAT,[H+].[Cl-].CCOC(=O)C1(CCN(C)CC1)c2ccccc2,1,0.9425281286239624
1,GAT,[C@]2(C1=CC=CC=C1)([C@H](CN(C)CC2)CC)OC(CC)=O,1,0.9193016290664673
1,GAT,C1=C(C=CC=C1C2(CCN(C)CC2)C(CC)=O)O,1,0.8812097907066345
1,GAT,[C@]2(C1=CC(=CC=C1)O)([C@H](CN(C)CC2)C)CCC,1,0.8471382856369019
1,GAT,C1=CC=CC=C1C2(C(N(CC)C)=O)CCN(CCCCCC)CC2,1,0.9582048058509827
1,GAT,C2=C(C1(C(CN(C)CC1)C)OC(CC)=O)C=CC=C2,1,0.9360294342041016
1,GAT,C2=C(C1(C(OCC)=O)CCN(C)CC1)C=CC=C2O,1,0.8773258328437805
1,GAT,[H+].C2=C(C1(C(N(C)C)C=CCC1)C(OCC)=O)C=CC=C2.[Cl-],1,0.9187469482421875
1,GAT,OC1=C(C2CCC(CC2)c3ccc(Cl)cc3)C(=O)C(=O)c4ccccc14,0,0.5263760089874268
1,GAT,C4=C3C(N(C1=CC=C2C(=N1)N=C(Cl)C=C2)C(=O)C3=CC=C4)CC(CCC(C)C)=O,1,0.7463064193725586
1,GAT,C1=CC(=CC=C1C23C(C(=O)NC2=O)C3)Cl,1,0.7193759083747864
1,GAT,CC(=O)O[C@@]12CO[C@@H]1C[C@H](O)[C@]3(C)[C@@H]2[C@H](OC(=O)c4ccccc4)[C@]5(O)C[C@H](OC(=O)[C@H](O)[C@@H](NC(=O)OC(C)(C)C)c6ccccc6)C(=C([C@@H](O)C3=O)C5(C)C)C,0,0.23538203537464142
1,GAT,CC1(C)S[C@@H]2[C@H](NC(=O)[C@@H](N=Cc3occc3)c4ccc(O)cc4)C(=O)N2[C@H]1C(O)=O,0,0.045720357447862625
1,GAT,COc1ccc2nccc([C@H](O)[C@H]3C[C@@H]4CCN3C[C@@H]4C=C)c2c1,1,0.4918924570083618
1,GAT,CN(C)CCC(c1ccccc1)c2ccccn2,0,0.8956496715545654
1,GAT,CN(C)CCOC(C)(c1ccccc1)c2ccccn2,1,0.9258278608322144
1,GAT,CN(C)CCOC(C)(c1ccccc1)c2ccccn2.OC(=O)CCC(O)=O,1,0.7760005593299866
1,GAT,CC(=O)OCC1=C(N2[C@H](SC1)[C@H](NC(=O)CSc3ccncc3)C2=O)C(O)=O,0,0.09903351962566376
1,GAT,CC(=O)[C@H]1CC[C@H]2[C@@H]3CC[C@@H]4C[C@H](O)CC[C@]4(C)[C@H]3CC[C@]12C,1,0.6763196587562561
1,GAT,C[C@H]1O[C@@H](O[C@@H]\2C[C@@H]3O[C@](O)(C[C@@H](O)C[C@@H](O)[C@H](O)CC[C@@H](O)C[C@@H](O)CC(=O)O[C@@H](C)[C@H](C)[C@H](O)[C@@H](C)\C=C/C=C\C=C/C=C\C=C/C=C\C=C2)C[C@H](O)[C@H]3C(O)=O)[C@@H](O)[C@@H](N)[C@@H]1O,0,0.07354309409856796
1,GAT,C1=CC(=CC=C1B2OCC(CCC)(C)CO2)C,1,0.9456452131271362
1,GAT,[C@@]23([C@H]([C@H]1[C@H](OC(O1)(C)C)CO2)OC(O3)(C)C)CO[S](N)(=O)=O,1,0.5728713870048523
1,GAT,CCCN(CCc1c2c(c(cc1)O)NC(=O)C2)CCC,1,0.8311764001846313
1,GAT,CCCN(CCc1c2c(ccc1)NC(=O)C2)CCC,1,0.9329155683517456
1,GAT,C1C(Nc2c1c(ccc2)CCN(CCC)CCC)=O,1,0.9329155683517456
1,GAT,C1C(Nc2c1c(ccc2O)CCN(CCC)CCC)=O,1,0.8311764001846313
1,GAT,C2=C(C1=C(NC(C1)=O)C=C2)CCN(CCC)CCC,1,0.9329155683517456
1,GAT,C1=CC=CC3=C1N(C2=C(C=CC=C2)[S]3(=O)=O)CC(CN(C)C)C,1,0.8365308046340942
1,GAT,C1=C(C(=CC=C1C#N)OC)C(NCCN3CCC(C(C2=CC=C(F)C=C2)=O)CC3)=O,1,0.8295494318008423
1,GAT,C1=CC=CC2=C1N(C(CO2)=O)CC(N)=O,1,0.850657045841217
1,GAT,[C@@H]1(CCCO1)[C@@H](CC2=CC=CC=C2)NCC,1,0.846035361289978
1,GAT,CC(C)(C)OC(=O)C1=C2CN(C(=O)C3=C(N2C=N1)C=CS3)C,1,0.7787392735481262
1,GAT,CN1Cc2n(cnc2C(=O)OC(C)(C)C)c3ccsc3C1=O,1,0.7787392735481262
1,GAT,CC(C)N1CCN(CC1)c2ccc(OC[C@H]3CO[C@@](Cn4cncn4)(O3)c5ccc(Cl)cc5Cl)cc2,0,0.9035061001777649
1,GAT,C3=C(C1=CCN(CCC)CC1)C2=CC(=CC=C2[NH]3)Cl,1,0.9093958139419556
1,GAT,C1=CC=CC3=C1C2(C(NC(=O)CC2)=O)CCC3=O,1,0.877988874912262
1,GAT,C1=C(Cl)C=CC2=C1C3(N(CC(=O)N2C)C(C=C(O3)C)=O)C4=CC=CC=C4,1,0.8619536757469177
1,GAT,[C@]14([C@H]([C@H]3[C@](F)([C@@H](O)C1)[C@@]2(C(=CC(=O)C=C2)CC3)C)C[C@@H]6[C@]4(CC5=CC=CC=C5C6)C(=O)CO)C.O,1,0.7315205335617065
1,GAT,C1=C(C=CC=C1N3C(N(CCN2CC(C)(C)C2)CC3)=O)Cl,1,0.9172326326370239
1,GAT,C1=CC=CC3=C1C4=C(C2=C(C=CC=C2)O3)CCN(CC4)C,1,0.9067412614822388
1,GAT,[H+].C1=CC3=C([N]1N(C2=CC=NC=C2)CCC)C=CC=C3.[Cl-],1,0.88074791431427
1,GAT,[C@@H]45N([C@@H](CC(NC(=O)C1=CN(C2=C(C1=O)C=CC=C2)C3CCCCC3)C4)CC5)C,1,0.7336540818214417
1,GAT,c1(ccc(c(c1)Cl)Cl)CC(N1[C@H](CN2CCCC2)c2n(CC1)ccn2)=O,1,0.8357875347137451
1,GAT,c1(ccc(c(c1)Cl)Cl)CC(N1[C@H](C[N@@]2C[C@@H](CC2)O)c2n(CC1)ccn2)=O,0,0.7171874046325684
1,GAT,[C@@H]23[C@H]([C@H]1[C@]([C@@H](C(C)=O)CC1)(C)CC2=O)CC[C@@H]4[C@@]3(CC[C@H](C4)O)C,1,0.6484269499778748
1,GAT,CC[C@H]1OC(=O)[C@H](C)[C@@H](O[C@H]2C[C@@](C)(OC)[C@@H](O)[C@H](C)O2)[C@H](C)[C@@H](O[C@@H]3O[C@H](C)C[C@@H]([C@H]3O)N(C)C)[C@](C)(O)C[C@@H](C)\C(=N\OCOCCOC)[C@H](C)[C@@H](O)[C@]1(C)O,0,0.12310247123241425
1,GAT,C1=C(C(=C(C(=N1)C)O)CO)CSSCC2=CN=C(C(=C2CO)O)C,1,0.4703899025917053
1,GAT,CC(CN(C)C)CN1c2ccccc2CCc3ccccc13,1,0.9161936044692993
1,GAT,N1(c2c(CCc3c1cccc3)cccc2)CCCN,1,0.9205352663993835
1,GAT,CN(C)CCCN1c2ccccc2CCc3ccc(Cl)cc13,1,0.9244650602340698
1,GAT,CNCCCN1c2ccccc2CCc3ccccc13,1,0.9239098429679871
1,GAT,CN(C)CCCN1c2ccccc2CCc3ccccc13,1,0.9287688732147217
1,GAT,C1=CC=CC2=C1N(C3=C(CC2)C=CC=C3)CCC[N+](C)(C)[O-],1,0.9289985299110413
1,GAT,C1=C(C#N)C=CC3=C1N(C2=C(C=CC=C2)CC3)CCCN(C)C,1,0.916414201259613
1,GAT,C1=CC=CC2=C1C(CC3=C(N2C)C=CC=C3)NC,1,0.8708756566047668
1,GAT,C1=CC=CC2=C1N(C3=C(CC2)C=CC=C3)CCCN(C)C,1,0.9287688732147217
1,GAT,CC1(C)N[C@@H](C(=O)N1[C@H]2[C@H]3SC(C)(C)[C@@H](N3C2=O)C(O)=O)c4ccccc4,0,0.06018190085887909
1,GAT,C1=CC(=C5C2=C1CC6C34C2(C(C(OC)(C(C3)C(CC)(C)O)C=C4)O5)CCN6CC7CC7)OC,1,0.9215870499610901
1,GAT,Fc1ccc(cc1)C(=O)CCCN2CCC(CC2)C(=O)c3ccc(F)cc3,1,0.8769832849502563
1,GAT,C3=C(C(C2CCN(CCCC(C1=CC=C(F)C=C1)=O)CC2)=O)C=CC(=C3)Cl,1,0.8745377659797668
2,GCN,c1(cc(c(cc1)Cl)Cl)CC(N1CCCC[C@H]1CN1CCCC1)=O,1,0.9199466705322266
2,GCN,c1(ccc(cc1)C(F)(F)F)CC(N1[C@@H](CCCC1)CN1CCCC1)=O,1,0.9599236845970154
2,GCN,OC1(CCN(CCCC(=O)c2ccc(F)cc2)CC1)c3cccc(c3)C(F)(F)F,1,0.9430178999900818
2,GCN,OC1(CCN(CCCC(=O)c2ccc(F)cc2)CC1)c3ccc(Br)cc3,1,0.8888299465179443
2,GCN,OC1(CCN(CCCC(=O)c2ccc(F)cc2)CC1)c3ccc(Cl)cc3,1,0.8871721029281616
2,GCN,Cc1ccc(cc1)C2(O)CCN(CCCC(=O)c3ccc(F)cc3)CC2,1,0.8806177377700806
2,GCN,C1=CC=CC=C1C3(CCN(CCCC(C2=CC=C(F)C=C2)=O)CC3)CNC(C)=O,1,0.9018967151641846
2,GCN,C1=C(C(=CC=C1C3(CCN(CCCC(C2=CC=C(F)C=C2)=O)CC3)O)Cl)C(F)(F)F,1,0.9442993998527527
2,GCN,C1=CC(=CC=C1C3(CCN(CCCC(C2=CC=C(C=C2)F)=O)CC3)OC(CCCCCCCCC)=O)Cl,1,0.9424262046813965
2,GCN,C1=CC(=CC=C1C3(CCN(CCCC(C2=CC=C(F)C=C2)=O)CC3)C(N(C)C)=O)Cl,1,0.930152177810669
2,GCN,C1=CC(=CC=C1C3(CCN(CCCC(C2=CC=C(C=C2)F)=O)CC3)OC(CCCCCCCCC)=O)Br,1,0.9430583715438843
2,GCN,CCCN1C[C@H](CSC)C[C@H]2[C@H]1Cc3c[nH]c4cccc2c34,1,0.8757964372634888
2,GCN,[C@@H]34C1=CC=CC2=C1C(=C[NH]2)C[C@H]3N(C[C@@H](C4)C(N(C(NCC)=O)CCCN(C)C)=O)CC=C,1,0.8904632329940796
2,GCN,[C@@H]34C1=CC=CC2=C1C(=C[NH]2)C[C@H]3N(C[C@H](C4)N[S](N(CC)CC)(=O)=O)C,1,0.7633882761001587
2,GCN,[C@@H]34C1=CC=CC2=C1C(=C[N]2C)C[C@H]3N(C[C@H](C4)N[S](N(C)C)(=O)=O)C,1,0.8000662326812744
2,GCN,[C@@H]34C1=CC=CC2=C1C(=C[NH]2)C[C@H]3N(C[C@H](C4)NC(N(CC)CC)=O)C,1,0.835185170173645
2,GCN,C1=C[NH]C2=C1C(=NC=N2)NCCCCCCCCC,1,0.8654302954673767
2,GCN,C1=NC(=NC=C1)N5CCN(CCNC(C23CC4CC(C2)CC(C3)C4)=O)CC5,1,0.9165138006210327
2,GCN,C2=C(CN(C(=C(SC(=O)C1=CC=CO1)\CCOC(=O)COC(=O)C)/C)C=O)C(=NC(=N2)C)N,1,0.7666318416595459
2,GCN,C1=CC(=CC(=C1NC(OCC)=O)N)NCC2=CC=C(C=C2)F,1,0.7978367805480957
2,GCN,C2=C(C1=CC=CC=C1)ON=C2C(CN3CCCCC3)O,1,0.8009402751922607
2,GCN,Fc1ccc(cc1)C(CCCN2CCC(CC2)N3C(=O)Nc4ccccc34)c5ccc(F)cc5,1,0.9131507277488708
2,GCN,Fc1ccc(cc1)C(CCCN2CCC(CC2)N3C(=O)Nc4cc(Cl)ccc34)c5ccc(F)cc5,1,0.9183712005615234
2,GCN,OC(COc1ccc2OC(=CC(=O)c2c1)C(O)=O)COc3cccc4OC(=CC(=O)c34)C(O)=O,0,0.2933978736400604
2,GCN,IC1=C(N([H])[H])C=CC(C2=NC3=CC=C(O[H])C=C3S2)=C1,1,0.6708317995071411
2,GCN,c12c(nc([nH]1)NC(OC)=O)cc(SCCC)cc2,1,0.7549422979354858
2,GCN,CCCSc1ccc2nc(NC(=O)OC)[nH]c2c1,1,0.7549389004707336
2,GCN,C1=CC=C(C2=C1CC3C(C2)CC(N[S](N(CC)CC)(=O)=O)CN3CCC)O,1,0.8753089308738708
2,GCN,CC1CCCC1,1,0.9856294989585876
2,GCN,C4=C3C(N(C1=CC=C2C(=N1)N=C(Cl)C=C2)C(=O)C3=CC=C4)CC(CCC(C)C)=O,1,0.9001113772392273
2,GCN,CC#C[C@]1(O)CC[C@H]2[C@@H]3CCC4=CC(=O)CCC4=C3[C@H](C[C@]12C)c5ccc(cc5)N(C)C,0,0.8667364120483398
2,GCN,CC(=O)OCC1=C(N2[C@H](SC1)[C@H](NC(=O)CCC[C@@H](N)C(O)=O)C2=O)C(O)=O,0,0.08413707464933395
2,GCN,C1=C(C3=C(N=C1N2CCN(CC)CC2)CCCCCC3)C4=CC=C(F)C=C4,1,0.9577328562736511
2,GCN,[Ca++].NC1=NC(=O)C2=C(NCC(CNc3ccc(cc3)C(=O)N[C@@H](CCC([O-])=O)C([O-])=O)N2C=O)N1,1,0.6453819870948792
2,GCN,C2=C(N1C(N(CCN(C)C)CC1)=O)C=CC=C2Cl,1,0.9666035771369934
2,GCN,[C@@]24(Cl)C1(C(=CC(=O)C=C1)[C@@H](F)CC2C3C(C([C@@H](C3)C)C(=O)CO)(CC4O)C)C,1,0.9728314876556396
2,GCN,[C@@]24(Cl)C1(C(=CC(=O)C=C1)[C@@H](F)CC2C3C(C([C@@H](C3)C)C(=O)COC(=O)C(C)(C)C)(CC4O)C)C,1,0.9743536114692688
2,GCN,CC1CC2C3CC(F)(F)C4=CC(=O)C=C[C@]4(C)C3(F)C(O)CC2(C)C1(O)C(=O)CO,1,0.9677625298500061
2,GCN,CC(=O)C3(O)CCC4C2CCC1=CC(=O)C=CC1(C)C2C(O)CC34C,1,0.9599571824073792
2,GCN,[C@@]23(Cl)C(C1C([C@](O)(CC1)C(=O)CO)(CC2Cl)C)CCC4=CC(=O)C=CC34C,1,0.9762499332427979
2,GCN,[C@@]23(Cl)C(C1C([C@](O)(CC1)C(=O)COC(=O)C)(CC2Cl)C)CCC4=CC(=O)C=CC34C,1,0.9769735932350159
2,GCN,[C@@]24(F)C1(C(=CC(=O)C=C1)[C@@H](F)CC2C3C(C([C@@H](C3)C)C(=O)CO)(CC4O)C)C,1,0.9722256660461426
2,GCN,CC3CC2C1CCC(C(C)=O)C1(C)CC(O)C2C4(C)C=CC(=O)C=C34,1,0.9677038788795471
2,GCN,CCCCOC(=O)C(=O)C3C(C)CC4C2CC(F)C1=CC(=O)C=CC1(C)C2C(O)CC34C,1,0.9208499789237976
2,GCN,CCCCCC(=O)OCC(=O)C3C(C)CC4C2CC(F)C1=CC(=O)C=CC1(C)C2C(O)CC34C,1,0.9575321674346924
2,GCN,CC4CC3C2CC(F)C1=CC(=O)C=CC1(C)C2(F)C(O)CC3(C)C4(O)C(=O)SCF,1,0.9760178327560425
2,GCN,C(C(C1(CCC2C4C(C(CC12C)O)(F)C3(C=CC(C=C3CC4)=O)C)O)=O)O,1,0.9693254232406616
2,GCN,CCOC(=O)OC3(CCC4C2CCC1=CC(=O)C=CC1(C)C2C(O)CC34C)C(=O)OCCl,1,0.9504652619361877
2,GCN,[C@@]23(Cl)C(C1C([C@](O)([C@@H](C1)C)C(=O)CO)(CC2Cl)C)CCC4=CC(=O)C=CC34C,1,0.9712432026863098
2,GCN,C(C(C4(C3(C(C2C(C1(C(=CC(=O)C=C1)CC2)C)C(C3)O)CC4)C)O)=O)OC(CN(CC)CC)=O,1,0.9540553689002991
2,GCN,[C@@]23(F)C(C1C([C@](O)(C(C1)C)C(=O)CCl)(CC2O)C)CCC4=CC(=O)C=CC34C,1,0.9683713912963867
2,GCN,CC4CC3C2CC(F)(F)C1=CC(=O)C=CC1(C)C2(F)C(O)CC3(C)C4(O)C(=O)COC(C)=O,1,0.9819486737251282
2,GCN,[C@@]4(OC(=O)CCCC)(C3(C(C2C(C1(C(=CC(=O)C=C1)C(F)C2)C)C(O)C3)CC4)C)C(=O)CO,1,0.9460675716400146
2,GCN,C(C)CCC(=O)OC3(CCC4C2CCC1=CC(=O)C=CC1(C)C2C(O)CC34C)C(=O)CO,1,0.9546617269515991
2,GCN,[C@]14([C@](OC(=O)CC)([C@@H](CC1C3[C@@](F)(C2(C(=CC(=O)C=C2)[C@@H](F)C3)C)[C@@H](O)C4)C)C(SC)=O)C,1,0.9509905576705933
2,GCN,CSC(=O)C3(O)C(C)CC4C2CCC1=CC(=O)C=CC1(C)C2(F)C(O)CC34C,1,0.9688855409622192
2,GCN,CC4CC3C2CC(F)C1=CC(=O)C=CC1(C)C2(F)C(O)CC3(C)C4(O)C(=O)CCl,1,0.9841496348381042
2,GCN,C1=C(Cl)C=CC4=C1C3C2=CC=CC=C2CCN3CC(=O)N4C,1,0.9710822105407715
2,GCN,[C@@H]3(CN(CCC=C(C1=C(C=CS1)C)C2=C(C=CS2)C)CCC3)C(O)=O,1,0.7672033905982971
2,GCN,CC1(C)S[C@@H]2[C@H](NC(=O)[C@H](N)c3ccccc3)C(=O)N2[C@H]1C(O)=O.CC4(C)[C@@H](N5[C@@H](CC5=O)[S]4(=O)=O)C(O)=O,0,0.02511177770793438
2,GCN,[H+].C1=CC=CC2=C1N(C3=C(CC2)C=CC=C3)CCCN(CC(=O)C4=CC=C(Cl)C=C4)C.[Cl-],1,0.9157760739326477
2,GCN,CO\N=C(C(=O)NC1[C@H]2SCC(=C(N2C1=O)C(O)=O)\C=C/c3scnc3C)\c4csc(N)n4,0,0.23359574377536774
2,GCN,C1=C(Cl)C=CC3=C1N(C2=CC=CC=C2)C(CCN3)=O,1,0.9484030604362488
2,GCN,C1=C(Cl)C=CC3=C1N(C2=CC=CC=C2)C(CCN3C(OCC)=O)=O,1,0.9590319395065308
2,GCN,C1=CC=CC2=C1C(N3C2=NCC3)(C4=CC=C(C=C4)Cl)O,1,0.9386438131332397
2,GCN,[C@H](C1=CC=CC=C1)([C@@H]2CNCCO2)OC3=CC=CC=C3OCC,1,0.6469056606292725
2,GCN,C1=CC=CC2=C1C3=C(C2)CCOC3(CCN(C)C)C,1,0.9806596636772156
2,GCN,CCOC(=O)N1CCC(CC1)=C2c3ccc(Cl)cc3CCc4cccnc24,0,0.9571118950843811
2,GCN,C1=CC(=CC2=C1C(C3=C(CC2)C=CC=N3)=C4CCN(C(OCC)=O)CC4)Cl,1,0.9571118950843811
2,GCN,[H+].C4=C(N3CCN(CCCN1N=C(N(C1=O)CCOC2=CC=CC=C2)CC)CC3)C=CC=C4Cl.[Cl-],1,0.8654338717460632
2,GCN,C1=CC=CC3=C1C(C2=CC=CC=C2)OCCN(C3)C,1,0.9546605348587036
2,GCN,C1=CC(=CC2=C1C(=NO2)C5CCN(CCC3=C(N=C4N(C3=O)C=CC=C4C)C)CC5)F,1,0.9136178493499756
2,GCN,[C@H]12C([C@@](O)(CC1)C#C)(CC[C@H]3C2CCC4=CC5=C(CC34C)C=N[N]5C6=CC=C(F)C=C6)C,1,0.9582294821739197
2,GCN,[C@@H](CN2CCN(C1=CC=CC=CC1=O)CC2)(C3=CC(=C(OC)C=C3)OC)O,1,0.7670944929122925
2,GCN,C1=C(OC)C(=CC2=C1C(=NN=C(C2)C)C3=CC=CC(=C3)Cl)OC,1,0.9460507035255432
2,GCN,C1=C(OC)C(=CC2=C1C(=NN=C(C2CC)C)C3=CC=C(C(=C3)OC)OC)OC,1,0.9277867674827576
2,GCN,C2=C1C(=NN=C(CC1=CC(=C2OC)OC)C)C3=CC=C(N)C=C3,1,0.9250594973564148
2,GCN,C1=C3C(=CC=C1\C=C\C(N2CCCCC2)=O)OCO3,1,0.8831595778465271
2,GCN,C1=C(OC)C(=CC2=C1[S](OC(C2)C(NC(CC(N(C)C)(C)C)C)=O)(=O)=O)OC,1,0.792610228061676
2,GCN,CN1C(=C(\O)Nc2ccccn2)/C(=O)c3sccc3[S]1(=O)=O,0,0.2170840948820114
2,GCN,C1=CC=CC(=C1N3CCN(CCCOC2=CC=CC=N2)CC3)C,1,0.8988643884658813
2,GCN,CC(C)(C)NC(=O)[C@@H]1C[C@@H]2CCCC[C@@H]2CN1C[C@@H](O)[C@H](Cc3ccccc3)NC(=O)[C@H](CC(N)=O)NC(=O)c4ccc5ccccc5n4,0,0.4937959611415863
2,GCN,CC(C)CC1C(=O)NC(C(=O)N2CCCC2C(=O)NC(C(=O)NC(C(=O)NC(C(=O)NC(C(=O)N3CCCC3C(=O)NC(C(=O)NC(C(=O)N1)CCCN)C(C)C)CC4=CC=CC=C4)CC(C)C)CCCN)C(C)C)CC5=CC=CC=C5,0,0.8795103430747986
2,GCN,O=C2CC1(CCCC1)CC(=O)N2CCNCC4COc3ccccc3O4,1,0.9300975799560547
2,GCN,[N]12C(=CC=C1)C4N(C3=C(C2)C=CC=C3)CCN(C4)C.O=C(O)\C=C/C(=O)O,1,0.840916097164154
2,GCN,[C@@]45([C@@]3([C@H]([C@H]2[C@]([C@@]1(C(=CC(=O)C=C1)CC2)C)(F)[C@H](C3)O)C[C@H]4OC(O5)(C)C)C)C(COC(C(CNC(C6=CC=CC=C6)=O)C)=O)=O,1,0.8984634280204773
2,GCN,CC1(C)S[C@@H]2[C@H](NC(=O)C(C(=O)Oc3ccccc3)c4ccccc4)C(=O)N2[C@H]1C(O)=O,0,0.041173018515110016
2,GCN,c1c2CCOc2c(cc1OC)CN[C@@H]1CCCN[C@H]1c1ccccc1,1,0.7195008993148804
2,GCN,OC(Cn1cncn1)(Cn2cncn2)c3ccc(F)cc3F,1,0.38925835490226746
2,GCN,C1=C(C(=CC(=C1[S](NC)(=O)=O)N)OC)C(NCC2N(CCC2)CC=C)=O,1,0.6741568446159363
2,GCN,C1=C([S](CC)(=O)=O)C(=CC(=C1C(NCC2N(CCC2)CC)=O)OC)N,1,0.8070195317268372
2,GCN,C1=C(C(C)=O)C=CC(=C1C(NCC2N(CCC2)CC)=O)OC,1,0.8833685517311096
2,GCN,C1=C(C(=CC=C1[S](N)(=O)=O)OC)C(NCC2N(CCC2)C)=O,1,0.7747020125389099
2,GCN,C1=C([S](CC)(=O)=O)C=CC(=C1C(NCC2N(CCC2)CC)=O)OC,1,0.8236600160598755
2,GCN,C1=C([S](N)(=O)=O)C=C(C(=C1C(NCC2N(CCC2)CC=C)=O)OC)OC,1,0.7663459181785583
2,GCN,C1=C([S](N)(=O)=O)C=CC(=C1C(NCC2N(CCC2)CCC)=O)OC,1,0.7915036082267761
2,GCN,C1=C([S](=O)(=O)N)C=CC(=C1C(NCC2N(CC)CCC2)=O)OC,1,0.7829320430755615
2,GCN,C1=C(C)C=CC3=C1C(=NC2=C(C=CC=C2)S3)N4CCN(C)CC4,1,0.9729544520378113
2,GCN,C1=CC=CC3=C1C(=NC2=CC=CC=C2S3)N4CCN(CCOCCO)CC4,1,0.9425057172775269
2,GCN,C1=C(Cl)C=CC2=C1C(=NC3=C(S2)C=CC=C3)N4CCN(CC4)C,1,0.9748210310935974
2,GCN,C(O)C(=O)C4(O)C3(C(C2C(C1(C(=CC(=O)CC1)CC2)C)CC3)CC4)C,1,0.9690161347389221
2,GCN,[C@@]4(OC(=O)CCCC)(C3(C(C2C(C1(C(=CC(=O)CC1)CC2)C)C(O)C3)CC4)C)C(=O)CO,1,0.9388371706008911
2,GCN,CCC(=O)C1(O)CCC2C3CCC4=CC(=O)CCC4(C)C3C(O)CC21C,1,0.967322051525116
2,GCN,C1=C(C(=C(C=C1\C=C\C(N2CCCCCCC2)=O)OC)OC)OC,1,0.9089600443840027
2,GCN,CC1(C)S[C@@H]2[C@H](NC(=O)c3nc4ccccc4nc3C(O)=O)C(=O)N2[C@H]1C(O)=O,0,0.03180675953626633
2,GCN,C(C1=NC2=C([N]1C)C(N(C)C(N2C)=O)=O)CCN3CCN(C(N(CC)CC)=O)CC3,1,0.9430104494094849
2,GCN,C1=CSC2=C1N(C3=C(C=C2)C=CC=C3)CCCN(C)C,1,0.9617457389831543
2,GCN,Cn1c2CCC(Cn3ccnc3C)C(=O)c2c4ccccc14,1,0.8733646273612976
2,GCN,c1ccc2Oc3c(cc(cc3)Cl)[C@@H]3[C@@H](c2c1)C[N@](CC3)C,1,0.9274288415908813
2,GCN,c1ccc2Oc3c(cc(cc3)Cl)[C@@H]3[C@@H](c2c1)CNCC3,1,0.8153623938560486
2,GCN,[H+].[H+].[Cl-].[Cl-].OCCN1CCCN(CCCN2c3ccccc3Sc4cc(ccc24)C(F)(F)F)CC1,1,0.9469760060310364
2,GCN,C1=C(C(F)(F)F)C=CC3=C1N(C2=C(C=CC=C2)S3)CCCN4CCN(CCO)CCC4,1,0.9671749472618103
2,GCN,[C@@]34(F)C(C2C(C1(N=C(OC1C2)C)C(=O)COC(=O)C)(CC3O)C)CCC5=CC(=O)C=CC45C,1,0.9815043807029724
2,GCN,Oc1ccc(cc1)C2(OC(=O)c3ccccc23)c4ccc(O)cc4,0,0.8256338834762573
2,GCN,[Cl-].NC12CC3CC(CC(C3)C1)C2.[H+],1,0.9678332805633545
2,GCN,CC12CC3(CC(C1)(CC(C2)C3)N)C,1,0.9916127920150757
2,GCN,[C@@H]4(C1=C2C(=CC(=C1)Br)CCO2)C3=C(C=C(Cl)C(=C3)O)CCN(C4)C,1,0.9058700799942017
2,GCN,[C@@H]4(C1=CC=CC2=C1OCC2)C3=CC(=C(Cl)C=C3CCN(C4)C)O.CC(=O)O,1,0.8460322022438049
2,GCN,[C@H](O)(/C=C/C1=C(C3=C(OC12CCCC2)C=CC=C3)C4=CC=C(F)C=C4)C[C@H](O)CC(OCC)=O,1,0.8878524303436279
2,GCN,CC/C(c1ccccc1)=C(c2ccccc2)/c3ccc(OCCN(C)C)cc3,1,0.9184505343437195
2,GCN,C1=C(C=CC=C1N3CCN(CCC2=N[NH]C(=C2)C)CC3)C,1,0.8663838505744934
2,GCN,C1=C(C=CC=C1N3CCN(CCC2=N[NH]C(=C2)C)CC3)Cl,1,0.8752558827400208
2,GCN,CC1(C)S[C@@H]2[C@H](NC(=O)C(C(=O)Oc3ccc4CCCc4c3)c5ccccc5)C(=O)N2[C@H]1C(O)=O,0,0.07065432518720627
2,GCN,FC1=CNC(=O)NC1=O,0,0.6842181086540222
2,GCN,CN[C@H]1[C@H](O)[C@@H](O)[C@H](CO)O[C@H]1O[C@H]2[C@@H](O[C@@H](C)[C@]2(O)C=O)O[C@H]3[C@H](O)[C@@H](O)[C@H](N=C(N)N)[C@@H](O)[C@@H]3N=C(N)N,0,0.1030951589345932
2,GCN,CN[C@H]1[C@H](O)[C@@H](O)[C@H](CO)O[C@H]1O[C@H]2[C@@H](O[C@@H](C)[C@]2(O)CO)O[C@@H]3[C@@H](O)[C@H](O)[C@@H](N=C(N)N)[C@H](O)[C@H]3N=C(N)N,0,0.10436840355396271
2,GCN,C4=C(C(C2C(C1=CC=NC=C1)C2)(C3=CC=CC=C3)O)C=CC=C4,1,0.8336013555526733
2,GCN,[C@@H]3(C1=CC=C(Cl)C=C1)[C@H]2CC[C@@H](C2)C34CCC(=N4)N5CCOCC5,1,0.9319280982017517
2,GCN,[C@@H]1(NCCCC1)[C@@H]2OC(OC2)(C3=CC=CC=C3)C4=CC=CC=C4,1,0.7544260621070862
2,GCN,S1[C@H]4N(CC1(C2CN3[C@H](S2)CC3=O)O)C(C4)=O,1,0.8581144213676453
2,GCN,C1=CC(=CC=C1C2(C(CC(C)C)N(C)C)CCC2)Cl,1,0.961340606212616
2,GCN,CC(C)(C)NCC(O)COc1cccc2NC(=O)CCc12,0,0.8392078280448914
2,GCN,CC1(C)S[C@@H]2[C@H](NC(=O)C3(N)CCCCC3)C(=O)N2[C@H]1C(O)=O,0,0.04580540955066681
2,GCN,C1=C(F)C=CC2=C1N4C(CN=C2C3=CC=CS3)CN(C)CC4,1,0.9665019512176514
2,GCN,[C@@]45([C@@]3([C@H]([C@H]2[C@]([C@@]1(C(=CC(=O)C=C1)CC2)C)(F)[C@H](C3)O)C[C@H]4OC6(O5)CCCC6)C)C(COC(C)=O)=O,1,0.939674437046051
2,GCN,CO/N=C(C(=O)N[C@H]1[C@H]2SCC(=C(N2C1=O)C(O)=O)Cn3nnc(C)n3)/c4csc(N)n4,0,0.2075258046388626
2,GCN,COc1cccc2C(=O)c3c(O)c4C[C@](O)(C[C@H](O[C@H]5C[C@H](N)[C@H](O)[C@H](C)O5)c4c(O)c3C(=O)c12)C(=O)CO,0,0.03592180833220482
2,GCN,COc1cccc2C(=O)c3c(O)c4C[C@](O)(C[C@H](O[C@H]5C[C@H](N)[C@H](O)[C@H](C)O5)c4c(O)c3C(=O)c12)C(C)=O,0,0.03938225284218788
2,GCN,[Cl-].CC(=O)[C@@]1(N)C[C@H](O[C@H]2C[C@H](O)[C@H](O)CO2)c3c(O)c4C(=O)c5ccccc5C(=O)c4c(O)c3C1.[H+],0,0.10814755409955978
2,GCN,C[C@@H]1O[C@H](C[C@H](N)[C@@H]1O)O[C@H]2C[C@@](O)(Cc3c(O)c4C(=O)c5ccccc5C(=O)c4c(O)c23)C(C)=O,0,0.07881587743759155
2,GCN,COc1cccc2C(=O)c3c(O)c4C[C@](O)(C[C@H](O[C@H]5C[C@H](NC(=O)[C@@H](N)CC(C)C)[C@H](O)[C@H](C)O5)c4c(O)c3C(=O)c12)C(=O)CO,0,0.06721185892820358
2,GCN,[C@H]5(CN(C(C3=C2C1=CC(=CC=C1CCN2C(=O)C(=C3)C4=CC=CC=C4)Cl)=O)CC5)OCC,1,0.8638142347335815
2,GCN,CC1=C(N2[C@H](SC1)[C@H](NC(=O)Cc3ccc(cc3)C4=NCCCN4)C2=O)C(O)=O,0,0.16156595945358276
2,GCN,CN(C)Cc1ccnc(c2cccc(NC3C([N+]([O-])=O)=CC=N3)c2)c1,1,0.8526991009712219
2,GCN,[C@@H]2(OC1=C(C=CC=C1)CO)O[C@@H]([C@@H](O)[C@@H]([C@H]2O)O)CO,1,0.1605546623468399
2,GCN,C[C@H]1C[C@H]2[C@@H]3CC[C@](O)(C(=O)CO)[C@@]3(C)C[C@H](O)[C@@H]2[C@@]4(C)C=CC(=O)C=C14,0,0.6768767237663269
2,GCN,C[C@]12C[C@H](O)[C@H]3[C@@H](CCC4=CC(=O)C=C[C@]34C)[C@@H]1CC[C@]2(O)C(=O)CO,0,0.48122403025627136
2,GCN,[C@@]4([C@@]3([C@H]([C@H]2[C@@H]([C@@]1(C(=CC(=O)C=C1)C[C@H]2Cl)C)[C@H](C3)O)C[C@H]4C)C)(C(COC(CC)=O)=O)OC(CC)=O,1,0.8942429423332214
2,GCN,[C@@]4([C@@]3([C@H]([C@H]2[C@@H]([C@@]1(C(=CC(=O)C=C1)[C@H](C2)C)C)[C@H](C3)O)CC4)C)(C(COC(C)=O)=O)OC(CC)=O,1,0.7680158019065857
2,GCN,[C@]34([C@H]([C@H]2[C@@H]([C@@]1(C(=CC(=O)C=C1)[C@H](C2)F)C)[C@H](C3)O)C[C@H]([C@@]4(C(COC(C)=O)=O)O)C)C,1,0.734553337097168
2,GCN,[C@@]4([C@@]3([C@H]([C@H]2[C@@H]([C@@]1(C(=CC(=O)C=C1)CC2)C)[C@H](C3)O)CC4)C)(C(COC(CC)=O)=O)OC(OCC)=O,1,0.8316389918327332
2,GCN,[C@H]34[C@H]2[C@@H]([C@@]1(C(=CC(=O)C=C1)CC2)C)[C@@H](O)C[C@@]3([C@](C(COC(COC(CCCCCCCCCCCCCCCCC)=O)=O)=O)(O)CC4)C,1,0.9479106068611145
2,GCN,[C@]34([C@H]([C@H]2[C@@H]([C@@]1(C(=CC(=O)C=C1)CC2)C)[C@H](C3)O)CC[C@@]4(C(COC(CC(C)(C)C)=O)=O)O)C,1,0.8269916772842407
2,GCN,[C@H]12[C@@]([C@](C(CC)=O)(C)[C@@H](C1)C)(C[C@H](O)[C@H]3[C@H]2CCC4=CC(=O)C=C[C@]34C)C,1,0.8456020355224609
2,GCN,[C@H]24[C@H]1[C@@]([C@](O)([C@@H](C1)C)C(=O)CO)(C[C@H](O)[C@@H]2[C@@]3(C(=CC(=O)C=C3)C[C@H]4Cl)C)C,1,0.8273647427558899
2,GCN,[C@H]24[C@H]1[C@@]([C@@H](C(C(OCCCC)=O)=O)[C@@H](C1)C)(C[C@@H]([C@@H]2[C@@]3(C(=CC(=O)C=C3)[C@H](C4)F)C)O)C,1,0.8758982419967651
2,GCN,[C@H]24[C@H]1[C@@]([C@@H](C(CO)=O)[C@@H](C1)C)(C[C@@H]([C@@H]2[C@@]3(C(=CC(=O)C=C3)[C@H](C4)F)C)O)C,1,0.890912652015686
2,GCN,[C@H]24[C@H]1[C@@]([C@](C(CO)=O)(O)CC1)(C[C@@H]([C@@H]2[C@@]3(C(=CC(=O)C=C3)[C@H](C4)F)C)O)C,1,0.8135846853256226
2,GCN,[C@H]24[C@H]1[C@@]([C@](C(CO)=O)(O)CC1)(C[C@@H]([C@@H]2[C@@]3(C(=CC(=O)C=C3)[C@H](C4)C)C)O)C,1,0.6960086822509766
2,GCN,[C@H]24[C@H]1[C@@]([C@](C(COC(C)=O)=O)(O)CC1)(C[C@@H]([C@@H]2[C@@]3(C(=CC(=O)C=C3)[C@H](C4)C)C)O)C,1,0.759281575679779
2,GCN,[C@H]24[C@H]1[C@@]([C@](C(COC(CCC(O)=O)=O)=O)(O)CC1)(C[C@@H]([C@@H]2[C@@]3(C(=CC(=O)C=C3)[C@H](C4)C)C)O)C,1,0.7183306813240051
2,GCN,[C@]12(C(=CC(C=C1)=O)[C@H](C[C@H]3[C@H]4[C@](C[C@@H]([C@H]23)O)([C@](C(=O)CO)(O)[C@@H](C4)C)C)F)C,1,0.5548144578933716
2,GCN,[C@]34([C@H]([C@H]2[C@@H]([C@@]1(C(=CC(=O)C=C1)CC2)C)[C@H](C3)O)CC[C@@]4(C(COC(C)=O)=O)O)C,1,0.7769870162010193
2,GCN,[C@]14([C@@](C(=O)COC(CCC(=O)[O-])=O)(CC[C@H]1[C@@H]3CCC2=CC(C=C[C@@]2([C@H]3[C@H](C4)O)C)=O)O)C.[Na+],1,0.8013057708740234
2,GCN,C3=C(C2C(COC1=CC=C(OC)C=C1)CN(C)CC2)C=CC=C3,1,0.8999883532524109
2,GCN,CNCC[C@@H](O)[C@@H]1C[C@@H](CN1)SC2=C(N3[C@H]([C@H]2C)[C@@H]([C@@H](C)O)C3=O)C(O)=O,0,0.005947149358689785
2,GCN,C[C@@H](O)[C@@H]1[C@H]2SC(=C(N2C1=O)C(O)=O)SC3CC[S](=O)C3,0,0.013218902051448822
2,GCN,CC1(C)S[C@@H]2[C@H](NC(=O)CCC[C@@H](N)C(O)=O)C(=O)N2[C@H]1C(O)=O,0,0.018458306789398193
2,GCN,CN1CCC(=CC1)c2ccccc2,1,0.9634870886802673
2,GCN,[C@]34([C@H](C2[C@@](F)([C@@]1(C(=CC(=O)C=C1)[C@@H](F)C2)C)[C@@H](O)C3)C[C@H]5OC(O[C@@]45C(=O)COC(=O)C6CC6)(C)C)C,1,0.953561007976532
2,GCN,C3=C(C1=NCCN=C2N(NC(=C12)C)C)C=CC=C3Cl,1,0.9771614670753479
2,GCN,C1=C4C(=CC=C1CN3CCC(NC(NC(C2=CC=CC=C2)=O)=O)CC3)C=CC=C4,1,0.8452636003494263
2,GCN,[C@H](NC(C3=CC=C(NCC1=NC2=C(N=C1)NC(=NC2=O)N)C=C3)=O)(CCC(O)=O)C(O)=O,1,0.4340740740299225
2,GCN,C1=C(Cl)C=CC4=C1N(CCCN3CCC(N2CCCCC2)(CC3)C(N)=O)C5=C(CC4)C=CC=C5,1,0.9613050222396851
2,GCN,C1=CC=CC4=C1N(CCCN3CCC(N2CCCCC2)(CC3)C(N)=O)C5=C(CC4)C=CC=C5,1,0.9594570994377136
2,GCN,Cc1ccc(cc1)[S](=O)(=O)NC(=O)NN2CCCCCC2,0,0.7148975133895874
2,GCN,OC1OC(COCCOC(O)C(Cl)(Cl)Cl)C(OC2OC(COCCOCCOC(O)C(Cl)(Cl)Cl)CC(OC(O)C(Cl)(Cl)Cl)C2O)C(OCCOCCOC(O)C(Cl)(Cl)Cl)C1O,1,0.8338167667388916
2,GCN,COC(=O)[C@H]1[C@H](CC2CCC1N2C)OC(=O)c3ccccc3,1,0.6841121912002563
2,GCN,COc1ccc2nccc([C@H](O)[C@H]3C[C@@H]4CCN3C[C@@H]4C=C)c2c1,1,0.3941408693790436
2,GCN,[C@H]23C([C@@]1(OC(O[C@@H]1C2)(C)C)C(=O)COC(=O)C)(CC(O)[C@@]4(F)C3CC(=C5C4(CCC(=C5)OCCCl)C)C#N)C,1,0.9683743715286255
2,GCN,C1=CC(=CC=C1C(CCCN3CCC2(C(N(C)C(C2)=O)=O)CC3)=O)F,1,0.9591907858848572
2,GCN,C2=C(C(C[N]1C=CN=C1)=O)C=CC3=CC=CC=C23,1,0.6885431408882141
2,GCN,CN(C)[C@H]1[C@@H]2[C@@H](O)[C@@H]3C(=C)c4cccc(O)c4C(=C3C(=O)[C@]2(O)C(=O)\C(=C(N)/O)C1=O)O,0,0.035679206252098083
2,GCN,CC(C)(C)NC(=O)[C@@H]1CN(CCN1C[C@@H](O)C[C@@H](Cc2ccccc2)C(=O)N[C@@H]3[C@H](O)Cc4ccccc34)Cc5cccnc5,1,0.5623656511306763
2,GCN,Cc1onc(N[S](=O)(=O)c2ccc(N)cc2)c1,1,0.46374842524528503
2,GCN,C1=CC(=CC=C1[S](NC2=NOC(=C2)C)(=O)=O)N,1,0.46374842524528503
2,GCN,OC[C@H]1O[C@@H](OC2=C(Oc3cc(O)cc(O)c3C2=O)c4ccc(O)c(O)c4)[C@H](O)[C@@H](O)[C@@H]1O,0,0.08286790549755096
2,GCN,CC/C=C(C(=O)N[C@H]1[C@H]2SCC(=C(N2C1=O)C(O)=O)COC(N)=O)/c3csc(N)n3,0,0.25853231549263
2,GCN,O.O.Nc1scc(n1)\C(=C\CC(O)=O)C(=O)N[C@H]2[C@H]3SCC=C(N3C2=O)C(O)=O,0,0.16439197957515717
2,GCN,C[C@]12CC[C@H]3[C@@H](CCc4cc(O)ccc34)[C@@H]1CC[C@@H]2O,0,0.5410000085830688
2,GCN,C[C@]12CC[C@H]3[C@@H](CCc4cc(O)ccc34)[C@@H]1CC[C@@]2(O)C#C,0,0.6836255192756653
2,GCN,COc1ccc2[C@H]3CC[C@@]4(C)[C@@H](CC[C@@]4(O)C#C)[C@@H]3CCc2c1,0,0.8794838786125183
2,GCN,CO/N=C(C(=O)N[C@H]1[C@H]2SCC(=C(N2C1=O)C(O)=O)CSc3snnc3)/c4csc(N)n4,0,0.15755757689476013
2,GCN,C1=CC=CC=C1C2=NCC(NC3=C2[N](N=C3C)CC)=O,1,0.9659130573272705
2,GCN,COc2cc1oc(=O)c(C)c(C)c1cc2OCCCN3CCN(CC3)c4ccccc4OC,1,0.8639883399009705
2,GCN,Cc1sc(SCC2=C(N3[C@H](SC2)[C@H](NC(=O)CN4C=C(Cl)C(=O)C(=C4)Cl)C3=O)C(O)=O)nn1,0,0.09541188180446625
2,GCN,C1=CC=CC2=C1C(=NS2)N5CCN(CCC4=CC3=C(NC(C3)=O)C=C4Cl)CC5,1,0.9303799271583557
2,GCN,CN(C)CC\C=C/1c2ccccc2Sc3ccc(Cl)cc13,1,0.9748821258544922
2,GCN,C1=CC=CC3=C1C(C2=C(C=CC=C2)S3)=CCCN(C)C,1,0.9743766188621521
2,GCN,CN(C)[C@H]1[C@@H]2C[C@H]3C(=C(O)c4c(O)cccc4[C@@]3(C)O)C(=O)[C@]2(O)C(=O)\C(=C(/O)NCN(C)CCN(C)CNC(/O)=C/5C(=O)[C@H]([C@@H]6C[C@H]7C(=C(O)c8c(O)cccc8[C@@]7(C)O)C(=O)[C@]6(O)C5=O)N(C)C)C1=O,0,0.1494392454624176
2,GCN,CC12C(C(CC1=O)CC2)(C)C,1,0.9878140687942505
2,GCN,C1=CC=CC=C1NC(OCC3(COC(NC2=CC=CC=C2)=O)CCCC3)=O,1,0.8667473793029785
2,GCN,CCCCC1C(=O)N(N(C1=O)c2ccccc2)c3ccccc3,0,0.9184268712997437
2,GCN,C4=C(C(C(=O)N1CCCC1)(C2=CC=CC=C2)C(CN3CCOCC3)C)C=CC=C4,1,0.9039744138717651
2,GCN,[O+]1=N[N](C=C1[N-]C(NC2=CC=CC=C2)=O)C(CC3=CC=CC=C3)C,1,0.7947571873664856
2,GraphSAGE,c1(cc(c(cc1)Cl)Cl)CC(N1CCCC[C@H]1CN1CCCC1)=O,1,0.8168483972549438
2,GraphSAGE,c1(ccc(cc1)C(F)(F)F)CC(N1[C@@H](CCCC1)CN1CCCC1)=O,1,0.8213339447975159
2,GraphSAGE,OC1(CCN(CCCC(=O)c2ccc(F)cc2)CC1)c3cccc(c3)C(F)(F)F,1,0.8903486132621765
2,GraphSAGE,OC1(CCN(CCCC(=O)c2ccc(F)cc2)CC1)c3ccc(Br)cc3,1,0.8961188793182373
2,GraphSAGE,OC1(CCN(CCCC(=O)c2ccc(F)cc2)CC1)c3ccc(Cl)cc3,1,0.8859701156616211
2,GraphSAGE,Cc1ccc(cc1)C2(O)CCN(CCCC(=O)c3ccc(F)cc3)CC2,1,0.8878111839294434
2,GraphSAGE,C1=CC=CC=C1C3(CCN(CCCC(C2=CC=C(F)C=C2)=O)CC3)CNC(C)=O,1,0.9369993209838867
2,GraphSAGE,C1=C(C(=CC=C1C3(CCN(CCCC(C2=CC=C(F)C=C2)=O)CC3)O)Cl)C(F)(F)F,1,0.8973604440689087
2,GraphSAGE,C1=CC(=CC=C1C3(CCN(CCCC(C2=CC=C(C=C2)F)=O)CC3)OC(CCCCCCCCC)=O)Cl,1,0.8835404515266418
2,GraphSAGE,C1=CC(=CC=C1C3(CCN(CCCC(C2=CC=C(F)C=C2)=O)CC3)C(N(C)C)=O)Cl,1,0.930406391620636
2,GraphSAGE,C1=CC(=CC=C1C3(CCN(CCCC(C2=CC=C(C=C2)F)=O)CC3)OC(CCCCCCCCC)=O)Br,1,0.8908306360244751
2,GraphSAGE,CCCN1C[C@H](CSC)C[C@H]2[C@H]1Cc3c[nH]c4cccc2c34,1,0.8308530449867249
2,GraphSAGE,[C@@H]34C1=CC=CC2=C1C(=C[NH]2)C[C@H]3N(C[C@@H](C4)C(N(C(NCC)=O)CCCN(C)C)=O)CC=C,1,0.9089507460594177
2,GraphSAGE,[C@@H]34C1=CC=CC2=C1C(=C[NH]2)C[C@H]3N(C[C@H](C4)N[S](N(CC)CC)(=O)=O)C,1,0.635420560836792
2,GraphSAGE,[C@@H]34C1=CC=CC2=C1C(=C[N]2C)C[C@H]3N(C[C@H](C4)N[S](N(C)C)(=O)=O)C,1,0.6633301973342896
2,GraphSAGE,[C@@H]34C1=CC=CC2=C1C(=C[NH]2)C[C@H]3N(C[C@H](C4)NC(N(CC)CC)=O)C,1,0.8120413422584534
2,GraphSAGE,C1=C[NH]C2=C1C(=NC=N2)NCCCCCCCCC,1,0.8469711542129517
2,GraphSAGE,C1=NC(=NC=C1)N5CCN(CCNC(C23CC4CC(C2)CC(C3)C4)=O)CC5,1,0.9422876834869385
2,GraphSAGE,C2=C(CN(C(=C(SC(=O)C1=CC=CO1)\CCOC(=O)COC(=O)C)/C)C=O)C(=NC(=N2)C)N,1,0.8397482633590698
2,GraphSAGE,C1=CC(=CC(=C1NC(OCC)=O)N)NCC2=CC=C(C=C2)F,1,0.8694846630096436
2,GraphSAGE,C2=C(C1=CC=CC=C1)ON=C2C(CN3CCCCC3)O,1,0.7729648947715759
2,GraphSAGE,Fc1ccc(cc1)C(CCCN2CCC(CC2)N3C(=O)Nc4ccccc34)c5ccc(F)cc5,1,0.9305673837661743
2,GraphSAGE,Fc1ccc(cc1)C(CCCN2CCC(CC2)N3C(=O)Nc4cc(Cl)ccc34)c5ccc(F)cc5,1,0.9252945780754089
2,GraphSAGE,OC(COc1ccc2OC(=CC(=O)c2c1)C(O)=O)COc3cccc4OC(=CC(=O)c34)C(O)=O,0,0.2621072232723236
2,GraphSAGE,IC1=C(N([H])[H])C=CC(C2=NC3=CC=C(O[H])C=C3S2)=C1,1,0.48082292079925537
2,GraphSAGE,c12c(nc([nH]1)NC(OC)=O)cc(SCCC)cc2,1,0.8381040692329407
2,GraphSAGE,CCCSc1ccc2nc(NC(=O)OC)[nH]c2c1,1,0.839107096195221
2,GraphSAGE,C1=CC=C(C2=C1CC3C(C2)CC(N[S](N(CC)CC)(=O)=O)CN3CCC)O,1,0.8233181238174438
2,GraphSAGE,CC1CCCC1,1,0.9662912487983704
2,GraphSAGE,C4=C3C(N(C1=CC=C2C(=N1)N=C(Cl)C=C2)C(=O)C3=CC=C4)CC(CCC(C)C)=O,1,0.8619717955589294
2,GraphSAGE,CC#C[C@]1(O)CC[C@H]2[C@@H]3CCC4=CC(=O)CCC4=C3[C@H](C[C@]12C)c5ccc(cc5)N(C)C,0,0.5966973304748535
2,GraphSAGE,CC(=O)OCC1=C(N2[C@H](SC1)[C@H](NC(=O)CCC[C@@H](N)C(O)=O)C2=O)C(O)=O,0,0.07803177088499069
2,GraphSAGE,C1=C(C3=C(N=C1N2CCN(CC)CC2)CCCCCC3)C4=CC=C(F)C=C4,1,0.9529850482940674
2,GraphSAGE,[Ca++].NC1=NC(=O)C2=C(NCC(CNc3ccc(cc3)C(=O)N[C@@H](CCC([O-])=O)C([O-])=O)N2C=O)N1,1,0.7789063453674316
2,GraphSAGE,C2=C(N1C(N(CCN(C)C)CC1)=O)C=CC=C2Cl,1,0.9624925851821899
2,GraphSAGE,[C@@]24(Cl)C1(C(=CC(=O)C=C1)[C@@H](F)CC2C3C(C([C@@H](C3)C)C(=O)CO)(CC4O)C)C,1,0.9761729836463928
2,GraphSAGE,[C@@]24(Cl)C1(C(=CC(=O)C=C1)[C@@H](F)CC2C3C(C([C@@H](C3)C)C(=O)COC(=O)C(C)(C)C)(CC4O)C)C,1,0.9647377729415894
2,GraphSAGE,CC1CC2C3CC(F)(F)C4=CC(=O)C=C[C@]4(C)C3(F)C(O)CC2(C)C1(O)C(=O)CO,1,0.9552950263023376
2,GraphSAGE,CC(=O)C3(O)CCC4C2CCC1=CC(=O)C=CC1(C)C2C(O)CC34C,1,0.9564242959022522
2,GraphSAGE,[C@@]23(Cl)C(C1C([C@](O)(CC1)C(=O)CO)(CC2Cl)C)CCC4=CC(=O)C=CC34C,1,0.9747843146324158
2,GraphSAGE,[C@@]23(Cl)C(C1C([C@](O)(CC1)C(=O)COC(=O)C)(CC2Cl)C)CCC4=CC(=O)C=CC34C,1,0.9777094125747681
2,GraphSAGE,[C@@]24(F)C1(C(=CC(=O)C=C1)[C@@H](F)CC2C3C(C([C@@H](C3)C)C(=O)CO)(CC4O)C)C,1,0.9858319759368896
2,GraphSAGE,CC3CC2C1CCC(C(C)=O)C1(C)CC(O)C2C4(C)C=CC(=O)C=C34,1,0.9027754068374634
2,GraphSAGE,CCCCOC(=O)C(=O)C3C(C)CC4C2CC(F)C1=CC(=O)C=CC1(C)C2C(O)CC34C,1,0.8340926170349121
2,GraphSAGE,CCCCCC(=O)OCC(=O)C3C(C)CC4C2CC(F)C1=CC(=O)C=CC1(C)C2C(O)CC34C,1,0.8967780470848083
2,GraphSAGE,CC4CC3C2CC(F)C1=CC(=O)C=CC1(C)C2(F)C(O)CC3(C)C4(O)C(=O)SCF,1,0.9880430698394775
2,GraphSAGE,C(C(C1(CCC2C4C(C(CC12C)O)(F)C3(C=CC(C=C3CC4)=O)C)O)=O)O,1,0.9883576035499573
2,GraphSAGE,CCOC(=O)OC3(CCC4C2CCC1=CC(=O)C=CC1(C)C2C(O)CC34C)C(=O)OCCl,1,0.9375295042991638
2,GraphSAGE,[C@@]23(Cl)C(C1C([C@](O)([C@@H](C1)C)C(=O)CO)(CC2Cl)C)CCC4=CC(=O)C=CC34C,1,0.9715264439582825
2,GraphSAGE,C(C(C4(C3(C(C2C(C1(C(=CC(=O)C=C1)CC2)C)C(C3)O)CC4)C)O)=O)OC(CN(CC)CC)=O,1,0.9281023740768433
2,GraphSAGE,[C@@]23(F)C(C1C([C@](O)(C(C1)C)C(=O)CCl)(CC2O)C)CCC4=CC(=O)C=CC34C,1,0.9805440306663513
2,GraphSAGE,CC4CC3C2CC(F)(F)C1=CC(=O)C=CC1(C)C2(F)C(O)CC3(C)C4(O)C(=O)COC(C)=O,1,0.9886294603347778
2,GraphSAGE,[C@@]4(OC(=O)CCCC)(C3(C(C2C(C1(C(=CC(=O)C=C1)C(F)C2)C)C(O)C3)CC4)C)C(=O)CO,1,0.8913263082504272
2,GraphSAGE,C(C)CCC(=O)OC3(CCC4C2CCC1=CC(=O)C=CC1(C)C2C(O)CC34C)C(=O)CO,1,0.9235783219337463
2,GraphSAGE,[C@]14([C@](OC(=O)CC)([C@@H](CC1C3[C@@](F)(C2(C(=CC(=O)C=C2)[C@@H](F)C3)C)[C@@H](O)C4)C)C(SC)=O)C,1,0.9752269983291626
2,GraphSAGE,CSC(=O)C3(O)C(C)CC4C2CCC1=CC(=O)C=CC1(C)C2(F)C(O)CC34C,1,0.988736093044281
2,GraphSAGE,CC4CC3C2CC(F)C1=CC(=O)C=CC1(C)C2(F)C(O)CC3(C)C4(O)C(=O)CCl,1,0.9883882403373718
2,GraphSAGE,C1=C(Cl)C=CC4=C1C3C2=CC=CC=C2CCN3CC(=O)N4C,1,0.959164023399353
2,GraphSAGE,[C@@H]3(CN(CCC=C(C1=C(C=CS1)C)C2=C(C=CS2)C)CCC3)C(O)=O,1,0.861112654209137
2,GraphSAGE,CC1(C)S[C@@H]2[C@H](NC(=O)[C@H](N)c3ccccc3)C(=O)N2[C@H]1C(O)=O.CC4(C)[C@@H](N5[C@@H](CC5=O)[S]4(=O)=O)C(O)=O,0,0.05513459071516991
2,GraphSAGE,[H+].C1=CC=CC2=C1N(C3=C(CC2)C=CC=C3)CCCN(CC(=O)C4=CC=C(Cl)C=C4)C.[Cl-],1,0.9204069972038269
2,GraphSAGE,CO\N=C(C(=O)NC1[C@H]2SCC(=C(N2C1=O)C(O)=O)\C=C/c3scnc3C)\c4csc(N)n4,0,0.36937016248703003
2,GraphSAGE,C1=C(Cl)C=CC3=C1N(C2=CC=CC=C2)C(CCN3)=O,1,0.9332576394081116
2,GraphSAGE,C1=C(Cl)C=CC3=C1N(C2=CC=CC=C2)C(CCN3C(OCC)=O)=O,1,0.953188419342041
2,GraphSAGE,C1=CC=CC2=C1C(N3C2=NCC3)(C4=CC=C(C=C4)Cl)O,1,0.8852894306182861
2,GraphSAGE,[C@H](C1=CC=CC=C1)([C@@H]2CNCCO2)OC3=CC=CC=C3OCC,1,0.8326581716537476
2,GraphSAGE,C1=CC=CC2=C1C3=C(C2)CCOC3(CCN(C)C)C,1,0.9585373401641846
2,GraphSAGE,CCOC(=O)N1CCC(CC1)=C2c3ccc(Cl)cc3CCc4cccnc24,0,0.9297028183937073
2,GraphSAGE,C1=CC(=CC2=C1C(C3=C(CC2)C=CC=N3)=C4CCN(C(OCC)=O)CC4)Cl,1,0.9297028183937073
2,GraphSAGE,[H+].C4=C(N3CCN(CCCN1N=C(N(C1=O)CCOC2=CC=CC=C2)CC)CC3)C=CC=C4Cl.[Cl-],1,0.889846920967102
2,GraphSAGE,C1=CC=CC3=C1C(C2=CC=CC=C2)OCCN(C3)C,1,0.9616791605949402
2,GraphSAGE,C1=CC(=CC2=C1C(=NO2)C5CCN(CCC3=C(N=C4N(C3=O)C=CC=C4C)C)CC5)F,1,0.9099435806274414
2,GraphSAGE,[C@H]12C([C@@](O)(CC1)C#C)(CC[C@H]3C2CCC4=CC5=C(CC34C)C=N[N]5C6=CC=C(F)C=C6)C,1,0.9467431306838989
2,GraphSAGE,[C@@H](CN2CCN(C1=CC=CC=CC1=O)CC2)(C3=CC(=C(OC)C=C3)OC)O,1,0.7820513248443604
2,GraphSAGE,C1=C(OC)C(=CC2=C1C(=NN=C(C2)C)C3=CC=CC(=C3)Cl)OC,1,0.9244260191917419
2,GraphSAGE,C1=C(OC)C(=CC2=C1C(=NN=C(C2CC)C)C3=CC=C(C(=C3)OC)OC)OC,1,0.9085435271263123
2,GraphSAGE,C2=C1C(=NN=C(CC1=CC(=C2OC)OC)C)C3=CC=C(N)C=C3,1,0.9092050790786743
2,GraphSAGE,C1=C3C(=CC=C1\C=C\C(N2CCCCC2)=O)OCO3,1,0.9387029409408569
2,GraphSAGE,C1=C(OC)C(=CC2=C1[S](OC(C2)C(NC(CC(N(C)C)(C)C)C)=O)(=O)=O)OC,1,0.7789539694786072
2,GraphSAGE,CN1C(=C(\O)Nc2ccccn2)/C(=O)c3sccc3[S]1(=O)=O,0,0.2054256647825241
2,GraphSAGE,C1=CC=CC(=C1N3CCN(CCCOC2=CC=CC=N2)CC3)C,1,0.9292771220207214
2,GraphSAGE,CC(C)(C)NC(=O)[C@@H]1C[C@@H]2CCCC[C@@H]2CN1C[C@@H](O)[C@H](Cc3ccccc3)NC(=O)[C@H](CC(N)=O)NC(=O)c4ccc5ccccc5n4,0,0.508705198764801
2,GraphSAGE,CC(C)CC1C(=O)NC(C(=O)N2CCCC2C(=O)NC(C(=O)NC(C(=O)NC(C(=O)NC(C(=O)N3CCCC3C(=O)NC(C(=O)NC(C(=O)N1)CCCN)C(C)C)CC4=CC=CC=C4)CC(C)C)CCCN)C(C)C)CC5=CC=CC=C5,0,0.5925382375717163
2,GraphSAGE,O=C2CC1(CCCC1)CC(=O)N2CCNCC4COc3ccccc3O4,1,0.9486073851585388
2,GraphSAGE,[N]12C(=CC=C1)C4N(C3=C(C2)C=CC=C3)CCN(C4)C.O=C(O)\C=C/C(=O)O,1,0.9044007062911987
2,GraphSAGE,[C@@]45([C@@]3([C@H]([C@H]2[C@]([C@@]1(C(=CC(=O)C=C1)CC2)C)(F)[C@H](C3)O)C[C@H]4OC(O5)(C)C)C)C(COC(C(CNC(C6=CC=CC=C6)=O)C)=O)=O,1,0.9650578498840332
2,GraphSAGE,CC1(C)S[C@@H]2[C@H](NC(=O)C(C(=O)Oc3ccccc3)c4ccccc4)C(=O)N2[C@H]1C(O)=O,0,0.056606389582157135
2,GraphSAGE,c1c2CCOc2c(cc1OC)CN[C@@H]1CCCN[C@H]1c1ccccc1,1,0.7584869861602783
2,GraphSAGE,OC(Cn1cncn1)(Cn2cncn2)c3ccc(F)cc3F,1,0.6540813446044922
2,GraphSAGE,C1=C(C(=CC(=C1[S](NC)(=O)=O)N)OC)C(NCC2N(CCC2)CC=C)=O,1,0.7378498911857605
2,GraphSAGE,C1=C([S](CC)(=O)=O)C(=CC(=C1C(NCC2N(CCC2)CC)=O)OC)N,1,0.8552180528640747
2,GraphSAGE,C1=C(C(C)=O)C=CC(=C1C(NCC2N(CCC2)CC)=O)OC,1,0.9267691373825073
2,GraphSAGE,C1=C(C(=CC=C1[S](N)(=O)=O)OC)C(NCC2N(CCC2)C)=O,1,0.8426599502563477
2,GraphSAGE,C1=C([S](CC)(=O)=O)C=CC(=C1C(NCC2N(CCC2)CC)=O)OC,1,0.8793820142745972
2,GraphSAGE,C1=C([S](N)(=O)=O)C=C(C(=C1C(NCC2N(CCC2)CC=C)=O)OC)OC,1,0.8143959641456604
2,GraphSAGE,C1=C([S](N)(=O)=O)C=CC(=C1C(NCC2N(CCC2)CCC)=O)OC,1,0.845845103263855
2,GraphSAGE,C1=C([S](=O)(=O)N)C=CC(=C1C(NCC2N(CC)CCC2)=O)OC,1,0.8426041603088379
2,GraphSAGE,C1=C(C)C=CC3=C1C(=NC2=C(C=CC=C2)S3)N4CCN(C)CC4,1,0.965714693069458
2,GraphSAGE,C1=CC=CC3=C1C(=NC2=CC=CC=C2S3)N4CCN(CCOCCO)CC4,1,0.94096440076828
2,GraphSAGE,C1=C(Cl)C=CC2=C1C(=NC3=C(S2)C=CC=C3)N4CCN(CC4)C,1,0.9641844034194946
2,GraphSAGE,C(O)C(=O)C4(O)C3(C(C2C(C1(C(=CC(=O)CC1)CC2)C)CC3)CC4)C,1,0.9696481823921204
2,GraphSAGE,[C@@]4(OC(=O)CCCC)(C3(C(C2C(C1(C(=CC(=O)CC1)CC2)C)C(O)C3)CC4)C)C(=O)CO,1,0.8885460495948792
2,GraphSAGE,CCC(=O)C1(O)CCC2C3CCC4=CC(=O)CCC4(C)C3C(O)CC21C,1,0.9649385213851929
2,GraphSAGE,C1=C(C(=C(C=C1\C=C\C(N2CCCCCCC2)=O)OC)OC)OC,1,0.9260895252227783
2,GraphSAGE,CC1(C)S[C@@H]2[C@H](NC(=O)c3nc4ccccc4nc3C(O)=O)C(=O)N2[C@H]1C(O)=O,0,0.03286315128207207
2,GraphSAGE,C(C1=NC2=C([N]1C)C(N(C)C(N2C)=O)=O)CCN3CCN(C(N(CC)CC)=O)CC3,1,0.9125999808311462
2,GraphSAGE,C1=CSC2=C1N(C3=C(C=C2)C=CC=C3)CCCN(C)C,1,0.965179443359375
2,GraphSAGE,Cn1c2CCC(Cn3ccnc3C)C(=O)c2c4ccccc14,1,0.8586353659629822
2,GraphSAGE,c1ccc2Oc3c(cc(cc3)Cl)[C@@H]3[C@@H](c2c1)C[N@](CC3)C,1,0.9396259188652039
2,GraphSAGE,c1ccc2Oc3c(cc(cc3)Cl)[C@@H]3[C@@H](c2c1)CNCC3,1,0.9127437472343445
2,GraphSAGE,[H+].[H+].[Cl-].[Cl-].OCCN1CCCN(CCCN2c3ccccc3Sc4cc(ccc24)C(F)(F)F)CC1,1,0.9356030821800232
2,GraphSAGE,C1=C(C(F)(F)F)C=CC3=C1N(C2=C(C=CC=C2)S3)CCCN4CCN(CCO)CCC4,1,0.9534658789634705
2,GraphSAGE,[C@@]34(F)C(C2C(C1(N=C(OC1C2)C)C(=O)COC(=O)C)(CC3O)C)CCC5=CC(=O)C=CC45C,1,0.9888530969619751
2,GraphSAGE,Oc1ccc(cc1)C2(OC(=O)c3ccccc23)c4ccc(O)cc4,0,0.7781411409378052
2,GraphSAGE,[Cl-].NC12CC3CC(CC(C3)C1)C2.[H+],1,0.877316951751709
2,GraphSAGE,CC12CC3(CC(C1)(CC(C2)C3)N)C,1,0.9518049359321594
2,GraphSAGE,[C@@H]4(C1=C2C(=CC(=C1)Br)CCO2)C3=C(C=C(Cl)C(=C3)O)CCN(C4)C,1,0.8971405029296875
2,GraphSAGE,[C@@H]4(C1=CC=CC2=C1OCC2)C3=CC(=C(Cl)C=C3CCN(C4)C)O.CC(=O)O,1,0.8983595967292786
2,GraphSAGE,[C@H](O)(/C=C/C1=C(C3=C(OC12CCCC2)C=CC=C3)C4=CC=C(F)C=C4)C[C@H](O)CC(OCC)=O,1,0.8782646059989929
2,GraphSAGE,CC/C(c1ccccc1)=C(c2ccccc2)/c3ccc(OCCN(C)C)cc3,1,0.8817329406738281
2,GraphSAGE,C1=C(C=CC=C1N3CCN(CCC2=N[NH]C(=C2)C)CC3)C,1,0.8962722420692444
2,GraphSAGE,C1=C(C=CC=C1N3CCN(CCC2=N[NH]C(=C2)C)CC3)Cl,1,0.895881712436676
2,GraphSAGE,CC1(C)S[C@@H]2[C@H](NC(=O)C(C(=O)Oc3ccc4CCCc4c3)c5ccccc5)C(=O)N2[C@H]1C(O)=O,0,0.08833585679531097
2,GraphSAGE,FC1=CNC(=O)NC1=O,0,0.9003592133522034
2,GraphSAGE,CN[C@H]1[C@H](O)[C@@H](O)[C@H](CO)O[C@H]1O[C@H]2[C@@H](O[C@@H](C)[C@]2(O)C=O)O[C@H]3[C@H](O)[C@@H](O)[C@H](N=C(N)N)[C@@H](O)[C@@H]3N=C(N)N,0,0.06095154583454132
2,GraphSAGE,CN[C@H]1[C@H](O)[C@@H](O)[C@H](CO)O[C@H]1O[C@H]2[C@@H](O[C@@H](C)[C@]2(O)CO)O[C@@H]3[C@@H](O)[C@H](O)[C@@H](N=C(N)N)[C@H](O)[C@H]3N=C(N)N,0,0.06796430796384811
2,GraphSAGE,C4=C(C(C2C(C1=CC=NC=C1)C2)(C3=CC=CC=C3)O)C=CC=C4,1,0.8279220461845398
2,GraphSAGE,[C@@H]3(C1=CC=C(Cl)C=C1)[C@H]2CC[C@@H](C2)C34CCC(=N4)N5CCOCC5,1,0.951788067817688
2,GraphSAGE,[C@@H]1(NCCCC1)[C@@H]2OC(OC2)(C3=CC=CC=C3)C4=CC=CC=C4,1,0.8822557926177979
2,GraphSAGE,S1[C@H]4N(CC1(C2CN3[C@H](S2)CC3=O)O)C(C4)=O,1,0.07396028935909271
2,GraphSAGE,C1=CC(=CC=C1C2(C(CC(C)C)N(C)C)CCC2)Cl,1,0.9692760109901428
2,GraphSAGE,CC(C)(C)NCC(O)COc1cccc2NC(=O)CCc12,0,0.8433163166046143
2,GraphSAGE,CC1(C)S[C@@H]2[C@H](NC(=O)C3(N)CCCCC3)C(=O)N2[C@H]1C(O)=O,0,0.03524143993854523
2,GraphSAGE,C1=C(F)C=CC2=C1N4C(CN=C2C3=CC=CS3)CN(C)CC4,1,0.9577697515487671
2,GraphSAGE,[C@@]45([C@@]3([C@H]([C@H]2[C@]([C@@]1(C(=CC(=O)C=C1)CC2)C)(F)[C@H](C3)O)C[C@H]4OC6(O5)CCCC6)C)C(COC(C)=O)=O,1,0.98134446144104
2,GraphSAGE,CO/N=C(C(=O)N[C@H]1[C@H]2SCC(=C(N2C1=O)C(O)=O)Cn3nnc(C)n3)/c4csc(N)n4,0,0.26128658652305603
2,GraphSAGE,COc1cccc2C(=O)c3c(O)c4C[C@](O)(C[C@H](O[C@H]5C[C@H](N)[C@H](O)[C@H](C)O5)c4c(O)c3C(=O)c12)C(=O)CO,0,0.05355575680732727
2,GraphSAGE,COc1cccc2C(=O)c3c(O)c4C[C@](O)(C[C@H](O[C@H]5C[C@H](N)[C@H](O)[C@H](C)O5)c4c(O)c3C(=O)c12)C(C)=O,0,0.06747201830148697
2,GraphSAGE,[Cl-].CC(=O)[C@@]1(N)C[C@H](O[C@H]2C[C@H](O)[C@H](O)CO2)c3c(O)c4C(=O)c5ccccc5C(=O)c4c(O)c3C1.[H+],0,0.19716010987758636
2,GraphSAGE,C[C@@H]1O[C@H](C[C@H](N)[C@@H]1O)O[C@H]2C[C@@](O)(Cc3c(O)c4C(=O)c5ccccc5C(=O)c4c(O)c23)C(C)=O,0,0.09470963478088379
2,GraphSAGE,COc1cccc2C(=O)c3c(O)c4C[C@](O)(C[C@H](O[C@H]5C[C@H](NC(=O)[C@@H](N)CC(C)C)[C@H](O)[C@H](C)O5)c4c(O)c3C(=O)c12)C(=O)CO,0,0.09346111118793488
2,GraphSAGE,[C@H]5(CN(C(C3=C2C1=CC(=CC=C1CCN2C(=O)C(=C3)C4=CC=CC=C4)Cl)=O)CC5)OCC,1,0.8264236450195312
2,GraphSAGE,CC1=C(N2[C@H](SC1)[C@H](NC(=O)Cc3ccc(cc3)C4=NCCCN4)C2=O)C(O)=O,0,0.1517915278673172
2,GraphSAGE,CN(C)Cc1ccnc(c2cccc(NC3C([N+]([O-])=O)=CC=N3)c2)c1,1,0.7583999037742615
2,GraphSAGE,[C@@H]2(OC1=C(C=CC=C1)CO)O[C@@H]([C@@H](O)[C@@H]([C@H]2O)O)CO,1,0.19219212234020233
2,GraphSAGE,C[C@H]1C[C@H]2[C@@H]3CC[C@](O)(C(=O)CO)[C@@]3(C)C[C@H](O)[C@@H]2[C@@]4(C)C=CC(=O)C=C14,0,0.8742496371269226
2,GraphSAGE,C[C@]12C[C@H](O)[C@H]3[C@@H](CCC4=CC(=O)C=C[C@]34C)[C@@H]1CC[C@]2(O)C(=O)CO,0,0.18185099959373474
2,GraphSAGE,[C@@]4([C@@]3([C@H]([C@H]2[C@@H]([C@@]1(C(=CC(=O)C=C1)C[C@H]2Cl)C)[C@H](C3)O)C[C@H]4C)C)(C(COC(CC)=O)=O)OC(CC)=O,1,0.922723114490509
2,GraphSAGE,[C@@]4([C@@]3([C@H]([C@H]2[C@@H]([C@@]1(C(=CC(=O)C=C1)[C@H](C2)C)C)[C@H](C3)O)CC4)C)(C(COC(C)=O)=O)OC(CC)=O,1,0.8969330191612244
2,GraphSAGE,[C@]34([C@H]([C@H]2[C@@H]([C@@]1(C(=CC(=O)C=C1)[C@H](C2)F)C)[C@H](C3)O)C[C@H]([C@@]4(C(COC(C)=O)=O)O)C)C,1,0.8371322154998779
2,GraphSAGE,[C@@]4([C@@]3([C@H]([C@H]2[C@@H]([C@@]1(C(=CC(=O)C=C1)CC2)C)[C@H](C3)O)CC4)C)(C(COC(CC)=O)=O)OC(OCC)=O,1,0.9117745161056519
2,GraphSAGE,[C@H]34[C@H]2[C@@H]([C@@]1(C(=CC(=O)C=C1)CC2)C)[C@@H](O)C[C@@]3([C@](C(COC(COC(CCCCCCCCCCCCCCCCC)=O)=O)=O)(O)CC4)C,1,0.8927149772644043
2,GraphSAGE,[C@]34([C@H]([C@H]2[C@@H]([C@@]1(C(=CC(=O)C=C1)CC2)C)[C@H](C3)O)CC[C@@]4(C(COC(CC(C)(C)C)=O)=O)O)C,1,0.8094785809516907
2,GraphSAGE,[C@H]12[C@@]([C@](C(CC)=O)(C)[C@@H](C1)C)(C[C@H](O)[C@H]3[C@H]2CCC4=CC(=O)C=C[C@]34C)C,1,0.47738146781921387
2,GraphSAGE,[C@H]24[C@H]1[C@@]([C@](O)([C@@H](C1)C)C(=O)CO)(C[C@H](O)[C@@H]2[C@@]3(C(=CC(=O)C=C3)C[C@H]4Cl)C)C,1,0.8821606040000916
2,GraphSAGE,[C@H]24[C@H]1[C@@]([C@@H](C(C(OCCCC)=O)=O)[C@@H](C1)C)(C[C@@H]([C@@H]2[C@@]3(C(=CC(=O)C=C3)[C@H](C4)F)C)O)C,1,0.9062666296958923
2,GraphSAGE,[C@H]24[C@H]1[C@@]([C@@H](C(CO)=O)[C@@H](C1)C)(C[C@@H]([C@@H]2[C@@]3(C(=CC(=O)C=C3)[C@H](C4)F)C)O)C,1,0.9404017925262451
2,GraphSAGE,[C@H]24[C@H]1[C@@]([C@](C(CO)=O)(O)CC1)(C[C@@H]([C@@H]2[C@@]3(C(=CC(=O)C=C3)[C@H](C4)F)C)O)C,1,0.917646050453186
2,GraphSAGE,[C@H]24[C@H]1[C@@]([C@](C(CO)=O)(O)CC1)(C[C@@H]([C@@H]2[C@@]3(C(=CC(=O)C=C3)[C@H](C4)C)C)O)C,1,0.8644189834594727
2,GraphSAGE,[C@H]24[C@H]1[C@@]([C@](C(COC(C)=O)=O)(O)CC1)(C[C@@H]([C@@H]2[C@@]3(C(=CC(=O)C=C3)[C@H](C4)C)C)O)C,1,0.8964179158210754
2,GraphSAGE,[C@H]24[C@H]1[C@@]([C@](C(COC(CCC(O)=O)=O)=O)(O)CC1)(C[C@@H]([C@@H]2[C@@]3(C(=CC(=O)C=C3)[C@H](C4)C)C)O)C,1,0.8227036595344543
2,GraphSAGE,[C@]12(C(=CC(C=C1)=O)[C@H](C[C@H]3[C@H]4[C@](C[C@@H]([C@H]23)O)([C@](C(=O)CO)(O)[C@@H](C4)C)C)F)C,1,0.3750161826610565
2,GraphSAGE,[C@]34([C@H]([C@H]2[C@@H]([C@@]1(C(=CC(=O)C=C1)CC2)C)[C@H](C3)O)CC[C@@]4(C(COC(C)=O)=O)O)C,1,0.8156181573867798
2,GraphSAGE,[C@]14([C@@](C(=O)COC(CCC(=O)[O-])=O)(CC[C@H]1[C@@H]3CCC2=CC(C=C[C@@]2([C@H]3[C@H](C4)O)C)=O)O)C.[Na+],1,0.8547555208206177
2,GraphSAGE,C3=C(C2C(COC1=CC=C(OC)C=C1)CN(C)CC2)C=CC=C3,1,0.9052714109420776
2,GraphSAGE,CNCC[C@@H](O)[C@@H]1C[C@@H](CN1)SC2=C(N3[C@H]([C@H]2C)[C@@H]([C@@H](C)O)C3=O)C(O)=O,0,0.02813923917710781
2,GraphSAGE,C[C@@H](O)[C@@H]1[C@H]2SC(=C(N2C1=O)C(O)=O)SC3CC[S](=O)C3,0,0.031490348279476166
2,GraphSAGE,CC1(C)S[C@@H]2[C@H](NC(=O)CCC[C@@H](N)C(O)=O)C(=O)N2[C@H]1C(O)=O,0,0.02286682464182377
2,GraphSAGE,CN1CCC(=CC1)c2ccccc2,1,0.9653745889663696
2,GraphSAGE,[C@]34([C@H](C2[C@@](F)([C@@]1(C(=CC(=O)C=C1)[C@@H](F)C2)C)[C@@H](O)C3)C[C@H]5OC(O[C@@]45C(=O)COC(=O)C6CC6)(C)C)C,1,0.9655793905258179
2,GraphSAGE,C3=C(C1=NCCN=C2N(NC(=C12)C)C)C=CC=C3Cl,1,0.8144285678863525
2,GraphSAGE,C1=C4C(=CC=C1CN3CCC(NC(NC(C2=CC=CC=C2)=O)=O)CC3)C=CC=C4,1,0.8955613970756531
2,GraphSAGE,[C@H](NC(C3=CC=C(NCC1=NC2=C(N=C1)NC(=NC2=O)N)C=C3)=O)(CCC(O)=O)C(O)=O,1,0.5199463963508606
2,GraphSAGE,C1=C(Cl)C=CC4=C1N(CCCN3CCC(N2CCCCC2)(CC3)C(N)=O)C5=C(CC4)C=CC=C5,1,0.9593098163604736
2,GraphSAGE,C1=CC=CC4=C1N(CCCN3CCC(N2CCCCC2)(CC3)C(N)=O)C5=C(CC4)C=CC=C5,1,0.9632799625396729
2,GraphSAGE,Cc1ccc(cc1)[S](=O)(=O)NC(=O)NN2CCCCCC2,0,0.7791935205459595
2,GraphSAGE,OC1OC(COCCOC(O)C(Cl)(Cl)Cl)C(OC2OC(COCCOCCOC(O)C(Cl)(Cl)Cl)CC(OC(O)C(Cl)(Cl)Cl)C2O)C(OCCOCCOC(O)C(Cl)(Cl)Cl)C1O,1,0.7728381752967834
2,GraphSAGE,COC(=O)[C@H]1[C@H](CC2CCC1N2C)OC(=O)c3ccccc3,1,0.7032989263534546
2,GraphSAGE,COc1ccc2nccc([C@H](O)[C@H]3C[C@@H]4CCN3C[C@@H]4C=C)c2c1,1,0.5827152132987976
2,GraphSAGE,[C@H]23C([C@@]1(OC(O[C@@H]1C2)(C)C)C(=O)COC(=O)C)(CC(O)[C@@]4(F)C3CC(=C5C4(CCC(=C5)OCCCl)C)C#N)C,1,0.9800575971603394
2,GraphSAGE,C1=CC(=CC=C1C(CCCN3CCC2(C(N(C)C(C2)=O)=O)CC3)=O)F,1,0.9490950703620911
2,GraphSAGE,C2=C(C(C[N]1C=CN=C1)=O)C=CC3=CC=CC=C23,1,0.6578658223152161
2,GraphSAGE,CN(C)[C@H]1[C@@H]2[C@@H](O)[C@@H]3C(=C)c4cccc(O)c4C(=C3C(=O)[C@]2(O)C(=O)\C(=C(N)/O)C1=O)O,0,0.12422676384449005
2,GraphSAGE,CC(C)(C)NC(=O)[C@@H]1CN(CCN1C[C@@H](O)C[C@@H](Cc2ccccc2)C(=O)N[C@@H]3[C@H](O)Cc4ccccc34)Cc5cccnc5,1,0.4887518882751465
2,GraphSAGE,Cc1onc(N[S](=O)(=O)c2ccc(N)cc2)c1,1,0.3836848735809326
2,GraphSAGE,C1=CC(=CC=C1[S](NC2=NOC(=C2)C)(=O)=O)N,1,0.3836848735809326
2,GraphSAGE,OC[C@H]1O[C@@H](OC2=C(Oc3cc(O)cc(O)c3C2=O)c4ccc(O)c(O)c4)[C@H](O)[C@@H](O)[C@@H]1O,0,0.060366131365299225
2,GraphSAGE,CC/C=C(C(=O)N[C@H]1[C@H]2SCC(=C(N2C1=O)C(O)=O)COC(N)=O)/c3csc(N)n3,0,0.32781296968460083
2,GraphSAGE,O.O.Nc1scc(n1)\C(=C\CC(O)=O)C(=O)N[C@H]2[C@H]3SCC=C(N3C2=O)C(O)=O,0,0.19703826308250427
2,GraphSAGE,C[C@]12CC[C@H]3[C@@H](CCc4cc(O)ccc34)[C@@H]1CC[C@@H]2O,0,0.35651856660842896
2,GraphSAGE,C[C@]12CC[C@H]3[C@@H](CCc4cc(O)ccc34)[C@@H]1CC[C@@]2(O)C#C,0,0.37037208676338196
2,GraphSAGE,COc1ccc2[C@H]3CC[C@@]4(C)[C@@H](CC[C@@]4(O)C#C)[C@@H]3CCc2c1,0,0.9154667854309082
2,GraphSAGE,CO/N=C(C(=O)N[C@H]1[C@H]2SCC(=C(N2C1=O)C(O)=O)CSc3snnc3)/c4csc(N)n4,0,0.19546422362327576
2,GraphSAGE,C1=CC=CC=C1C2=NCC(NC3=C2[N](N=C3C)CC)=O,1,0.9414220452308655
2,GraphSAGE,COc2cc1oc(=O)c(C)c(C)c1cc2OCCCN3CCN(CC3)c4ccccc4OC,1,0.8876984119415283
2,GraphSAGE,Cc1sc(SCC2=C(N3[C@H](SC2)[C@H](NC(=O)CN4C=C(Cl)C(=O)C(=C4)Cl)C3=O)C(O)=O)nn1,0,0.04478885605931282
2,GraphSAGE,C1=CC=CC2=C1C(=NS2)N5CCN(CCC4=CC3=C(NC(C3)=O)C=C4Cl)CC5,1,0.9193508625030518
2,GraphSAGE,CN(C)CC\C=C/1c2ccccc2Sc3ccc(Cl)cc13,1,0.9618090391159058
2,GraphSAGE,C1=CC=CC3=C1C(C2=C(C=CC=C2)S3)=CCCN(C)C,1,0.9710792899131775
2,GraphSAGE,CN(C)[C@H]1[C@@H]2C[C@H]3C(=C(O)c4c(O)cccc4[C@@]3(C)O)C(=O)[C@]2(O)C(=O)\C(=C(/O)NCN(C)CCN(C)CNC(/O)=C/5C(=O)[C@H]([C@@H]6C[C@H]7C(=C(O)c8c(O)cccc8[C@@]7(C)O)C(=O)[C@]6(O)C5=O)N(C)C)C1=O,0,0.26700809597969055
2,GraphSAGE,CC12C(C(CC1=O)CC2)(C)C,1,0.9912537932395935
2,GraphSAGE,C1=CC=CC=C1NC(OCC3(COC(NC2=CC=CC=C2)=O)CCCC3)=O,1,0.9179757237434387
2,GraphSAGE,CCCCC1C(=O)N(N(C1=O)c2ccccc2)c3ccccc3,0,0.9210589528083801
2,GraphSAGE,C4=C(C(C(=O)N1CCCC1)(C2=CC=CC=C2)C(CN3CCOCC3)C)C=CC=C4,1,0.9221709966659546
2,GraphSAGE,[O+]1=N[N](C=C1[N-]C(NC2=CC=CC=C2)=O)C(CC3=CC=CC=C3)C,1,0.8784105181694031
2,GAT,c1(cc(c(cc1)Cl)Cl)CC(N1CCCC[C@H]1CN1CCCC1)=O,1,0.9192798733711243
2,GAT,c1(ccc(cc1)C(F)(F)F)CC(N1[C@@H](CCCC1)CN1CCCC1)=O,1,0.924541711807251
2,GAT,OC1(CCN(CCCC(=O)c2ccc(F)cc2)CC1)c3cccc(c3)C(F)(F)F,1,0.9519394040107727
2,GAT,OC1(CCN(CCCC(=O)c2ccc(F)cc2)CC1)c3ccc(Br)cc3,1,0.9449192881584167
2,GAT,OC1(CCN(CCCC(=O)c2ccc(F)cc2)CC1)c3ccc(Cl)cc3,1,0.9487467408180237
2,GAT,Cc1ccc(cc1)C2(O)CCN(CCCC(=O)c3ccc(F)cc3)CC2,1,0.9472596049308777
2,GAT,C1=CC=CC=C1C3(CCN(CCCC(C2=CC=C(F)C=C2)=O)CC3)CNC(C)=O,1,0.9225156307220459
2,GAT,C1=C(C(=CC=C1C3(CCN(CCCC(C2=CC=C(F)C=C2)=O)CC3)O)Cl)C(F)(F)F,1,0.9534115791320801
2,GAT,C1=CC(=CC=C1C3(CCN(CCCC(C2=CC=C(C=C2)F)=O)CC3)OC(CCCCCCCCC)=O)Cl,1,0.9663228392601013
2,GAT,C1=CC(=CC=C1C3(CCN(CCCC(C2=CC=C(F)C=C2)=O)CC3)C(N(C)C)=O)Cl,1,0.935364842414856
2,GAT,C1=CC(=CC=C1C3(CCN(CCCC(C2=CC=C(C=C2)F)=O)CC3)OC(CCCCCCCCC)=O)Br,1,0.9645376205444336
2,GAT,CCCN1C[C@H](CSC)C[C@H]2[C@H]1Cc3c[nH]c4cccc2c34,1,0.7054298520088196
2,GAT,[C@@H]34C1=CC=CC2=C1C(=C[NH]2)C[C@H]3N(C[C@@H](C4)C(N(C(NCC)=O)CCCN(C)C)=O)CC=C,1,0.6098520159721375
2,GAT,[C@@H]34C1=CC=CC2=C1C(=C[NH]2)C[C@H]3N(C[C@H](C4)N[S](N(CC)CC)(=O)=O)C,1,0.46116724610328674
2,GAT,[C@@H]34C1=CC=CC2=C1C(=C[N]2C)C[C@H]3N(C[C@H](C4)N[S](N(C)C)(=O)=O)C,1,0.4325544536113739
2,GAT,[C@@H]34C1=CC=CC2=C1C(=C[NH]2)C[C@H]3N(C[C@H](C4)NC(N(CC)CC)=O)C,1,0.32150202989578247
2,GAT,C1=C[NH]C2=C1C(=NC=N2)NCCCCCCCCC,1,0.8951237797737122
2,GAT,C1=NC(=NC=C1)N5CCN(CCNC(C23CC4CC(C2)CC(C3)C4)=O)CC5,1,0.9293735027313232
2,GAT,C2=C(CN(C(=C(SC(=O)C1=CC=CO1)\CCOC(=O)COC(=O)C)/C)C=O)C(=NC(=N2)C)N,1,0.7970605492591858
2,GAT,C1=CC(=CC(=C1NC(OCC)=O)N)NCC2=CC=C(C=C2)F,1,0.7233070731163025
2,GAT,C2=C(C1=CC=CC=C1)ON=C2C(CN3CCCCC3)O,1,0.8431689739227295
2,GAT,Fc1ccc(cc1)C(CCCN2CCC(CC2)N3C(=O)Nc4ccccc34)c5ccc(F)cc5,1,0.9122899174690247
2,GAT,Fc1ccc(cc1)C(CCCN2CCC(CC2)N3C(=O)Nc4cc(Cl)ccc34)c5ccc(F)cc5,1,0.9139816761016846
2,GAT,OC(COc1ccc2OC(=CC(=O)c2c1)C(O)=O)COc3cccc4OC(=CC(=O)c34)C(O)=O,0,0.42129838466644287
2,GAT,IC1=C(N([H])[H])C=CC(C2=NC3=CC=C(O[H])C=C3S2)=C1,1,0.47817230224609375
2,GAT,c12c(nc([nH]1)NC(OC)=O)cc(SCCC)cc2,1,0.7911367416381836
2,GAT,CCCSc1ccc2nc(NC(=O)OC)[nH]c2c1,1,0.7888976335525513
2,GAT,C1=CC=C(C2=C1CC3C(C2)CC(N[S](N(CC)CC)(=O)=O)CN3CCC)O,1,0.7931663393974304
2,GAT,CC1CCCC1,1,0.9957872033119202
2,GAT,C4=C3C(N(C1=CC=C2C(=N1)N=C(Cl)C=C2)C(=O)C3=CC=C4)CC(CCC(C)C)=O,1,0.7527353763580322
2,GAT,CC#C[C@]1(O)CC[C@H]2[C@@H]3CCC4=CC(=O)CCC4=C3[C@H](C[C@]12C)c5ccc(cc5)N(C)C,0,0.7285621762275696
2,GAT,CC(=O)OCC1=C(N2[C@H](SC1)[C@H](NC(=O)CCC[C@@H](N)C(O)=O)C2=O)C(O)=O,0,0.038782112300395966
2,GAT,C1=C(C3=C(N=C1N2CCN(CC)CC2)CCCCCC3)C4=CC=C(F)C=C4,1,0.9656813144683838
2,GAT,[Ca++].NC1=NC(=O)C2=C(NCC(CNc3ccc(cc3)C(=O)N[C@@H](CCC([O-])=O)C([O-])=O)N2C=O)N1,1,0.38496705889701843
2,GAT,C2=C(N1C(N(CCN(C)C)CC1)=O)C=CC=C2Cl,1,0.9006409645080566
2,GAT,[C@@]24(Cl)C1(C(=CC(=O)C=C1)[C@@H](F)CC2C3C(C([C@@H](C3)C)C(=O)CO)(CC4O)C)C,1,0.930621862411499
2,GAT,[C@@]24(Cl)C1(C(=CC(=O)C=C1)[C@@H](F)CC2C3C(C([C@@H](C3)C)C(=O)COC(=O)C(C)(C)C)(CC4O)C)C,1,0.9443627595901489
2,GAT,CC1CC2C3CC(F)(F)C4=CC(=O)C=C[C@]4(C)C3(F)C(O)CC2(C)C1(O)C(=O)CO,1,0.908784031867981
2,GAT,CC(=O)C3(O)CCC4C2CCC1=CC(=O)C=CC1(C)C2C(O)CC34C,1,0.930911660194397
2,GAT,[C@@]23(Cl)C(C1C([C@](O)(CC1)C(=O)CO)(CC2Cl)C)CCC4=CC(=O)C=CC34C,1,0.9248434901237488
2,GAT,[C@@]23(Cl)C(C1C([C@](O)(CC1)C(=O)COC(=O)C)(CC2Cl)C)CCC4=CC(=O)C=CC34C,1,0.932561993598938
2,GAT,[C@@]24(F)C1(C(=CC(=O)C=C1)[C@@H](F)CC2C3C(C([C@@H](C3)C)C(=O)CO)(CC4O)C)C,1,0.9298279881477356
2,GAT,CC3CC2C1CCC(C(C)=O)C1(C)CC(O)C2C4(C)C=CC(=O)C=C34,1,0.9389466047286987
2,GAT,CCCCOC(=O)C(=O)C3C(C)CC4C2CC(F)C1=CC(=O)C=CC1(C)C2C(O)CC34C,1,0.9188821911811829
2,GAT,CCCCCC(=O)OCC(=O)C3C(C)CC4C2CC(F)C1=CC(=O)C=CC1(C)C2C(O)CC34C,1,0.9437604546546936
2,GAT,CC4CC3C2CC(F)C1=CC(=O)C=CC1(C)C2(F)C(O)CC3(C)C4(O)C(=O)SCF,1,0.939211905002594
2,GAT,C(C(C1(CCC2C4C(C(CC12C)O)(F)C3(C=CC(C=C3CC4)=O)C)O)=O)O,1,0.9248237013816833
2,GAT,CCOC(=O)OC3(CCC4C2CCC1=CC(=O)C=CC1(C)C2C(O)CC34C)C(=O)OCCl,1,0.9208756685256958
2,GAT,[C@@]23(Cl)C(C1C([C@](O)([C@@H](C1)C)C(=O)CO)(CC2Cl)C)CCC4=CC(=O)C=CC34C,1,0.8806638717651367
2,GAT,C(C(C4(C3(C(C2C(C1(C(=CC(=O)C=C1)CC2)C)C(C3)O)CC4)C)O)=O)OC(CN(CC)CC)=O,1,0.9359498620033264
2,GAT,[C@@]23(F)C(C1C([C@](O)(C(C1)C)C(=O)CCl)(CC2O)C)CCC4=CC(=O)C=CC34C,1,0.9343942999839783
2,GAT,CC4CC3C2CC(F)(F)C1=CC(=O)C=CC1(C)C2(F)C(O)CC3(C)C4(O)C(=O)COC(C)=O,1,0.9340181946754456
2,GAT,[C@@]4(OC(=O)CCCC)(C3(C(C2C(C1(C(=CC(=O)C=C1)C(F)C2)C)C(O)C3)CC4)C)C(=O)CO,1,0.8910526037216187
2,GAT,C(C)CCC(=O)OC3(CCC4C2CCC1=CC(=O)C=CC1(C)C2C(O)CC34C)C(=O)CO,1,0.9253233075141907
2,GAT,[C@]14([C@](OC(=O)CC)([C@@H](CC1C3[C@@](F)(C2(C(=CC(=O)C=C2)[C@@H](F)C3)C)[C@@H](O)C4)C)C(SC)=O)C,1,0.8188220858573914
2,GAT,CSC(=O)C3(O)C(C)CC4C2CCC1=CC(=O)C=CC1(C)C2(F)C(O)CC34C,1,0.9278534650802612
2,GAT,CC4CC3C2CC(F)C1=CC(=O)C=CC1(C)C2(F)C(O)CC3(C)C4(O)C(=O)CCl,1,0.9496991634368896
2,GAT,C1=C(Cl)C=CC4=C1C3C2=CC=CC=C2CCN3CC(=O)N4C,1,0.9115685820579529
2,GAT,[C@@H]3(CN(CCC=C(C1=C(C=CS1)C)C2=C(C=CS2)C)CCC3)C(O)=O,1,0.7179549932479858
2,GAT,CC1(C)S[C@@H]2[C@H](NC(=O)[C@H](N)c3ccccc3)C(=O)N2[C@H]1C(O)=O.CC4(C)[C@@H](N5[C@@H](CC5=O)[S]4(=O)=O)C(O)=O,0,0.06511789560317993
2,GAT,[H+].C1=CC=CC2=C1N(C3=C(CC2)C=CC=C3)CCCN(CC(=O)C4=CC=C(Cl)C=C4)C.[Cl-],1,0.919545590877533
2,GAT,CO\N=C(C(=O)NC1[C@H]2SCC(=C(N2C1=O)C(O)=O)\C=C/c3scnc3C)\c4csc(N)n4,0,0.21845956146717072
2,GAT,C1=C(Cl)C=CC3=C1N(C2=CC=CC=C2)C(CCN3)=O,1,0.8874369859695435
2,GAT,C1=C(Cl)C=CC3=C1N(C2=CC=CC=C2)C(CCN3C(OCC)=O)=O,1,0.8813934326171875
2,GAT,C1=CC=CC2=C1C(N3C2=NCC3)(C4=CC=C(C=C4)Cl)O,1,0.8719011545181274
2,GAT,[C@H](C1=CC=CC=C1)([C@@H]2CNCCO2)OC3=CC=CC=C3OCC,1,0.6737244129180908
2,GAT,C1=CC=CC2=C1C3=C(C2)CCOC3(CCN(C)C)C,1,0.9721325039863586
2,GAT,CCOC(=O)N1CCC(CC1)=C2c3ccc(Cl)cc3CCc4cccnc24,0,0.9212465882301331
2,GAT,C1=CC(=CC2=C1C(C3=C(CC2)C=CC=N3)=C4CCN(C(OCC)=O)CC4)Cl,1,0.9212465882301331
2,GAT,[H+].C4=C(N3CCN(CCCN1N=C(N(C1=O)CCOC2=CC=CC=C2)CC)CC3)C=CC=C4Cl.[Cl-],1,0.9028045535087585
2,GAT,C1=CC=CC3=C1C(C2=CC=CC=C2)OCCN(C3)C,1,0.9465843439102173
2,GAT,C1=CC(=CC2=C1C(=NO2)C5CCN(CCC3=C(N=C4N(C3=O)C=CC=C4C)C)CC5)F,1,0.8818246126174927
2,GAT,[C@H]12C([C@@](O)(CC1)C#C)(CC[C@H]3C2CCC4=CC5=C(CC34C)C=N[N]5C6=CC=C(F)C=C6)C,1,0.9594969153404236
2,GAT,[C@@H](CN2CCN(C1=CC=CC=CC1=O)CC2)(C3=CC(=C(OC)C=C3)OC)O,1,0.7735369801521301
2,GAT,C1=C(OC)C(=CC2=C1C(=NN=C(C2)C)C3=CC=CC(=C3)Cl)OC,1,0.9087811708450317
2,GAT,C1=C(OC)C(=CC2=C1C(=NN=C(C2CC)C)C3=CC=C(C(=C3)OC)OC)OC,1,0.8729451894760132
2,GAT,C2=C1C(=NN=C(CC1=CC(=C2OC)OC)C)C3=CC=C(N)C=C3,1,0.8957639336585999
2,GAT,C1=C3C(=CC=C1\C=C\C(N2CCCCC2)=O)OCO3,1,0.9271827340126038
2,GAT,C1=C(OC)C(=CC2=C1[S](OC(C2)C(NC(CC(N(C)C)(C)C)C)=O)(=O)=O)OC,1,0.7058944702148438
2,GAT,CN1C(=C(\O)Nc2ccccn2)/C(=O)c3sccc3[S]1(=O)=O,0,0.1919846534729004
2,GAT,C1=CC=CC(=C1N3CCN(CCCOC2=CC=CC=N2)CC3)C,1,0.9303606748580933
2,GAT,CC(C)(C)NC(=O)[C@@H]1C[C@@H]2CCCC[C@@H]2CN1C[C@@H](O)[C@H](Cc3ccccc3)NC(=O)[C@H](CC(N)=O)NC(=O)c4ccc5ccccc5n4,0,0.40825897455215454
2,GAT,CC(C)CC1C(=O)NC(C(=O)N2CCCC2C(=O)NC(C(=O)NC(C(=O)NC(C(=O)NC(C(=O)N3CCCC3C(=O)NC(C(=O)NC(C(=O)N1)CCCN)C(C)C)CC4=CC=CC=C4)CC(C)C)CCCN)C(C)C)CC5=CC=CC=C5,0,0.8015512228012085
2,GAT,O=C2CC1(CCCC1)CC(=O)N2CCNCC4COc3ccccc3O4,1,0.9503078460693359
2,GAT,[N]12C(=CC=C1)C4N(C3=C(C2)C=CC=C3)CCN(C4)C.O=C(O)\C=C/C(=O)O,1,0.6887949705123901
2,GAT,[C@@]45([C@@]3([C@H]([C@H]2[C@]([C@@]1(C(=CC(=O)C=C1)CC2)C)(F)[C@H](C3)O)C[C@H]4OC(O5)(C)C)C)C(COC(C(CNC(C6=CC=CC=C6)=O)C)=O)=O,1,0.8775526285171509
2,GAT,CC1(C)S[C@@H]2[C@H](NC(=O)C(C(=O)Oc3ccccc3)c4ccccc4)C(=O)N2[C@H]1C(O)=O,0,0.10657031089067459
2,GAT,c1c2CCOc2c(cc1OC)CN[C@@H]1CCCN[C@H]1c1ccccc1,1,0.650951623916626
2,GAT,OC(Cn1cncn1)(Cn2cncn2)c3ccc(F)cc3F,1,0.8202037215232849
2,GAT,C1=C(C(=CC(=C1[S](NC)(=O)=O)N)OC)C(NCC2N(CCC2)CC=C)=O,1,0.6199765801429749
2,GAT,C1=C([S](CC)(=O)=O)C(=CC(=C1C(NCC2N(CCC2)CC)=O)OC)N,1,0.6903555989265442
2,GAT,C1=C(C(C)=O)C=CC(=C1C(NCC2N(CCC2)CC)=O)OC,1,0.7512828707695007
2,GAT,C1=C(C(=CC=C1[S](N)(=O)=O)OC)C(NCC2N(CCC2)C)=O,1,0.5767070055007935
2,GAT,C1=C([S](CC)(=O)=O)C=CC(=C1C(NCC2N(CCC2)CC)=O)OC,1,0.6997876763343811
2,GAT,C1=C([S](N)(=O)=O)C=C(C(=C1C(NCC2N(CCC2)CC=C)=O)OC)OC,1,0.6157504916191101
2,GAT,C1=C([S](N)(=O)=O)C=CC(=C1C(NCC2N(CCC2)CCC)=O)OC,1,0.6703062653541565
2,GAT,C1=C([S](=O)(=O)N)C=CC(=C1C(NCC2N(CC)CCC2)=O)OC,1,0.629838764667511
2,GAT,C1=C(C)C=CC3=C1C(=NC2=C(C=CC=C2)S3)N4CCN(C)CC4,1,0.9049965739250183
2,GAT,C1=CC=CC3=C1C(=NC2=CC=CC=C2S3)N4CCN(CCOCCO)CC4,1,0.8872037529945374
2,GAT,C1=C(Cl)C=CC2=C1C(=NC3=C(S2)C=CC=C3)N4CCN(CC4)C,1,0.9086598753929138
2,GAT,C(O)C(=O)C4(O)C3(C(C2C(C1(C(=CC(=O)CC1)CC2)C)CC3)CC4)C,1,0.9607265591621399
2,GAT,[C@@]4(OC(=O)CCCC)(C3(C(C2C(C1(C(=CC(=O)CC1)CC2)C)C(O)C3)CC4)C)C(=O)CO,1,0.9002060890197754
2,GAT,CCC(=O)C1(O)CCC2C3CCC4=CC(=O)CCC4(C)C3C(O)CC21C,1,0.9480392932891846
2,GAT,C1=C(C(=C(C=C1\C=C\C(N2CCCCCCC2)=O)OC)OC)OC,1,0.9220973253250122
2,GAT,CC1(C)S[C@@H]2[C@H](NC(=O)c3nc4ccccc4nc3C(O)=O)C(=O)N2[C@H]1C(O)=O,0,0.03891538083553314
2,GAT,C(C1=NC2=C([N]1C)C(N(C)C(N2C)=O)=O)CCN3CCN(C(N(CC)CC)=O)CC3,1,0.7844997048377991
2,GAT,C1=CSC2=C1N(C3=C(C=C2)C=CC=C3)CCCN(C)C,1,0.9269858002662659
2,GAT,Cn1c2CCC(Cn3ccnc3C)C(=O)c2c4ccccc14,1,0.8096340894699097
2,GAT,c1ccc2Oc3c(cc(cc3)Cl)[C@@H]3[C@@H](c2c1)C[N@](CC3)C,1,0.8236236572265625
2,GAT,c1ccc2Oc3c(cc(cc3)Cl)[C@@H]3[C@@H](c2c1)CNCC3,1,0.797456681728363
2,GAT,[H+].[H+].[Cl-].[Cl-].OCCN1CCCN(CCCN2c3ccccc3Sc4cc(ccc24)C(F)(F)F)CC1,1,0.9243243932723999
2,GAT,C1=C(C(F)(F)F)C=CC3=C1N(C2=C(C=CC=C2)S3)CCCN4CCN(CCO)CCC4,1,0.9225095510482788
2,GAT,[C@@]34(F)C(C2C(C1(N=C(OC1C2)C)C(=O)COC(=O)C)(CC3O)C)CCC5=CC(=O)C=CC45C,1,0.948725163936615
2,GAT,Oc1ccc(cc1)C2(OC(=O)c3ccccc23)c4ccc(O)cc4,0,0.6169661283493042
2,GAT,[Cl-].NC12CC3CC(CC(C3)C1)C2.[H+],1,0.9884243011474609
2,GAT,CC12CC3(CC(C1)(CC(C2)C3)N)C,1,0.9941428303718567
2,GAT,[C@@H]4(C1=C2C(=CC(=C1)Br)CCO2)C3=C(C=C(Cl)C(=C3)O)CCN(C4)C,1,0.8052033185958862
2,GAT,[C@@H]4(C1=CC=CC2=C1OCC2)C3=CC(=C(Cl)C=C3CCN(C4)C)O.CC(=O)O,1,0.71256023645401
2,GAT,[C@H](O)(/C=C/C1=C(C3=C(OC12CCCC2)C=CC=C3)C4=CC=C(F)C=C4)C[C@H](O)CC(OCC)=O,1,0.8104576468467712
2,GAT,CC/C(c1ccccc1)=C(c2ccccc2)/c3ccc(OCCN(C)C)cc3,1,0.9247202277183533
2,GAT,C1=C(C=CC=C1N3CCN(CCC2=N[NH]C(=C2)C)CC3)C,1,0.9128049612045288
2,GAT,C1=C(C=CC=C1N3CCN(CCC2=N[NH]C(=C2)C)CC3)Cl,1,0.9167647361755371
2,GAT,CC1(C)S[C@@H]2[C@H](NC(=O)C(C(=O)Oc3ccc4CCCc4c3)c5ccccc5)C(=O)N2[C@H]1C(O)=O,0,0.18136033415794373
2,GAT,FC1=CNC(=O)NC1=O,0,0.6116008162498474
2,GAT,CN[C@H]1[C@H](O)[C@@H](O)[C@H](CO)O[C@H]1O[C@H]2[C@@H](O[C@@H](C)[C@]2(O)C=O)O[C@H]3[C@H](O)[C@@H](O)[C@H](N=C(N)N)[C@@H](O)[C@@H]3N=C(N)N,0,0.012944803573191166
2,GAT,CN[C@H]1[C@H](O)[C@@H](O)[C@H](CO)O[C@H]1O[C@H]2[C@@H](O[C@@H](C)[C@]2(O)CO)O[C@@H]3[C@@H](O)[C@H](O)[C@@H](N=C(N)N)[C@H](O)[C@H]3N=C(N)N,0,0.011003503575921059
2,GAT,C4=C(C(C2C(C1=CC=NC=C1)C2)(C3=CC=CC=C3)O)C=CC=C4,1,0.8581098318099976
2,GAT,[C@@H]3(C1=CC=C(Cl)C=C1)[C@H]2CC[C@@H](C2)C34CCC(=N4)N5CCOCC5,1,0.9217444062232971
2,GAT,[C@@H]1(NCCCC1)[C@@H]2OC(OC2)(C3=CC=CC=C3)C4=CC=CC=C4,1,0.8668824434280396
2,GAT,S1[C@H]4N(CC1(C2CN3[C@H](S2)CC3=O)O)C(C4)=O,1,0.5597071647644043
2,GAT,C1=CC(=CC=C1C2(C(CC(C)C)N(C)C)CCC2)Cl,1,0.980262041091919
2,GAT,CC(C)(C)NCC(O)COc1cccc2NC(=O)CCc12,0,0.8578060269355774
2,GAT,CC1(C)S[C@@H]2[C@H](NC(=O)C3(N)CCCCC3)C(=O)N2[C@H]1C(O)=O,0,0.083192378282547
2,GAT,C1=C(F)C=CC2=C1N4C(CN=C2C3=CC=CS3)CN(C)CC4,1,0.913780152797699
2,GAT,[C@@]45([C@@]3([C@H]([C@H]2[C@]([C@@]1(C(=CC(=O)C=C1)CC2)C)(F)[C@H](C3)O)C[C@H]4OC6(O5)CCCC6)C)C(COC(C)=O)=O,1,0.9513078331947327
2,GAT,CO/N=C(C(=O)N[C@H]1[C@H]2SCC(=C(N2C1=O)C(O)=O)Cn3nnc(C)n3)/c4csc(N)n4,0,0.1820651739835739
2,GAT,COc1cccc2C(=O)c3c(O)c4C[C@](O)(C[C@H](O[C@H]5C[C@H](N)[C@H](O)[C@H](C)O5)c4c(O)c3C(=O)c12)C(=O)CO,0,0.08324839174747467
2,GAT,COc1cccc2C(=O)c3c(O)c4C[C@](O)(C[C@H](O[C@H]5C[C@H](N)[C@H](O)[C@H](C)O5)c4c(O)c3C(=O)c12)C(C)=O,0,0.0854654610157013
2,GAT,[Cl-].CC(=O)[C@@]1(N)C[C@H](O[C@H]2C[C@H](O)[C@H](O)CO2)c3c(O)c4C(=O)c5ccccc5C(=O)c4c(O)c3C1.[H+],0,0.27856016159057617
2,GAT,C[C@@H]1O[C@H](C[C@H](N)[C@@H]1O)O[C@H]2C[C@@](O)(Cc3c(O)c4C(=O)c5ccccc5C(=O)c4c(O)c23)C(C)=O,0,0.17216910421848297
2,GAT,COc1cccc2C(=O)c3c(O)c4C[C@](O)(C[C@H](O[C@H]5C[C@H](NC(=O)[C@@H](N)CC(C)C)[C@H](O)[C@H](C)O5)c4c(O)c3C(=O)c12)C(=O)CO,0,0.0887010395526886
2,GAT,[C@H]5(CN(C(C3=C2C1=CC(=CC=C1CCN2C(=O)C(=C3)C4=CC=CC=C4)Cl)=O)CC5)OCC,1,0.8344032764434814
2,GAT,CC1=C(N2[C@H](SC1)[C@H](NC(=O)Cc3ccc(cc3)C4=NCCCN4)C2=O)C(O)=O,0,0.11942438781261444
2,GAT,CN(C)Cc1ccnc(c2cccc(NC3C([N+]([O-])=O)=CC=N3)c2)c1,1,0.7246690392494202
2,GAT,[C@@H]2(OC1=C(C=CC=C1)CO)O[C@@H]([C@@H](O)[C@@H]([C@H]2O)O)CO,1,0.055552177131175995
2,GAT,C[C@H]1C[C@H]2[C@@H]3CC[C@](O)(C(=O)CO)[C@@]3(C)C[C@H](O)[C@@H]2[C@@]4(C)C=CC(=O)C=C14,0,0.8131481409072876
2,GAT,C[C@]12C[C@H](O)[C@H]3[C@@H](CCC4=CC(=O)C=C[C@]34C)[C@@H]1CC[C@]2(O)C(=O)CO,0,0.33122363686561584
2,GAT,[C@@]4([C@@]3([C@H]([C@H]2[C@@H]([C@@]1(C(=CC(=O)C=C1)C[C@H]2Cl)C)[C@H](C3)O)C[C@H]4C)C)(C(COC(CC)=O)=O)OC(CC)=O,1,0.891613781452179
2,GAT,[C@@]4([C@@]3([C@H]([C@H]2[C@@H]([C@@]1(C(=CC(=O)C=C1)[C@H](C2)C)C)[C@H](C3)O)CC4)C)(C(COC(C)=O)=O)OC(CC)=O,1,0.8607492446899414
2,GAT,[C@]34([C@H]([C@H]2[C@@H]([C@@]1(C(=CC(=O)C=C1)[C@H](C2)F)C)[C@H](C3)O)C[C@H]([C@@]4(C(COC(C)=O)=O)O)C)C,1,0.8975547552108765
2,GAT,[C@@]4([C@@]3([C@H]([C@H]2[C@@H]([C@@]1(C(=CC(=O)C=C1)CC2)C)[C@H](C3)O)CC4)C)(C(COC(CC)=O)=O)OC(OCC)=O,1,0.8911151885986328
2,GAT,[C@H]34[C@H]2[C@@H]([C@@]1(C(=CC(=O)C=C1)CC2)C)[C@@H](O)C[C@@]3([C@](C(COC(COC(CCCCCCCCCCCCCCCCC)=O)=O)=O)(O)CC4)C,1,0.9589390754699707
2,GAT,[C@]34([C@H]([C@H]2[C@@H]([C@@]1(C(=CC(=O)C=C1)CC2)C)[C@H](C3)O)CC[C@@]4(C(COC(CC(C)(C)C)=O)=O)O)C,1,0.9281235337257385
2,GAT,[C@H]12[C@@]([C@](C(CC)=O)(C)[C@@H](C1)C)(C[C@H](O)[C@H]3[C@H]2CCC4=CC(=O)C=C[C@]34C)C,1,0.8041290044784546
2,GAT,[C@H]24[C@H]1[C@@]([C@](O)([C@@H](C1)C)C(=O)CO)(C[C@H](O)[C@@H]2[C@@]3(C(=CC(=O)C=C3)C[C@H]4Cl)C)C,1,0.8484511971473694
2,GAT,[C@H]24[C@H]1[C@@]([C@@H](C(C(OCCCC)=O)=O)[C@@H](C1)C)(C[C@@H]([C@@H]2[C@@]3(C(=CC(=O)C=C3)[C@H](C4)F)C)O)C,1,0.8883569240570068
2,GAT,[C@H]24[C@H]1[C@@]([C@@H](C(CO)=O)[C@@H](C1)C)(C[C@@H]([C@@H]2[C@@]3(C(=CC(=O)C=C3)[C@H](C4)F)C)O)C,1,0.8717546463012695
2,GAT,[C@H]24[C@H]1[C@@]([C@](C(CO)=O)(O)CC1)(C[C@@H]([C@@H]2[C@@]3(C(=CC(=O)C=C3)[C@H](C4)F)C)O)C,1,0.884064257144928
2,GAT,[C@H]24[C@H]1[C@@]([C@](C(CO)=O)(O)CC1)(C[C@@H]([C@@H]2[C@@]3(C(=CC(=O)C=C3)[C@H](C4)C)C)O)C,1,0.821835994720459
2,GAT,[C@H]24[C@H]1[C@@]([C@](C(COC(C)=O)=O)(O)CC1)(C[C@@H]([C@@H]2[C@@]3(C(=CC(=O)C=C3)[C@H](C4)C)C)O)C,1,0.8532980680465698
2,GAT,[C@H]24[C@H]1[C@@]([C@](C(COC(CCC(O)=O)=O)=O)(O)CC1)(C[C@@H]([C@@H]2[C@@]3(C(=CC(=O)C=C3)[C@H](C4)C)C)O)C,1,0.759840726852417
2,GAT,[C@]12(C(=CC(C=C1)=O)[C@H](C[C@H]3[C@H]4[C@](C[C@@H]([C@H]23)O)([C@](C(=O)CO)(O)[C@@H](C4)C)C)F)C,1,0.25479060411453247
2,GAT,[C@]34([C@H]([C@H]2[C@@H]([C@@]1(C(=CC(=O)C=C1)CC2)C)[C@H](C3)O)CC[C@@]4(C(COC(C)=O)=O)O)C,1,0.9074246287345886
2,GAT,[C@]14([C@@](C(=O)COC(CCC(=O)[O-])=O)(CC[C@H]1[C@@H]3CCC2=CC(C=C[C@@]2([C@H]3[C@H](C4)O)C)=O)O)C.[Na+],1,0.899196982383728
2,GAT,C3=C(C2C(COC1=CC=C(OC)C=C1)CN(C)CC2)C=CC=C3,1,0.9199095964431763
2,GAT,CNCC[C@@H](O)[C@@H]1C[C@@H](CN1)SC2=C(N3[C@H]([C@H]2C)[C@@H]([C@@H](C)O)C3=O)C(O)=O,0,0.019488900899887085
2,GAT,C[C@@H](O)[C@@H]1[C@H]2SC(=C(N2C1=O)C(O)=O)SC3CC[S](=O)C3,0,0.06994582712650299
2,GAT,CC1(C)S[C@@H]2[C@H](NC(=O)CCC[C@@H](N)C(O)=O)C(=O)N2[C@H]1C(O)=O,0,0.018916847184300423
2,GAT,CN1CCC(=CC1)c2ccccc2,1,0.9643478989601135
2,GAT,[C@]34([C@H](C2[C@@](F)([C@@]1(C(=CC(=O)C=C1)[C@@H](F)C2)C)[C@@H](O)C3)C[C@H]5OC(O[C@@]45C(=O)COC(=O)C6CC6)(C)C)C,1,0.9529218077659607
2,GAT,C3=C(C1=NCCN=C2N(NC(=C12)C)C)C=CC=C3Cl,1,0.8957109451293945
2,GAT,C1=C4C(=CC=C1CN3CCC(NC(NC(C2=CC=CC=C2)=O)=O)CC3)C=CC=C4,1,0.774337649345398
2,GAT,[C@H](NC(C3=CC=C(NCC1=NC2=C(N=C1)NC(=NC2=O)N)C=C3)=O)(CCC(O)=O)C(O)=O,1,0.26770010590553284
2,GAT,C1=C(Cl)C=CC4=C1N(CCCN3CCC(N2CCCCC2)(CC3)C(N)=O)C5=C(CC4)C=CC=C5,1,0.9640924334526062
2,GAT,C1=CC=CC4=C1N(CCCN3CCC(N2CCCCC2)(CC3)C(N)=O)C5=C(CC4)C=CC=C5,1,0.9634608626365662
2,GAT,Cc1ccc(cc1)[S](=O)(=O)NC(=O)NN2CCCCCC2,0,0.8134194016456604
2,GAT,OC1OC(COCCOC(O)C(Cl)(Cl)Cl)C(OC2OC(COCCOCCOC(O)C(Cl)(Cl)Cl)CC(OC(O)C(Cl)(Cl)Cl)C2O)C(OCCOCCOC(O)C(Cl)(Cl)Cl)C1O,1,0.6590245366096497
2,GAT,COC(=O)[C@H]1[C@H](CC2CCC1N2C)OC(=O)c3ccccc3,1,0.5026258230209351
2,GAT,COc1ccc2nccc([C@H](O)[C@H]3C[C@@H]4CCN3C[C@@H]4C=C)c2c1,1,0.49049732089042664
2,GAT,[C@H]23C([C@@]1(OC(O[C@@H]1C2)(C)C)C(=O)COC(=O)C)(CC(O)[C@@]4(F)C3CC(=C5C4(CCC(=C5)OCCCl)C)C#N)C,1,0.9671105742454529
2,GAT,C1=CC(=CC=C1C(CCCN3CCC2(C(N(C)C(C2)=O)=O)CC3)=O)F,1,0.9444876909255981
2,GAT,C2=C(C(C[N]1C=CN=C1)=O)C=CC3=CC=CC=C23,1,0.8328734636306763
2,GAT,CN(C)[C@H]1[C@@H]2[C@@H](O)[C@@H]3C(=C)c4cccc(O)c4C(=C3C(=O)[C@]2(O)C(=O)\C(=C(N)/O)C1=O)O,0,0.044854938983917236
2,GAT,CC(C)(C)NC(=O)[C@@H]1CN(CCN1C[C@@H](O)C[C@@H](Cc2ccccc2)C(=O)N[C@@H]3[C@H](O)Cc4ccccc34)Cc5cccnc5,1,0.19082807004451752
2,GAT,Cc1onc(N[S](=O)(=O)c2ccc(N)cc2)c1,1,0.5764502882957458
2,GAT,C1=CC(=CC=C1[S](NC2=NOC(=C2)C)(=O)=O)N,1,0.5764502882957458
2,GAT,OC[C@H]1O[C@@H](OC2=C(Oc3cc(O)cc(O)c3C2=O)c4ccc(O)c(O)c4)[C@H](O)[C@@H](O)[C@@H]1O,0,0.03181735798716545
2,GAT,CC/C=C(C(=O)N[C@H]1[C@H]2SCC(=C(N2C1=O)C(O)=O)COC(N)=O)/c3csc(N)n3,0,0.19151242077350616
2,GAT,O.O.Nc1scc(n1)\C(=C\CC(O)=O)C(=O)N[C@H]2[C@H]3SCC=C(N3C2=O)C(O)=O,0,0.09490329027175903
2,GAT,C[C@]12CC[C@H]3[C@@H](CCc4cc(O)ccc34)[C@@H]1CC[C@@H]2O,0,0.3182927072048187
2,GAT,C[C@]12CC[C@H]3[C@@H](CCc4cc(O)ccc34)[C@@H]1CC[C@@]2(O)C#C,0,0.7633048892021179
2,GAT,COc1ccc2[C@H]3CC[C@@]4(C)[C@@H](CC[C@@]4(O)C#C)[C@@H]3CCc2c1,0,0.9340085387229919
2,GAT,CO/N=C(C(=O)N[C@H]1[C@H]2SCC(=C(N2C1=O)C(O)=O)CSc3snnc3)/c4csc(N)n4,0,0.16978302597999573
2,GAT,C1=CC=CC=C1C2=NCC(NC3=C2[N](N=C3C)CC)=O,1,0.8896206021308899
2,GAT,COc2cc1oc(=O)c(C)c(C)c1cc2OCCCN3CCN(CC3)c4ccccc4OC,1,0.8878159523010254
2,GAT,Cc1sc(SCC2=C(N3[C@H](SC2)[C@H](NC(=O)CN4C=C(Cl)C(=O)C(=C4)Cl)C3=O)C(O)=O)nn1,0,0.1210453063249588
2,GAT,C1=CC=CC2=C1C(=NS2)N5CCN(CCC4=CC3=C(NC(C3)=O)C=C4Cl)CC5,1,0.8933205008506775
2,GAT,CN(C)CC\C=C/1c2ccccc2Sc3ccc(Cl)cc13,1,0.9239402413368225
2,GAT,C1=CC=CC3=C1C(C2=C(C=CC=C2)S3)=CCCN(C)C,1,0.9205043911933899
2,GAT,CN(C)[C@H]1[C@@H]2C[C@H]3C(=C(O)c4c(O)cccc4[C@@]3(C)O)C(=O)[C@]2(O)C(=O)\C(=C(/O)NCN(C)CCN(C)CNC(/O)=C/5C(=O)[C@H]([C@@H]6C[C@H]7C(=C(O)c8c(O)cccc8[C@@]7(C)O)C(=O)[C@]6(O)C5=O)N(C)C)C1=O,0,0.16924721002578735
2,GAT,CC12C(C(CC1=O)CC2)(C)C,1,0.9845770001411438
2,GAT,C1=CC=CC=C1NC(OCC3(COC(NC2=CC=CC=C2)=O)CCCC3)=O,1,0.8565749526023865
2,GAT,CCCCC1C(=O)N(N(C1=O)c2ccccc2)c3ccccc3,0,0.6947668790817261
2,GAT,C4=C(C(C(=O)N1CCCC1)(C2=CC=CC=C2)C(CN3CCOCC3)C)C=CC=C4,1,0.9460767507553101
2,GAT,[O+]1=N[N](C=C1[N-]C(NC2=CC=CC=C2)=O)C(CC3=CC=CC=C3)C,1,0.7441883087158203
3,GCN,C1=CC(=NC2=C1C(C(=CN2CC)C(O)=O)=O)CC3=CC=CC=C3,1,0.5123396515846252
3,GCN,[C@]12(OC(O[C@@H]1C[C@@H]3C2(CC(O)[C@H]4C3CCC5=CC(=O)C=CC45C)C)(C)C)C(=O)CO,1,0.8720089793205261
3,GCN,CSc1ccc2Sc3ccccc3N(CCC4CCCCN4C)c2c1,1,0.9520134925842285
3,GCN,CN1CCCCC1CCN2c3ccccc3Sc4ccc(cc24)[S](C)(=O)=O,1,0.8926642537117004
3,GCN,CN1CCCCC1CCN2c3ccccc3Sc4ccc(cc24)[S](C)=O,1,0.8893099427223206
3,GCN,C1=C(OC)C=CC3=C1N(C2=C(C=CC=C2)S3)CCC4N(CCCC4)C,1,0.9512320160865784
3,GCN,c1cccn2c1nc(c2)CCN,0,0.886459231376648
3,GCN,NCCc1cn2c(n1)cccc2,0,0.886459231376648
3,GCN,c1c(nc2n1cccc2)CCN,0,0.886459231376648
3,GCN,[C@H]12N(CC[C@](C1C)(C3=C(C2=O)C=CC(=C3)O)C)CC4CC4,1,0.6418609619140625
3,GCN,C1=CC=NC=C1C(N2CCOCC2)=O,1,0.9125059843063354
3,GCN,CCCCc1nc(Cl)c(CO)n1Cc2ccc(cc2)c3ccccc3c4n[nH]nn4,0,0.9033280611038208
3,GCN,[C@@]45([C@@]3([C@H]([C@H]2[C@]([C@@]1(C(=CC(=O)CC1)CC2)C)(F)[C@H](C3)O)C[C@H]4OC(O5)(C)C)C)C(CCl)=O,1,0.8998960852622986
3,GCN,[C@H]23[C@@]([C@@]1(O[C@@H](O[C@@H]1C2)CCC)C(=O)CO)(C[C@H](O)[C@@]4(F)[C@H]3C[C@H](F)C5=CC(=O)CC[C@]45C)C,1,0.8523337841033936
3,GCN,C1=C(C(=C(C(=N1)C)O)CO)CSSCC2=CN=C(C(=C2CO)O)C,1,0.6596195101737976
3,GCN,C2=C(N1C(SCC1)=N)C(=CC(=C2)Cl)N,1,0.9160593152046204
3,GCN,[C@H]24C([C@@]1(O[C@@](O[C@@H]1C2)(C3=CC=CC=C3)C)C(=O)CO)(C[C@H](O)[C@@]5(F)C4CCC6=CC(=O)C=CC56C)C,1,0.916523814201355
3,GCN,OC(COc1ccc2OC(=CC(=O)c2c1)C(O)=O)COc3cccc4OC(=CC(=O)c34)C(O)=O,0,0.3736551105976105
3,GCN,CC(C)C[C@@H]1N2C(=O)[C@](NC(=O)[C@H]3CN(C)[C@@H]4Cc5c(Br)[nH]c6cccc(C4=C3)c56)(O[C@@]2(O)[C@@H]7CCCN7C1=O)C(C)C,0,0.6246982216835022
3,GCN,[NH]C(CC(C)C([N@@](C(C)(C)C)C(N)(C)N)(C)C)c1c(c(c[nH+][o+]1)C)[O-],1,0.7879946231842041
3,GCN,COc1cc2CCN(C)C3CC4(C=CC(=O)C=C4)c(c1O)c23,1,0.8747055530548096
3,GCN,c1(ccc(c(c1)Cl)Cl)CC(N1[C@H](CN2CCCC2)c2n(CC1)ccn2)=O,1,0.9347577095031738
3,GCN,c1(ccc(c(c1)Cl)Cl)CC(N1[C@H](C[N@@]2C[C@@H](CC2)O)c2n(CC1)ccn2)=O,0,0.9113481640815735
3,GCN,Clc1ccc2OC(=O)Nc2c1,1,0.842320442199707
3,GCN,COc1cccc2C(=O)c3c(O)c4C[C@](O)(C[C@H](O[C@H]5C[C@H](N)[C@H](O[C@H]6CCCCO6)[C@H](C)O5)c4c(O)c3C(=O)c12)C(=O)CO,0,0.17820100486278534
3,GCN,[C@@](O)(C5C6(OC)C2OC1=C(O)C=CC4=C1C23C(C(N(CC3)CC=C)C4)(C5)C=C6)(CCC)C,1,0.9176413416862488
3,GCN,C2=CC(=C3OC5C14C6(C(N(CC1)C)CC2=C34)CC(C5(OC)C=C6)C(O)(CCC)C)O,1,0.9318180084228516
3,GCN,CN=C1CN(O)C(=C2C=C(Cl)C=CC2=N1)c3ccccc3,1,0.9376456141471863
3,GCN,C5=C(C(CN1C2C4C(CC1)(C3=C(C2)C=CC(=C3)O)CCCC4)=O)C=CC=C5,1,0.9428735971450806
3,GCN,S=[P](N1CC1)(N2CC2)N3CC3,1,0.9594072699546814
3,GCN,C1=CC=C2C(=C1)C3C(O3)C4=CC=CC=C4N2C(=O)N,1,0.8926090002059937
3,GCN,NC(=O)N1c2ccccc2C3OC3c4ccccc14,1,0.8926090598106384
3,GCN,[C@@H]1(C3=C([C@H](C2=C1C=CC=C2)C)C=CC(=C3)C(F)(F)F)CCCN(C)C,1,0.8852757811546326
3,GCN,CCC(C)C(N)C1=NC(CS1)C(=O)N[C@@H](CC(C)C)C(=O)N[C@H](CCC(O)=O)C(=O)N[C@@H]([C@@H](C)CC)C(=O)NCCCC[C@@H]2NC(=O)[C@H](CC(N)=O)NC(=O)[C@@H](CC(O)=O)NC(=O)[C@H](Cc3[nH]cnc3)NC(=O)[C@@H](Cc4ccccc4)NC(=O)[C@@H](NC(=O)[C@@H](CCCN)NC2=O)[C@@H](C)CC,0,0.4534824788570404
3,GCN,C4=C3[NH]C1=C(CCNC1CC2=CC=CC=C2)C3=CC=C4,1,0.9313482642173767
3,GCN,C1=N[N]3C(=C1C(C2=NC=CC=C2)=O)N=CC=C3C4=CC=NC=C4,1,0.8303518295288086
3,GCN,C[C@]1(O)CC[C@H]2[C@@H]3CC[C@H]4CC(=O)OC[C@]4(C)[C@H]3CC[C@]12C,0,0.7930885553359985
3,GCN,CC(C)[C@@H](CN1CCCC1)N(C)C(=O)Cc2ccc(Cl)c(Cl)c2,1,0.8548316955566406
3,GCN,C1=C(C(=CC(=C1[S](NC)(=O)=O)N)OC)C(NCC2N(CCC2)CC=C)=O,1,0.6816133856773376
3,GCN,C1=C([S](CC)(=O)=O)C(=CC(=C1C(NCC2N(CCC2)CC)=O)OC)N,1,0.7901976704597473
3,GCN,C1=C(C(C)=O)C=CC(=C1C(NCC2N(CCC2)CC)=O)OC,1,0.8951898813247681
3,GCN,C1=C(C(=CC=C1[S](N)(=O)=O)OC)C(NCC2N(CCC2)C)=O,1,0.7727546095848083
3,GCN,C1=C([S](CC)(=O)=O)C=CC(=C1C(NCC2N(CCC2)CC)=O)OC,1,0.825600802898407
3,GCN,C1=C([S](N)(=O)=O)C=C(C(=C1C(NCC2N(CCC2)CC=C)=O)OC)OC,1,0.7499389052391052
3,GCN,C1=C([S](N)(=O)=O)C=CC(=C1C(NCC2N(CCC2)CCC)=O)OC,1,0.7770999073982239
3,GCN,C1=C([S](=O)(=O)N)C=CC(=C1C(NCC2N(CC)CCC2)=O)OC,1,0.7718376517295837
3,GCN,CN(C)Cc1ccnc(c2cccc(NC3C([N+]([O-])=O)=CC=N3)c2)c1,1,0.8901708722114563
3,GCN,C1=C2C(=CC=C1)CCC(=C2)CC3=NCNC3,1,0.9585506319999695
3,GCN,[C@@H]4(C1=C2C(=CC(=C1)Br)CCO2)C3=C(C=C(Cl)C(=C3)O)CCN(C4)C,1,0.8762328028678894
3,GCN,[C@@H]4(C1=CC=CC2=C1OCC2)C3=CC(=C(Cl)C=C3CCN(C4)C)O.CC(=O)O,1,0.7907938957214355
3,GCN,CC1(C)S[C@@H]2[C@H](NC(=O)[C@H](N)c3ccccc3)C(=O)N2[C@H]1C(O)=O.CC4(C)[C@@H](N5[C@@H](CC5=O)[S]4(=O)=O)C(O)=O,0,0.015423879027366638
3,GCN,C1CN2CCC1C(C2)CN3c4ccccc4Sc5ccccc35,0,0.9628793597221375
3,GCN,C1=CC=CC2=C1SC5=C(N2CC3C4CCN(C3)CC4)C=CC=C5,1,0.9628792405128479
3,GCN,CC(C)[C@H](NC(=O)[C@H](Cc1ccccc1)NC(=O)CNC(=O)[C@@H](C)NC(=O)[C@@H](N)Cc2ccc(O)cc2)C(N)=O,0,0.30666035413742065
3,GCN,C1=CC=CC(=C1N2C(=NC3=C(C2=O)C=CC=C3)\C=C\C4=NC=CC=C4)C,1,0.8567190170288086
3,GCN,C(Cl)Cl,1,0.9412870407104492
3,GCN,CCCC(C)C,1,0.8931577205657959
3,GCN,ClCC(F)(F)F,1,0.9911090135574341
3,GCN,[Na+].[Na+].[Na+].[O-]C(=O)[P]([O-])([O-])=O,1,0.7393847107887268
3,GCN,NC(CO)(CO)CO,0,0.6854251027107239
3,GCN,NC(N)=O,1,0.7814692258834839
3,GCN,OC(=O)CCCCCCCC(O)=O,0,0.6634499430656433
3,GCN,[Cl-].CC(C[N+](C)(C)C)OC(N)=O,0,0.7940530180931091
3,GCN,C[S](=O)(=O)OCCCCO[S](C)(=O)=O,1,0.41374120116233826
3,GCN,CCCCNC(=O)OCC(C)(CCC)COC(N)=O,1,0.8549320101737976
3,GCN,CCCC(CCC)C(O)=O,1,0.4289248287677765
3,GCN,NC(=O)NO,1,0.5098856091499329
3,GCN,ClCCNC(=O)N(CCCl)N=O,1,0.8040390014648438
3,GCN,OCC(O)C(O)C(O)C(O)CO,0,0.03697199374437332
3,GCN,FCOC(C(F)(F)F)C(F)(F)F,1,0.9836701154708862
3,GCN,[Na+].[O-][S](=O)(=O)CCS,0,0.3376331627368927
3,GCN,CC(Cl)(Cl)Cl,1,0.9845746159553528
3,GCN,C(CCl)(F)(F)F,1,0.9911090135574341
3,GCN,CC(C)CO,1,0.7532477378845215
3,GCN,CCC(C)(C)C,1,0.9312587976455688
3,GCN,CCCC(C)CC,1,0.8960778713226318
3,GCN,CCC(C)CC,1,0.8856608867645264
3,GCN,CCC(C)=O,1,0.9094520211219788
3,GCN,ClCCl,1,0.9412870407104492
3,GCN,CCOCC,1,0.884843647480011
3,GCN,C=COC=C,1,0.8463846445083618
3,GCN,FC(F)OC(F)(F)C(F)Cl,1,0.9603031277656555
3,GCN,CCO,1,0.762945294380188
3,GCN,FC(F)(F)COC=C,1,0.9748737215995789
3,GCN,FC(F)(F)C(Cl)Br,1,0.9333086609840393
3,GCN,CCCCCCC,1,0.93817138671875
3,GCN,CCCCCC,1,0.9385239481925964
3,GCN,FC(F)OC(Cl)C(F)(F)F,1,0.958123505115509
3,GCN,COC(F)(F)C(Cl)Cl,1,0.9730778336524963
3,GCN,CCC(C)C(CC)C(=O)NC(N)=O,1,0.655634343624115
3,GCN,CCCCC,1,0.9390146136283875
3,GCN,CCCO,1,0.8481942415237427
3,GCN,CC(C)=O,1,0.9253514409065247
3,GCN,OC(O)C(Cl)(Cl)Cl,1,0.6160054206848145
3,GCN,C[N+](C)(C)CCO,1,0.7953591346740723
3,GCN,FC(Br)C(F)(F)F,1,0.8709660172462463
3,GCN,CN(C)CCO,1,0.8840745687484741
3,GCN,ClC=C(Cl)Cl,1,0.9618982672691345
3,GCN,ClC(Cl)Cl,1,0.9762125611305237
3,GCN,CC(C)O,1,0.15657536685466766
3,GCN,CC\C(=C/C)C(=O)NC(N)=O,1,0.7537868618965149
3,GCN,CCC(C)(CC)OC(N)=O,1,0.8702877759933472
3,GCN,CCC(O)(\C=C\Cl)C#C,1,0.5027482509613037
3,GCN,CCCC(C)(COC(N)=O)COC(N)=O,1,0.8384309411048889
3,GCN,NCCCNCCS[P](O)(O)=O,0,0.7574173808097839
3,GCN,CCC(C)(O)C#C,1,0.4425092935562134
3,GCN,CCN(CC)C(=S)SSC(=S)N(CC)CC,1,0.13141141831874847
3,GCN,CC[C@@H](CO)NCCN[C@@H](CC)CO,0,0.7139400243759155
3,GCN,ClC(C(F)(F)Cl)(F)F,1,0.996268630027771
3,GCN,C(C(C(NC(NC(C)=O)=O)=O)(CC)Br)C,1,0.7335191965103149
3,GCN,C(C(NC(C)=O)C(O)=O)CC(N)=O,1,0.3476266860961914
3,GCN,C(C(C)(C)O)C,1,0.8352250456809998
3,GCN,[C@H](CCCNC(C)=O)(C(O)=O)NC(C)=O,1,0.4117371737957001
3,GCN,CC(C(C(NC(N)=O)=O)Br)C,1,0.05037546902894974
3,GCN,C(Br)(Br)Br,1,0.0002628799411468208
3,GCN,C(C(CCCC)CC)NC(CC(C)O)=O,1,0.7988887429237366
3,GCN,C(C(OC(C(Cl)(Cl)Cl)O)C)C(C)(C)O,1,0.8143625855445862
3,GCN,C(Cl)(Cl)Cl,1,0.9762125611305237
3,GCN,C(C(Cl)(Cl)Cl)OC(OCC(Cl)(Cl)Cl)=O,1,0.9471774697303772
3,GCN,C(C(N(C(\C=C\C)=O)CC)C(N(C)C)=O)C,1,0.7703415155410767
3,GCN,C(C)Cl,1,0.9319479465484619
3,GCN,C=C,1,0.9457037448883057
3,GCN,[C@H](C(NCCCC(O)=O)=O)(C(CO)(C)C)O,1,0.44733133912086487
3,GCN,C(C(C(C)C)(C(N)=O)Br)C,1,0.8734490275382996
3,GCN,C(C(C(CC)C)(COC(N)=O)C)OC(N)=O,1,0.822523832321167
3,GCN,CNC(NC(C(Cl)(Cl)Cl)O)=O,1,0.6699916124343872
3,GCN,C(NCC(N)=O)CCCC,1,0.876879870891571
3,GCN,C(C(COC(N)=O)(C(CC)C)C)OC(NC(C)C)=O,1,0.7830290794372559
3,GCN,C(C(F)(F)F)F,1,0.9936052560806274
3,GCN,C(C(NN)C)CCCCC,1,0.8543655872344971
3,GCN,CC(C(C(OC(N)=O)C)C)OC(N)=O,1,0.313001811504364
3,GCN,C(C(COC(C(Cl)(Cl)Cl)O)(COC(C(Cl)(Cl)Cl)O)COC(C(Cl)(Cl)Cl)O)OC(C(Cl)(Cl)Cl)O,1,0.8805089592933655
3,GCN,C(NC(C(C)(C)C)=O)CCC(O)=O,1,0.7672907710075378
3,GCN,[C@@H](CC(=O)O)(CC(C)C)CN,1,0.5011110901832581
3,GCN,[CH2-][CH-]C,1,0.7495059967041016
3,GCN,C([S](C(C)(C)[S](=O)(=O)CC)(=O)=O)C,1,0.5043333768844604
3,GCN,BrCC(O)(Br)Br,1,0.8198589086532593
3,GCN,O=[P](O)(OCC(Cl)(Cl)Cl)O,1,0.8750540018081665
3,GCN,NC(=O)OCC,1,0.8234845399856567
3,GCN,C(C(C(N)=O)(CCC)CCC)CC,1,0.9002520442008972
3,GCN,C(C(C(OCOC(C(C)(C)C)=O)=O)CCC)CC,1,0.8466699719429016
3,GCN,C(C(C=C)N)CC(O)=O,1,0.602755606174469
3,GCN,C(=C)OC=C,1,0.8463846445083618
3,GCN,C(OC(NC(C(Cl)(Cl)Cl)O)=O)C,1,0.7504630088806152
3,GCN,C(C(C(NC(N)=O)=O)(CC)Br)C,1,0.8167062401771545
3,GCN,ClC(CCC)O,1,0.8017423748970032
3,GCN,C(C(N(C(\C=C\C)=O)CCC)C(N(C)C)=O)C,1,0.7790334224700928
3,GCN,O(C(C(F)(F)F)F)C(F)F,1,0.9404293298721313
3,GCN,COC(C(F)Br)(F)F,1,0.838680624961853
3,GCN,C(C([S](CC)(=O)=O)([S](CC)(=O)=O)C)C,1,0.583837628364563
3,GCN,C(C(C(N)=O)(CC)CC)C=C,1,0.8801096081733704
3,GCN,C(C(C(CC)C)C(N)=O)C,1,0.8173677921295166
3,GCN,C(C(CCC)C(N)=O)CC,1,0.8592628836631775
3,GCN,[N+](=[N-])=O,1,0.16374006867408752
3,GCN,NC(=O)N1c2ccccc2C=Cc3ccccc13,1,0.9324187636375427
3,GCN,C1=CC=CC2=C1N(C3=C(C=C2)C=CC=C3)CCCN(C)C,1,0.941961407661438
3,GCN,N1(Cc2cc(OCCCNc3oc4ccccc4n3)ccc2)CCCCC1,1,0.919667661190033
3,GCN,C1CN(CCC1)Cc1cccc(c1)OCCCNc1nc2c(o1)cccc2,1,0.919667661190033
3,GCN,Cc1noc(N[S](=O)(=O)c2ccc(N)cc2)c1C,1,0.7098476886749268
3,GCN,[C@@H](/C=C/C1=C(N=C(C(=C1C2=CC=C(C=C2)F)COC)C(C)C)C(C)C)(C[C@H](CC(O)=O)O)O,1,0.7508865594863892
3,GCN,C3=C(C1C(N(CCO1)CCOC(C(C2=CC=CC=C2)CC)=O)C)C=CC=C3,1,0.8858588933944702
3,GCN,C1=C2C(=CC=C1\C=C\C(C(C)(C)C)O)OCO2,1,0.8386572003364563
3,GCN,[H+].C2=C1OCC(OC1=C(C=C2)OCC)CNCCCC.[Cl-],1,0.9032931327819824
3,GCN,C1=CC=CC2=C1OC(CNCCCC)CO2,1,0.9031326174736023
3,GCN,CC(C)CCNCC2COc1ccccc1O2,1,0.8858481049537659
3,GCN,CN1CCN2C(C1)c3ccccc3Cc4ccccc24,1,0.9669610857963562
3,GCN,C1=CC=CC4=C1N(C3CCN(CCCC(C2=CC=C(F)C=C2)=O)CC3)C(N4)=S,1,0.867956280708313
3,GCN,OCC(C)(O)c1onc(c2ncn3c2CN(C)C(c4c3cccc4Cl)=O)n1,0,0.8648489117622375
3,GCN,OC(C)(C)c1onc(c2ncn3c2CN(C)C(c4c3cccc4Cl)=O)n1,0,0.8825476169586182
3,GCN,CN1C(=O)c2c(cccc2Cl)n2cnc(c2C1)c1noc(n1)C(C)C,1,0.8944425582885742
3,GCN,c12c(c(ccc1)Cl)C(N(Cc1n2cnc1c1nc(on1)[C@](CO)(C)O)C)=O,0,0.8502985239028931
3,GCN,CC(C)c1onc(n1)c2ncn3c2CN(C)C(=O)c4c(Cl)cccc34,1,0.8944425582885742
3,GCN,c12c(C(N(Cc3n1cnc3c1noc(n1)C(CO)(CO)C)C)=O)c(ccc2)Cl,0,0.8703393936157227
3,GCN,c12c(C(N(Cc3n1cnc3c1noc(n1)C(O)(C)C)C)=O)c(ccc2)Cl,0,0.8825476169586182
3,GCN,C(N1C(CCC1)=O)C(NNC(CN2C(CCC2)=O)=O)=O,1,0.9352108836174011
3,GCN,C1=CC=CC3=C1N(C2=C(C=CC=C2)[S]3(=O)=O)CC(CN(C)C)C,1,0.7755342125892639
3,GCN,COC(=O)C1=CCCN(C)C1,1,0.9531400799751282
3,GCN,CN1CC(=CCC1)\C=N\OC,1,0.953295111656189
3,GCN,CC(C)N=C1C=C2N(c3ccc(Cl)cc3)c4ccccc4N=C2C=C1Nc5ccc(Cl)cc5,0,0.9073824286460876
3,GCN,C(C(C3(C(CC4C2CCC1=CC(C=CC1(C)C2C(CC34C)O)=O)=C)O)=O)O,1,0.9345698952674866
3,GCN,c1ccc([C@H](C[N@]2CC[C@H](C2)O)N(C(Cc2ccccc2N)=O)C)cc1,0,0.8365995287895203
3,GCN,c1(ccccc1)[C@H](CN1CCCC1)N(C(=O)Cc1ccc(c(c1)Cl)Cl)C,1,0.906882107257843
3,GCN,C[C@H]1C[C@H]2[C@@H]3CC[C@](O)(C(=O)CO)[C@@]3(C)C[C@H](O)[C@@H]2[C@@]4(C)C=CC(=O)C=C14,0,0.7552321553230286
3,GCN,C[C@]12C[C@H](O)[C@H]3[C@@H](CCC4=CC(=O)C=C[C@]34C)[C@@H]1CC[C@]2(O)C(=O)CO,0,0.7343646287918091
3,GCN,[C@@]4([C@@]3([C@H]([C@H]2[C@@H]([C@@]1(C(=CC(=O)C=C1)C[C@H]2Cl)C)[C@H](C3)O)C[C@H]4C)C)(C(COC(CC)=O)=O)OC(CC)=O,1,0.7838553786277771
3,GCN,[C@@]4([C@@]3([C@H]([C@H]2[C@@H]([C@@]1(C(=CC(=O)C=C1)[C@H](C2)C)C)[C@H](C3)O)CC4)C)(C(COC(C)=O)=O)OC(CC)=O,1,0.7858119010925293
3,GCN,[C@]34([C@H]([C@H]2[C@@H]([C@@]1(C(=CC(=O)C=C1)[C@H](C2)F)C)[C@H](C3)O)C[C@H]([C@@]4(C(COC(C)=O)=O)O)C)C,1,0.7313844561576843
3,GCN,[C@@]4([C@@]3([C@H]([C@H]2[C@@H]([C@@]1(C(=CC(=O)C=C1)CC2)C)[C@H](C3)O)CC4)C)(C(COC(CC)=O)=O)OC(OCC)=O,1,0.8235672116279602
3,GCN,[C@H]34[C@H]2[C@@H]([C@@]1(C(=CC(=O)C=C1)CC2)C)[C@@H](O)C[C@@]3([C@](C(COC(COC(CCCCCCCCCCCCCCCCC)=O)=O)=O)(O)CC4)C,1,0.8752954006195068
3,GCN,[C@]34([C@H]([C@H]2[C@@H]([C@@]1(C(=CC(=O)C=C1)CC2)C)[C@H](C3)O)CC[C@@]4(C(COC(CC(C)(C)C)=O)=O)O)C,1,0.8277103900909424
3,GCN,[C@H]12[C@@]([C@](C(CC)=O)(C)[C@@H](C1)C)(C[C@H](O)[C@H]3[C@H]2CCC4=CC(=O)C=C[C@]34C)C,1,0.8171088099479675
3,GCN,[C@H]24[C@H]1[C@@]([C@](O)([C@@H](C1)C)C(=O)CO)(C[C@H](O)[C@@H]2[C@@]3(C(=CC(=O)C=C3)C[C@H]4Cl)C)C,1,0.705382227897644
3,GCN,[C@H]24[C@H]1[C@@]([C@@H](C(C(OCCCC)=O)=O)[C@@H](C1)C)(C[C@@H]([C@@H]2[C@@]3(C(=CC(=O)C=C3)[C@H](C4)F)C)O)C,1,0.6352817416191101
3,GCN,[C@H]24[C@H]1[C@@]([C@@H](C(CO)=O)[C@@H](C1)C)(C[C@@H]([C@@H]2[C@@]3(C(=CC(=O)C=C3)[C@H](C4)F)C)O)C,1,0.728140115737915
3,GCN,[C@H]24[C@H]1[C@@]([C@](C(CO)=O)(O)CC1)(C[C@@H]([C@@H]2[C@@]3(C(=CC(=O)C=C3)[C@H](C4)F)C)O)C,1,0.7820410132408142
3,GCN,[C@H]24[C@H]1[C@@]([C@](C(CO)=O)(O)CC1)(C[C@@H]([C@@H]2[C@@]3(C(=CC(=O)C=C3)[C@H](C4)C)C)O)C,1,0.7454469203948975
3,GCN,[C@H]24[C@H]1[C@@]([C@](C(COC(C)=O)=O)(O)CC1)(C[C@@H]([C@@H]2[C@@]3(C(=CC(=O)C=C3)[C@H](C4)C)C)O)C,1,0.7735061049461365
3,GCN,[C@H]24[C@H]1[C@@]([C@](C(COC(CCC(O)=O)=O)=O)(O)CC1)(C[C@@H]([C@@H]2[C@@]3(C(=CC(=O)C=C3)[C@H](C4)C)C)O)C,1,0.7261220216751099
3,GCN,[C@]12(C(=CC(C=C1)=O)[C@H](C[C@H]3[C@H]4[C@](C[C@@H]([C@H]23)O)([C@](C(=O)CO)(O)[C@@H](C4)C)C)F)C,1,0.663761556148529
3,GCN,[C@]34([C@H]([C@H]2[C@@H]([C@@]1(C(=CC(=O)C=C1)CC2)C)[C@H](C3)O)CC[C@@]4(C(COC(C)=O)=O)O)C,1,0.8089174032211304
3,GCN,[C@]14([C@@](C(=O)COC(CCC(=O)[O-])=O)(CC[C@H]1[C@@H]3CCC2=CC(C=C[C@@]2([C@H]3[C@H](C4)O)C)=O)O)C.[Na+],1,0.8151766061782837
3,GCN,CC[C@@]1(O)C(=O)OCC2=C1C=C3N(Cc4cc5c(CN(C)C)c(O)ccc5nc34)C2=O,1,0.8914042711257935
3,GCN,C1=C(Cl)C=CC(=C1C(C2=C(C=CC=C2)Cl)=O)N(C(CNC3CC3)=O)C,1,0.8411634564399719
3,GCN,C2C1=NN=N[N]1CCCC2,1,0.9366320967674255
3,GCN,OCCN1CCN(CC\C=C/2c3ccccc3COc4ccc(Cl)cc24)CC1,1,0.9417322278022766
3,GraphSAGE,C1=CC(=NC2=C1C(C(=CN2CC)C(O)=O)=O)CC3=CC=CC=C3,1,0.5801258087158203
3,GraphSAGE,[C@]12(OC(O[C@@H]1C[C@@H]3C2(CC(O)[C@H]4C3CCC5=CC(=O)C=CC45C)C)(C)C)C(=O)CO,1,0.7353714108467102
3,GraphSAGE,CSc1ccc2Sc3ccccc3N(CCC4CCCCN4C)c2c1,1,0.8047196269035339
3,GraphSAGE,CN1CCCCC1CCN2c3ccccc3Sc4ccc(cc24)[S](C)(=O)=O,1,0.7546045184135437
3,GraphSAGE,CN1CCCCC1CCN2c3ccccc3Sc4ccc(cc24)[S](C)=O,1,0.7221733331680298
3,GraphSAGE,C1=C(OC)C=CC3=C1N(C2=C(C=CC=C2)S3)CCC4N(CCCC4)C,1,0.8199207782745361
3,GraphSAGE,c1cccn2c1nc(c2)CCN,0,0.8361620306968689
3,GraphSAGE,NCCc1cn2c(n1)cccc2,0,0.8361620306968689
3,GraphSAGE,c1c(nc2n1cccc2)CCN,0,0.8361620306968689
3,GraphSAGE,[C@H]12N(CC[C@](C1C)(C3=C(C2=O)C=CC(=C3)O)C)CC4CC4,1,0.6246078610420227
3,GraphSAGE,C1=CC=NC=C1C(N2CCOCC2)=O,1,0.7780144810676575
3,GraphSAGE,CCCCc1nc(Cl)c(CO)n1Cc2ccc(cc2)c3ccccc3c4n[nH]nn4,0,0.7933411002159119
3,GraphSAGE,[C@@]45([C@@]3([C@H]([C@H]2[C@]([C@@]1(C(=CC(=O)CC1)CC2)C)(F)[C@H](C3)O)C[C@H]4OC(O5)(C)C)C)C(CCl)=O,1,0.788125216960907
3,GraphSAGE,[C@H]23[C@@]([C@@]1(O[C@@H](O[C@@H]1C2)CCC)C(=O)CO)(C[C@H](O)[C@@]4(F)[C@H]3C[C@H](F)C5=CC(=O)CC[C@]45C)C,1,0.7625696063041687
3,GraphSAGE,C1=C(C(=C(C(=N1)C)O)CO)CSSCC2=CN=C(C(=C2CO)O)C,1,0.6293301582336426
3,GraphSAGE,C2=C(N1C(SCC1)=N)C(=CC(=C2)Cl)N,1,0.7380924820899963
3,GraphSAGE,[C@H]24C([C@@]1(O[C@@](O[C@@H]1C2)(C3=CC=CC=C3)C)C(=O)CO)(C[C@H](O)[C@@]5(F)C4CCC6=CC(=O)C=CC56C)C,1,0.7786470651626587
3,GraphSAGE,OC(COc1ccc2OC(=CC(=O)c2c1)C(O)=O)COc3cccc4OC(=CC(=O)c34)C(O)=O,0,0.34528785943984985
3,GraphSAGE,CC(C)C[C@@H]1N2C(=O)[C@](NC(=O)[C@H]3CN(C)[C@@H]4Cc5c(Br)[nH]c6cccc(C4=C3)c56)(O[C@@]2(O)[C@@H]7CCCN7C1=O)C(C)C,0,0.5105183720588684
3,GraphSAGE,[NH]C(CC(C)C([N@@](C(C)(C)C)C(N)(C)N)(C)C)c1c(c(c[nH+][o+]1)C)[O-],1,0.6221361756324768
3,GraphSAGE,COc1cc2CCN(C)C3CC4(C=CC(=O)C=C4)c(c1O)c23,1,0.7027639150619507
3,GraphSAGE,c1(ccc(c(c1)Cl)Cl)CC(N1[C@H](CN2CCCC2)c2n(CC1)ccn2)=O,1,0.8212836980819702
3,GraphSAGE,c1(ccc(c(c1)Cl)Cl)CC(N1[C@H](C[N@@]2C[C@@H](CC2)O)c2n(CC1)ccn2)=O,0,0.7849621772766113
3,GraphSAGE,Clc1ccc2OC(=O)Nc2c1,1,0.558992862701416
3,GraphSAGE,COc1cccc2C(=O)c3c(O)c4C[C@](O)(C[C@H](O[C@H]5C[C@H](N)[C@H](O[C@H]6CCCCO6)[C@H](C)O5)c4c(O)c3C(=O)c12)C(=O)CO,0,0.3281182050704956
3,GraphSAGE,[C@@](O)(C5C6(OC)C2OC1=C(O)C=CC4=C1C23C(C(N(CC3)CC=C)C4)(C5)C=C6)(CCC)C,1,0.806777834892273
3,GraphSAGE,C2=CC(=C3OC5C14C6(C(N(CC1)C)CC2=C34)CC(C5(OC)C=C6)C(O)(CCC)C)O,1,0.8123809695243835
3,GraphSAGE,CN=C1CN(O)C(=C2C=C(Cl)C=CC2=N1)c3ccccc3,1,0.7641634941101074
3,GraphSAGE,C5=C(C(CN1C2C4C(CC1)(C3=C(C2)C=CC(=C3)O)CCCC4)=O)C=CC=C5,1,0.8180986642837524
3,GraphSAGE,S=[P](N1CC1)(N2CC2)N3CC3,1,0.8927869200706482
3,GraphSAGE,C1=CC=C2C(=C1)C3C(O3)C4=CC=CC=C4N2C(=O)N,1,0.6024017930030823
3,GraphSAGE,NC(=O)N1c2ccccc2C3OC3c4ccccc14,1,0.6024017930030823
3,GraphSAGE,[C@@H]1(C3=C([C@H](C2=C1C=CC=C2)C)C=CC(=C3)C(F)(F)F)CCCN(C)C,1,0.7495217323303223
3,GraphSAGE,CCC(C)C(N)C1=NC(CS1)C(=O)N[C@@H](CC(C)C)C(=O)N[C@H](CCC(O)=O)C(=O)N[C@@H]([C@@H](C)CC)C(=O)NCCCC[C@@H]2NC(=O)[C@H](CC(N)=O)NC(=O)[C@@H](CC(O)=O)NC(=O)[C@H](Cc3[nH]cnc3)NC(=O)[C@@H](Cc4ccccc4)NC(=O)[C@@H](NC(=O)[C@@H](CCCN)NC2=O)[C@@H](C)CC,0,0.4068382978439331
3,GraphSAGE,C4=C3[NH]C1=C(CCNC1CC2=CC=CC=C2)C3=CC=C4,1,0.833931028842926
3,GraphSAGE,C1=N[N]3C(=C1C(C2=NC=CC=C2)=O)N=CC=C3C4=CC=NC=C4,1,0.6843183040618896
3,GraphSAGE,C[C@]1(O)CC[C@H]2[C@@H]3CC[C@H]4CC(=O)OC[C@]4(C)[C@H]3CC[C@]12C,0,0.8387055397033691
3,GraphSAGE,CC(C)[C@@H](CN1CCCC1)N(C)C(=O)Cc2ccc(Cl)c(Cl)c2,1,0.7029546499252319
3,GraphSAGE,C1=C(C(=CC(=C1[S](NC)(=O)=O)N)OC)C(NCC2N(CCC2)CC=C)=O,1,0.6356882452964783
3,GraphSAGE,C1=C([S](CC)(=O)=O)C(=CC(=C1C(NCC2N(CCC2)CC)=O)OC)N,1,0.7268136143684387
3,GraphSAGE,C1=C(C(C)=O)C=CC(=C1C(NCC2N(CCC2)CC)=O)OC,1,0.7174407243728638
3,GraphSAGE,C1=C(C(=CC=C1[S](N)(=O)=O)OC)C(NCC2N(CCC2)C)=O,1,0.6526009440422058
3,GraphSAGE,C1=C([S](CC)(=O)=O)C=CC(=C1C(NCC2N(CCC2)CC)=O)OC,1,0.7494726777076721
3,GraphSAGE,C1=C([S](N)(=O)=O)C=C(C(=C1C(NCC2N(CCC2)CC=C)=O)OC)OC,1,0.6314929127693176
3,GraphSAGE,C1=C([S](N)(=O)=O)C=CC(=C1C(NCC2N(CCC2)CCC)=O)OC,1,0.685429573059082
3,GraphSAGE,C1=C([S](=O)(=O)N)C=CC(=C1C(NCC2N(CC)CCC2)=O)OC,1,0.6655546426773071
3,GraphSAGE,CN(C)Cc1ccnc(c2cccc(NC3C([N+]([O-])=O)=CC=N3)c2)c1,1,0.6517096757888794
3,GraphSAGE,C1=C2C(=CC=C1)CCC(=C2)CC3=NCNC3,1,0.8634161949157715
3,GraphSAGE,[C@@H]4(C1=C2C(=CC(=C1)Br)CCO2)C3=C(C=C(Cl)C(=C3)O)CCN(C4)C,1,0.7377661466598511
3,GraphSAGE,[C@@H]4(C1=CC=CC2=C1OCC2)C3=CC(=C(Cl)C=C3CCN(C4)C)O.CC(=O)O,1,0.6945184469223022
3,GraphSAGE,CC1(C)S[C@@H]2[C@H](NC(=O)[C@H](N)c3ccccc3)C(=O)N2[C@H]1C(O)=O.CC4(C)[C@@H](N5[C@@H](CC5=O)[S]4(=O)=O)C(O)=O,0,0.1302836835384369
3,GraphSAGE,C1CN2CCC1C(C2)CN3c4ccccc4Sc5ccccc35,0,0.8208439350128174
3,GraphSAGE,C1=CC=CC2=C1SC5=C(N2CC3C4CCN(C3)CC4)C=CC=C5,1,0.8208439350128174
3,GraphSAGE,CC(C)[C@H](NC(=O)[C@H](Cc1ccccc1)NC(=O)CNC(=O)[C@@H](C)NC(=O)[C@@H](N)Cc2ccc(O)cc2)C(N)=O,0,0.30067187547683716
3,GraphSAGE,C1=CC=CC(=C1N2C(=NC3=C(C2=O)C=CC=C3)\C=C\C4=NC=CC=C4)C,1,0.7087184190750122
3,GraphSAGE,C(Cl)Cl,1,0.781306803226471
3,GraphSAGE,CCCC(C)C,1,0.8489283919334412
3,GraphSAGE,ClCC(F)(F)F,1,0.8497471809387207
3,GraphSAGE,[Na+].[Na+].[Na+].[O-]C(=O)[P]([O-])([O-])=O,1,0.1483042985200882
3,GraphSAGE,NC(CO)(CO)CO,0,0.7588046193122864
3,GraphSAGE,NC(N)=O,1,0.31954967975616455
3,GraphSAGE,OC(=O)CCCCCCCC(O)=O,0,0.7489792704582214
3,GraphSAGE,[Cl-].CC(C[N+](C)(C)C)OC(N)=O,0,0.6940994262695312
3,GraphSAGE,C[S](=O)(=O)OCCCCO[S](C)(=O)=O,1,0.7578192949295044
3,GraphSAGE,CCCCNC(=O)OCC(C)(CCC)COC(N)=O,1,0.8124403357505798
3,GraphSAGE,CCCC(CCC)C(O)=O,1,0.5973005890846252
3,GraphSAGE,NC(=O)NO,1,0.20550759136676788
3,GraphSAGE,ClCCNC(=O)N(CCCl)N=O,1,0.7589536905288696
3,GraphSAGE,OCC(O)C(O)C(O)C(O)CO,0,0.11148261278867722
3,GraphSAGE,FCOC(C(F)(F)F)C(F)(F)F,1,0.6523094177246094
3,GraphSAGE,[Na+].[O-][S](=O)(=O)CCS,0,0.6401833295822144
3,GraphSAGE,CC(Cl)(Cl)Cl,1,0.7962120175361633
3,GraphSAGE,C(CCl)(F)(F)F,1,0.8497471809387207
3,GraphSAGE,CC(C)CO,1,0.706709623336792
3,GraphSAGE,CCC(C)(C)C,1,0.8721901774406433
3,GraphSAGE,CCCC(C)CC,1,0.8578137755393982
3,GraphSAGE,CCC(C)CC,1,0.8196344971656799
3,GraphSAGE,CCC(C)=O,1,0.8260611295700073
3,GraphSAGE,ClCCl,1,0.781306803226471
3,GraphSAGE,CCOCC,1,0.8804211020469666
3,GraphSAGE,C=COC=C,1,0.7487605214118958
3,GraphSAGE,FC(F)OC(F)(F)C(F)Cl,1,0.49381574988365173
3,GraphSAGE,CCO,1,0.81001216173172
3,GraphSAGE,FC(F)(F)COC=C,1,0.8284564018249512
3,GraphSAGE,FC(F)(F)C(Cl)Br,1,0.4330673813819885
3,GraphSAGE,CCCCCCC,1,0.905491292476654
3,GraphSAGE,CCCCCC,1,0.9082278609275818
3,GraphSAGE,FC(F)OC(Cl)C(F)(F)F,1,0.375528484582901
3,GraphSAGE,COC(F)(F)C(Cl)Cl,1,0.5827260613441467
3,GraphSAGE,CCC(C)C(CC)C(=O)NC(N)=O,1,0.5000306963920593
3,GraphSAGE,CCCCC,1,0.9049189686775208
3,GraphSAGE,CCCO,1,0.873516857624054
3,GraphSAGE,CC(C)=O,1,0.41545984148979187
3,GraphSAGE,OC(O)C(Cl)(Cl)Cl,1,0.15892168879508972
3,GraphSAGE,C[N+](C)(C)CCO,1,0.8486922383308411
3,GraphSAGE,FC(Br)C(F)(F)F,1,0.5044889450073242
3,GraphSAGE,CN(C)CCO,1,0.8450669050216675
3,GraphSAGE,ClC=C(Cl)Cl,1,0.41564446687698364
3,GraphSAGE,ClC(Cl)Cl,1,0.12850728631019592
3,GraphSAGE,CC(C)O,1,0.1864139884710312
3,GraphSAGE,CC\C(=C/C)C(=O)NC(N)=O,1,0.47332844138145447
3,GraphSAGE,CCC(C)(CC)OC(N)=O,1,0.8174082636833191
3,GraphSAGE,CCC(O)(\C=C\Cl)C#C,1,0.7156052589416504
3,GraphSAGE,CCCC(C)(COC(N)=O)COC(N)=O,1,0.8025055527687073
3,GraphSAGE,NCCCNCCS[P](O)(O)=O,0,0.7075567245483398
3,GraphSAGE,CCC(C)(O)C#C,1,0.751084566116333
3,GraphSAGE,CCN(CC)C(=S)SSC(=S)N(CC)CC,1,0.5300569534301758
3,GraphSAGE,CC[C@@H](CO)NCCN[C@@H](CC)CO,0,0.7144500613212585
3,GraphSAGE,ClC(C(F)(F)Cl)(F)F,1,0.801506519317627
3,GraphSAGE,C(C(C(NC(NC(C)=O)=O)=O)(CC)Br)C,1,0.5924064517021179
3,GraphSAGE,C(C(NC(C)=O)C(O)=O)CC(N)=O,1,0.4161577820777893
3,GraphSAGE,C(C(C)(C)O)C,1,0.8284909129142761
3,GraphSAGE,[C@H](CCCNC(C)=O)(C(O)=O)NC(C)=O,1,0.4152217209339142
3,GraphSAGE,CC(C(C(NC(N)=O)=O)Br)C,1,0.13663159310817719
3,GraphSAGE,C(Br)(Br)Br,1,0.08480613678693771
3,GraphSAGE,C(C(CCCC)CC)NC(CC(C)O)=O,1,0.7562623620033264
3,GraphSAGE,C(C(OC(C(Cl)(Cl)Cl)O)C)C(C)(C)O,1,0.5101103782653809
3,GraphSAGE,C(Cl)(Cl)Cl,1,0.12850728631019592
3,GraphSAGE,C(C(Cl)(Cl)Cl)OC(OCC(Cl)(Cl)Cl)=O,1,0.7404073476791382
3,GraphSAGE,C(C(N(C(\C=C\C)=O)CC)C(N(C)C)=O)C,1,0.5630013346672058
3,GraphSAGE,C(C)Cl,1,0.8970504999160767
3,GraphSAGE,C=C,1,0.8042268753051758
3,GraphSAGE,[C@H](C(NCCCC(O)=O)=O)(C(CO)(C)C)O,1,0.4811670184135437
3,GraphSAGE,C(C(C(C)C)(C(N)=O)Br)C,1,0.7764984965324402
3,GraphSAGE,C(C(C(CC)C)(COC(N)=O)C)OC(N)=O,1,0.7643948197364807
3,GraphSAGE,CNC(NC(C(Cl)(Cl)Cl)O)=O,1,0.31227946281433105
3,GraphSAGE,C(NCC(N)=O)CCCC,1,0.8319079875946045
3,GraphSAGE,C(C(COC(N)=O)(C(CC)C)C)OC(NC(C)C)=O,1,0.6815679669380188
3,GraphSAGE,C(C(F)(F)F)F,1,0.8636316657066345
3,GraphSAGE,C(C(NN)C)CCCCC,1,0.8446996212005615
3,GraphSAGE,CC(C(C(OC(N)=O)C)C)OC(N)=O,1,0.38414251804351807
3,GraphSAGE,C(C(COC(C(Cl)(Cl)Cl)O)(COC(C(Cl)(Cl)Cl)O)COC(C(Cl)(Cl)Cl)O)OC(C(Cl)(Cl)Cl)O,1,0.4144190847873688
3,GraphSAGE,C(NC(C(C)(C)C)=O)CCC(O)=O,1,0.7067980766296387
3,GraphSAGE,[C@@H](CC(=O)O)(CC(C)C)CN,1,0.5600432753562927
3,GraphSAGE,[CH2-][CH-]C,1,0.6787213683128357
3,GraphSAGE,C([S](C(C)(C)[S](=O)(=O)CC)(=O)=O)C,1,0.783685564994812
3,GraphSAGE,BrCC(O)(Br)Br,1,0.7379703521728516
3,GraphSAGE,O=[P](O)(OCC(Cl)(Cl)Cl)O,1,0.7499180436134338
3,GraphSAGE,NC(=O)OCC,1,0.7844688892364502
3,GraphSAGE,C(C(C(N)=O)(CCC)CCC)CC,1,0.8766628503799438
3,GraphSAGE,C(C(C(OCOC(C(C)(C)C)=O)=O)CCC)CC,1,0.7004664540290833
3,GraphSAGE,C(C(C=C)N)CC(O)=O,1,0.6753042936325073
3,GraphSAGE,C(=C)OC=C,1,0.7487605214118958
3,GraphSAGE,C(OC(NC(C(Cl)(Cl)Cl)O)=O)C,1,0.4075237810611725
3,GraphSAGE,C(C(C(NC(N)=O)=O)(CC)Br)C,1,0.6825815439224243
3,GraphSAGE,ClC(CCC)O,1,0.7816134095191956
3,GraphSAGE,C(C(N(C(\C=C\C)=O)CCC)C(N(C)C)=O)C,1,0.6053037643432617
3,GraphSAGE,O(C(C(F)(F)F)F)C(F)F,1,0.42410603165626526
3,GraphSAGE,COC(C(F)Br)(F)F,1,0.6359545588493347
3,GraphSAGE,C(C([S](CC)(=O)=O)([S](CC)(=O)=O)C)C,1,0.8291050791740417
3,GraphSAGE,C(C(C(N)=O)(CC)CC)C=C,1,0.8306217789649963
3,GraphSAGE,C(C(C(CC)C)C(N)=O)C,1,0.5948962569236755
3,GraphSAGE,C(C(CCC)C(N)=O)CC,1,0.7243290543556213
3,GraphSAGE,[N+](=[N-])=O,1,0.1973412036895752
3,GraphSAGE,NC(=O)N1c2ccccc2C=Cc3ccccc13,1,0.7031086683273315
3,GraphSAGE,C1=CC=CC2=C1N(C3=C(C=C2)C=CC=C3)CCCN(C)C,1,0.8408967852592468
3,GraphSAGE,N1(Cc2cc(OCCCNc3oc4ccccc4n3)ccc2)CCCCC1,1,0.8465065360069275
3,GraphSAGE,C1CN(CCC1)Cc1cccc(c1)OCCCNc1nc2c(o1)cccc2,1,0.8465065360069275
3,GraphSAGE,Cc1noc(N[S](=O)(=O)c2ccc(N)cc2)c1C,1,0.5867422223091125
3,GraphSAGE,[C@@H](/C=C/C1=C(N=C(C(=C1C2=CC=C(C=C2)F)COC)C(C)C)C(C)C)(C[C@H](CC(O)=O)O)O,1,0.48841217160224915
3,GraphSAGE,C3=C(C1C(N(CCO1)CCOC(C(C2=CC=CC=C2)CC)=O)C)C=CC=C3,1,0.7831007242202759
3,GraphSAGE,C1=C2C(=CC=C1\C=C\C(C(C)(C)C)O)OCO2,1,0.6469520330429077
3,GraphSAGE,[H+].C2=C1OCC(OC1=C(C=C2)OCC)CNCCCC.[Cl-],1,0.8049649596214294
3,GraphSAGE,C1=CC=CC2=C1OC(CNCCCC)CO2,1,0.8379679322242737
3,GraphSAGE,CC(C)CCNCC2COc1ccccc1O2,1,0.8129299879074097
3,GraphSAGE,CN1CCN2C(C1)c3ccccc3Cc4ccccc24,1,0.8577008247375488
3,GraphSAGE,C1=CC=CC4=C1N(C3CCN(CCCC(C2=CC=C(F)C=C2)=O)CC3)C(N4)=S,1,0.7691329717636108
3,GraphSAGE,OCC(C)(O)c1onc(c2ncn3c2CN(C)C(c4c3cccc4Cl)=O)n1,0,0.6857731938362122
3,GraphSAGE,OC(C)(C)c1onc(c2ncn3c2CN(C)C(c4c3cccc4Cl)=O)n1,0,0.6402144432067871
3,GraphSAGE,CN1C(=O)c2c(cccc2Cl)n2cnc(c2C1)c1noc(n1)C(C)C,1,0.6195322871208191
3,GraphSAGE,c12c(c(ccc1)Cl)C(N(Cc1n2cnc1c1nc(on1)[C@](CO)(C)O)C)=O,0,0.6578171253204346
3,GraphSAGE,CC(C)c1onc(n1)c2ncn3c2CN(C)C(=O)c4c(Cl)cccc34,1,0.6195322275161743
3,GraphSAGE,c12c(C(N(Cc3n1cnc3c1noc(n1)C(CO)(CO)C)C)=O)c(ccc2)Cl,0,0.7063849568367004
3,GraphSAGE,c12c(C(N(Cc3n1cnc3c1noc(n1)C(O)(C)C)C)=O)c(ccc2)Cl,0,0.6402144432067871
3,GraphSAGE,C(N1C(CCC1)=O)C(NNC(CN2C(CCC2)=O)=O)=O,1,0.8019054532051086
3,GraphSAGE,C1=CC=CC3=C1N(C2=C(C=CC=C2)[S]3(=O)=O)CC(CN(C)C)C,1,0.672426164150238
3,GraphSAGE,COC(=O)C1=CCCN(C)C1,1,0.7671573162078857
3,GraphSAGE,CN1CC(=CCC1)\C=N\OC,1,0.8655470013618469
3,GraphSAGE,CC(C)N=C1C=C2N(c3ccc(Cl)cc3)c4ccccc4N=C2C=C1Nc5ccc(Cl)cc5,0,0.7347733378410339
3,GraphSAGE,C(C(C3(C(CC4C2CCC1=CC(C=CC1(C)C2C(CC34C)O)=O)=C)O)=O)O,1,0.7717125415802002
3,GraphSAGE,c1ccc([C@H](C[N@]2CC[C@H](C2)O)N(C(Cc2ccccc2N)=O)C)cc1,0,0.7609257698059082
3,GraphSAGE,c1(ccccc1)[C@H](CN1CCCC1)N(C(=O)Cc1ccc(c(c1)Cl)Cl)C,1,0.7832732796669006
3,GraphSAGE,C[C@H]1C[C@H]2[C@@H]3CC[C@](O)(C(=O)CO)[C@@]3(C)C[C@H](O)[C@@H]2[C@@]4(C)C=CC(=O)C=C14,0,0.6423890590667725
3,GraphSAGE,C[C@]12C[C@H](O)[C@H]3[C@@H](CCC4=CC(=O)C=C[C@]34C)[C@@H]1CC[C@]2(O)C(=O)CO,0,0.6709195971488953
3,GraphSAGE,[C@@]4([C@@]3([C@H]([C@H]2[C@@H]([C@@]1(C(=CC(=O)C=C1)C[C@H]2Cl)C)[C@H](C3)O)C[C@H]4C)C)(C(COC(CC)=O)=O)OC(CC)=O,1,0.6289712190628052
3,GraphSAGE,[C@@]4([C@@]3([C@H]([C@H]2[C@@H]([C@@]1(C(=CC(=O)C=C1)[C@H](C2)C)C)[C@H](C3)O)CC4)C)(C(COC(C)=O)=O)OC(CC)=O,1,0.682847261428833
3,GraphSAGE,[C@]34([C@H]([C@H]2[C@@H]([C@@]1(C(=CC(=O)C=C1)[C@H](C2)F)C)[C@H](C3)O)C[C@H]([C@@]4(C(COC(C)=O)=O)O)C)C,1,0.5994299650192261
3,GraphSAGE,[C@@]4([C@@]3([C@H]([C@H]2[C@@H]([C@@]1(C(=CC(=O)C=C1)CC2)C)[C@H](C3)O)CC4)C)(C(COC(CC)=O)=O)OC(OCC)=O,1,0.7226323485374451
3,GraphSAGE,[C@H]34[C@H]2[C@@H]([C@@]1(C(=CC(=O)C=C1)CC2)C)[C@@H](O)C[C@@]3([C@](C(COC(COC(CCCCCCCCCCCCCCCCC)=O)=O)=O)(O)CC4)C,1,0.7987982034683228
3,GraphSAGE,[C@]34([C@H]([C@H]2[C@@H]([C@@]1(C(=CC(=O)C=C1)CC2)C)[C@H](C3)O)CC[C@@]4(C(COC(CC(C)(C)C)=O)=O)O)C,1,0.7233062386512756
3,GraphSAGE,[C@H]12[C@@]([C@](C(CC)=O)(C)[C@@H](C1)C)(C[C@H](O)[C@H]3[C@H]2CCC4=CC(=O)C=C[C@]34C)C,1,0.6975690126419067
3,GraphSAGE,[C@H]24[C@H]1[C@@]([C@](O)([C@@H](C1)C)C(=O)CO)(C[C@H](O)[C@@H]2[C@@]3(C(=CC(=O)C=C3)C[C@H]4Cl)C)C,1,0.5053842663764954
3,GraphSAGE,[C@H]24[C@H]1[C@@]([C@@H](C(C(OCCCC)=O)=O)[C@@H](C1)C)(C[C@@H]([C@@H]2[C@@]3(C(=CC(=O)C=C3)[C@H](C4)F)C)O)C,1,0.5063309073448181
3,GraphSAGE,[C@H]24[C@H]1[C@@]([C@@H](C(CO)=O)[C@@H](C1)C)(C[C@@H]([C@@H]2[C@@]3(C(=CC(=O)C=C3)[C@H](C4)F)C)O)C,1,0.5184172987937927
3,GraphSAGE,[C@H]24[C@H]1[C@@]([C@](C(CO)=O)(O)CC1)(C[C@@H]([C@@H]2[C@@]3(C(=CC(=O)C=C3)[C@H](C4)F)C)O)C,1,0.6570444107055664
3,GraphSAGE,[C@H]24[C@H]1[C@@]([C@](C(CO)=O)(O)CC1)(C[C@@H]([C@@H]2[C@@]3(C(=CC(=O)C=C3)[C@H](C4)C)C)O)C,1,0.6477152109146118
3,GraphSAGE,[C@H]24[C@H]1[C@@]([C@](C(COC(C)=O)=O)(O)CC1)(C[C@@H]([C@@H]2[C@@]3(C(=CC(=O)C=C3)[C@H](C4)C)C)O)C,1,0.6664400100708008
3,GraphSAGE,[C@H]24[C@H]1[C@@]([C@](C(COC(CCC(O)=O)=O)=O)(O)CC1)(C[C@@H]([C@@H]2[C@@]3(C(=CC(=O)C=C3)[C@H](C4)C)C)O)C,1,0.6686317920684814
3,GraphSAGE,[C@]12(C(=CC(C=C1)=O)[C@H](C[C@H]3[C@H]4[C@](C[C@@H]([C@H]23)O)([C@](C(=O)CO)(O)[C@@H](C4)C)C)F)C,1,0.5191633701324463
3,GraphSAGE,[C@]34([C@H]([C@H]2[C@@H]([C@@]1(C(=CC(=O)C=C1)CC2)C)[C@H](C3)O)CC[C@@]4(C(COC(C)=O)=O)O)C,1,0.7101262807846069
3,GraphSAGE,[C@]14([C@@](C(=O)COC(CCC(=O)[O-])=O)(CC[C@H]1[C@@H]3CCC2=CC(C=C[C@@]2([C@H]3[C@H](C4)O)C)=O)O)C.[Na+],1,0.7231632471084595
3,GraphSAGE,CC[C@@]1(O)C(=O)OCC2=C1C=C3N(Cc4cc5c(CN(C)C)c(O)ccc5nc34)C2=O,1,0.6981053352355957
3,GraphSAGE,C1=C(Cl)C=CC(=C1C(C2=C(C=CC=C2)Cl)=O)N(C(CNC3CC3)=O)C,1,0.6917861700057983
3,GraphSAGE,C2C1=NN=N[N]1CCCC2,1,0.8972983360290527
3,GraphSAGE,OCCN1CCN(CC\C=C/2c3ccccc3COc4ccc(Cl)cc24)CC1,1,0.8501058220863342
3,GAT,C1=CC(=NC2=C1C(C(=CN2CC)C(O)=O)=O)CC3=CC=CC=C3,1,0.7578766942024231
3,GAT,[C@]12(OC(O[C@@H]1C[C@@H]3C2(CC(O)[C@H]4C3CCC5=CC(=O)C=CC45C)C)(C)C)C(=O)CO,1,0.6274439096450806
3,GAT,CSc1ccc2Sc3ccccc3N(CCC4CCCCN4C)c2c1,1,0.8668599724769592
3,GAT,CN1CCCCC1CCN2c3ccccc3Sc4ccc(cc24)[S](C)(=O)=O,1,0.8184805512428284
3,GAT,CN1CCCCC1CCN2c3ccccc3Sc4ccc(cc24)[S](C)=O,1,0.827433705329895
3,GAT,C1=C(OC)C=CC3=C1N(C2=C(C=CC=C2)S3)CCC4N(CCCC4)C,1,0.8652145266532898
3,GAT,c1cccn2c1nc(c2)CCN,0,0.8840786814689636
3,GAT,NCCc1cn2c(n1)cccc2,0,0.8840786814689636
3,GAT,c1c(nc2n1cccc2)CCN,0,0.8840786814689636
3,GAT,[C@H]12N(CC[C@](C1C)(C3=C(C2=O)C=CC(=C3)O)C)CC4CC4,1,0.7218271493911743
3,GAT,C1=CC=NC=C1C(N2CCOCC2)=O,1,0.8372426629066467
3,GAT,CCCCc1nc(Cl)c(CO)n1Cc2ccc(cc2)c3ccccc3c4n[nH]nn4,0,0.835497260093689
3,GAT,[C@@]45([C@@]3([C@H]([C@H]2[C@]([C@@]1(C(=CC(=O)CC1)CC2)C)(F)[C@H](C3)O)C[C@H]4OC(O5)(C)C)C)C(CCl)=O,1,0.5780882239341736
3,GAT,[C@H]23[C@@]([C@@]1(O[C@@H](O[C@@H]1C2)CCC)C(=O)CO)(C[C@H](O)[C@@]4(F)[C@H]3C[C@H](F)C5=CC(=O)CC[C@]45C)C,1,0.5074870586395264
3,GAT,C1=C(C(=C(C(=N1)C)O)CO)CSSCC2=CN=C(C(=C2CO)O)C,1,0.733092725276947
3,GAT,C2=C(N1C(SCC1)=N)C(=CC(=C2)Cl)N,1,0.7638413310050964
3,GAT,[C@H]24C([C@@]1(O[C@@](O[C@@H]1C2)(C3=CC=CC=C3)C)C(=O)CO)(C[C@H](O)[C@@]5(F)C4CCC6=CC(=O)C=CC56C)C,1,0.649732768535614
3,GAT,OC(COc1ccc2OC(=CC(=O)c2c1)C(O)=O)COc3cccc4OC(=CC(=O)c34)C(O)=O,0,0.6033205986022949
3,GAT,CC(C)C[C@@H]1N2C(=O)[C@](NC(=O)[C@H]3CN(C)[C@@H]4Cc5c(Br)[nH]c6cccc(C4=C3)c56)(O[C@@]2(O)[C@@H]7CCCN7C1=O)C(C)C,0,0.5827718377113342
3,GAT,[NH]C(CC(C)C([N@@](C(C)(C)C)C(N)(C)N)(C)C)c1c(c(c[nH+][o+]1)C)[O-],1,0.7352300882339478
3,GAT,COc1cc2CCN(C)C3CC4(C=CC(=O)C=C4)c(c1O)c23,1,0.753790557384491
3,GAT,c1(ccc(c(c1)Cl)Cl)CC(N1[C@H](CN2CCCC2)c2n(CC1)ccn2)=O,1,0.8065585494041443
3,GAT,c1(ccc(c(c1)Cl)Cl)CC(N1[C@H](C[N@@]2C[C@@H](CC2)O)c2n(CC1)ccn2)=O,0,0.7175347208976746
3,GAT,Clc1ccc2OC(=O)Nc2c1,1,0.684564471244812
3,GAT,COc1cccc2C(=O)c3c(O)c4C[C@](O)(C[C@H](O[C@H]5C[C@H](N)[C@H](O[C@H]6CCCCO6)[C@H](C)O5)c4c(O)c3C(=O)c12)C(=O)CO,0,0.5215122103691101
3,GAT,[C@@](O)(C5C6(OC)C2OC1=C(O)C=CC4=C1C23C(C(N(CC3)CC=C)C4)(C5)C=C6)(CCC)C,1,0.7912880182266235
3,GAT,C2=CC(=C3OC5C14C6(C(N(CC1)C)CC2=C34)CC(C5(OC)C=C6)C(O)(CCC)C)O,1,0.7944174408912659
3,GAT,CN=C1CN(O)C(=C2C=C(Cl)C=CC2=N1)c3ccccc3,1,0.770054280757904
3,GAT,C5=C(C(CN1C2C4C(CC1)(C3=C(C2)C=CC(=C3)O)CCCC4)=O)C=CC=C5,1,0.8452519178390503
3,GAT,S=[P](N1CC1)(N2CC2)N3CC3,1,0.8376719951629639
3,GAT,C1=CC=C2C(=C1)C3C(O3)C4=CC=CC=C4N2C(=O)N,1,0.7095663547515869
3,GAT,NC(=O)N1c2ccccc2C3OC3c4ccccc14,1,0.7095663547515869
3,GAT,[C@@H]1(C3=C([C@H](C2=C1C=CC=C2)C)C=CC(=C3)C(F)(F)F)CCCN(C)C,1,0.7582274675369263
3,GAT,CCC(C)C(N)C1=NC(CS1)C(=O)N[C@@H](CC(C)C)C(=O)N[C@H](CCC(O)=O)C(=O)N[C@@H]([C@@H](C)CC)C(=O)NCCCC[C@@H]2NC(=O)[C@H](CC(N)=O)NC(=O)[C@@H](CC(O)=O)NC(=O)[C@H](Cc3[nH]cnc3)NC(=O)[C@@H](Cc4ccccc4)NC(=O)[C@@H](NC(=O)[C@@H](CCCN)NC2=O)[C@@H](C)CC,0,0.5147817730903625
3,GAT,C4=C3[NH]C1=C(CCNC1CC2=CC=CC=C2)C3=CC=C4,1,0.8705193996429443
3,GAT,C1=N[N]3C(=C1C(C2=NC=CC=C2)=O)N=CC=C3C4=CC=NC=C4,1,0.7942270040512085
3,GAT,C[C@]1(O)CC[C@H]2[C@@H]3CC[C@H]4CC(=O)OC[C@]4(C)[C@H]3CC[C@]12C,0,0.6685664057731628
3,GAT,CC(C)[C@@H](CN1CCCC1)N(C)C(=O)Cc2ccc(Cl)c(Cl)c2,1,0.7323471903800964
3,GAT,C1=C(C(=CC(=C1[S](NC)(=O)=O)N)OC)C(NCC2N(CCC2)CC=C)=O,1,0.7228663563728333
3,GAT,C1=C([S](CC)(=O)=O)C(=CC(=C1C(NCC2N(CCC2)CC)=O)OC)N,1,0.7484789490699768
3,GAT,C1=C(C(C)=O)C=CC(=C1C(NCC2N(CCC2)CC)=O)OC,1,0.7693658471107483
3,GAT,C1=C(C(=CC=C1[S](N)(=O)=O)OC)C(NCC2N(CCC2)C)=O,1,0.704091489315033
3,GAT,C1=C([S](CC)(=O)=O)C=CC(=C1C(NCC2N(CCC2)CC)=O)OC,1,0.7609933614730835
3,GAT,C1=C([S](N)(=O)=O)C=C(C(=C1C(NCC2N(CCC2)CC=C)=O)OC)OC,1,0.7115685939788818
3,GAT,C1=C([S](N)(=O)=O)C=CC(=C1C(NCC2N(CCC2)CCC)=O)OC,1,0.7471957206726074
3,GAT,C1=C([S](=O)(=O)N)C=CC(=C1C(NCC2N(CC)CCC2)=O)OC,1,0.7272042632102966
3,GAT,CN(C)Cc1ccnc(c2cccc(NC3C([N+]([O-])=O)=CC=N3)c2)c1,1,0.7612661123275757
3,GAT,C1=C2C(=CC=C1)CCC(=C2)CC3=NCNC3,1,0.8945608139038086
3,GAT,[C@@H]4(C1=C2C(=CC(=C1)Br)CCO2)C3=C(C=C(Cl)C(=C3)O)CCN(C4)C,1,0.7747480273246765
3,GAT,[C@@H]4(C1=CC=CC2=C1OCC2)C3=CC(=C(Cl)C=C3CCN(C4)C)O.CC(=O)O,1,0.748406708240509
3,GAT,CC1(C)S[C@@H]2[C@H](NC(=O)[C@H](N)c3ccccc3)C(=O)N2[C@H]1C(O)=O.CC4(C)[C@@H](N5[C@@H](CC5=O)[S]4(=O)=O)C(O)=O,0,0.3726141154766083
3,GAT,C1CN2CCC1C(C2)CN3c4ccccc4Sc5ccccc35,0,0.8699635863304138
3,GAT,C1=CC=CC2=C1SC5=C(N2CC3C4CCN(C3)CC4)C=CC=C5,1,0.8699635863304138
3,GAT,CC(C)[C@H](NC(=O)[C@H](Cc1ccccc1)NC(=O)CNC(=O)[C@@H](C)NC(=O)[C@@H](N)Cc2ccc(O)cc2)C(N)=O,0,0.5094902515411377
3,GAT,C1=CC=CC(=C1N2C(=NC3=C(C2=O)C=CC=C3)\C=C\C4=NC=CC=C4)C,1,0.8157827854156494
3,GAT,C(Cl)Cl,1,0.8119331002235413
3,GAT,CCCC(C)C,1,0.8972193598747253
3,GAT,ClCC(F)(F)F,1,0.5936896800994873
3,GAT,[Na+].[Na+].[Na+].[O-]C(=O)[P]([O-])([O-])=O,1,0.24677646160125732
3,GAT,NC(CO)(CO)CO,0,0.7583096623420715
3,GAT,NC(N)=O,1,0.40230655670166016
3,GAT,OC(=O)CCCCCCCC(O)=O,0,0.7112675309181213
3,GAT,[Cl-].CC(C[N+](C)(C)C)OC(N)=O,0,0.67559415102005
3,GAT,C[S](=O)(=O)OCCCCO[S](C)(=O)=O,1,0.5915102362632751
3,GAT,CCCCNC(=O)OCC(C)(CCC)COC(N)=O,1,0.7763301134109497
3,GAT,CCCC(CCC)C(O)=O,1,0.7557826042175293
3,GAT,NC(=O)NO,1,0.32979848980903625
3,GAT,ClCCNC(=O)N(CCCl)N=O,1,0.657733678817749
3,GAT,OCC(O)C(O)C(O)C(O)CO,0,0.3975573480129242
3,GAT,FCOC(C(F)(F)F)C(F)(F)F,1,0.44586747884750366
3,GAT,[Na+].[O-][S](=O)(=O)CCS,0,0.458558052778244
3,GAT,CC(Cl)(Cl)Cl,1,0.560061514377594
3,GAT,C(CCl)(F)(F)F,1,0.5936896800994873
3,GAT,CC(C)CO,1,0.7678284049034119
3,GAT,CCC(C)(C)C,1,0.9042366743087769
3,GAT,CCCC(C)CC,1,0.9140732884407043
3,GAT,CCC(C)CC,1,0.8990727663040161
3,GAT,CCC(C)=O,1,0.714893639087677
3,GAT,ClCCl,1,0.8119331002235413
3,GAT,CCOCC,1,0.9219873547554016
3,GAT,C=COC=C,1,0.8108379244804382
3,GAT,FC(F)OC(F)(F)C(F)Cl,1,0.3180537223815918
3,GAT,CCO,1,0.8517839908599854
3,GAT,FC(F)(F)COC=C,1,0.6654452681541443
3,GAT,FC(F)(F)C(Cl)Br,1,0.32843390107154846
3,GAT,CCCCCCC,1,0.9600469470024109
3,GAT,CCCCCC,1,0.9588981866836548
3,GAT,FC(F)OC(Cl)C(F)(F)F,1,0.3208795189857483
3,GAT,COC(F)(F)C(Cl)Cl,1,0.43035468459129333
3,GAT,CCC(C)C(CC)C(=O)NC(N)=O,1,0.60933518409729
3,GAT,CCCCC,1,0.9572374820709229
3,GAT,CCCO,1,0.899183988571167
3,GAT,CC(C)=O,1,0.5671560764312744
3,GAT,OC(O)C(Cl)(Cl)Cl,1,0.29909300804138184
3,GAT,C[N+](C)(C)CCO,1,0.8869282007217407
3,GAT,FC(Br)C(F)(F)F,1,0.32374876737594604
3,GAT,CN(C)CCO,1,0.8628028631210327
3,GAT,ClC=C(Cl)Cl,1,0.41333380341529846
3,GAT,ClC(Cl)Cl,1,0.305196613073349
3,GAT,CC(C)O,1,0.6074070334434509
3,GAT,CC\C(=C/C)C(=O)NC(N)=O,1,0.5541849732398987
3,GAT,CCC(C)(CC)OC(N)=O,1,0.7440539598464966
3,GAT,CCC(O)(\C=C\Cl)C#C,1,0.7202733755111694
3,GAT,CCCC(C)(COC(N)=O)COC(N)=O,1,0.6845483183860779
3,GAT,NCCCNCCS[P](O)(O)=O,0,0.7578603625297546
3,GAT,CCC(C)(O)C#C,1,0.7578946948051453
3,GAT,CCN(CC)C(=S)SSC(=S)N(CC)CC,1,0.6844955682754517
3,GAT,CC[C@@H](CO)NCCN[C@@H](CC)CO,0,0.683763325214386
3,GAT,ClC(C(F)(F)Cl)(F)F,1,0.3738631010055542
3,GAT,C(C(C(NC(NC(C)=O)=O)=O)(CC)Br)C,1,0.5647081136703491
3,GAT,C(C(NC(C)=O)C(O)=O)CC(N)=O,1,0.4421173334121704
3,GAT,C(C(C)(C)O)C,1,0.8206955790519714
3,GAT,[C@H](CCCNC(C)=O)(C(O)=O)NC(C)=O,1,0.4431484043598175
3,GAT,CC(C(C(NC(N)=O)=O)Br)C,1,0.40686509013175964
3,GAT,C(Br)(Br)Br,1,0.26794981956481934
3,GAT,C(C(CCCC)CC)NC(CC(C)O)=O,1,0.8025988936424255
3,GAT,C(C(OC(C(Cl)(Cl)Cl)O)C)C(C)(C)O,1,0.5359185338020325
3,GAT,C(Cl)(Cl)Cl,1,0.305196613073349
3,GAT,C(C(Cl)(Cl)Cl)OC(OCC(Cl)(Cl)Cl)=O,1,0.4866762161254883
3,GAT,C(C(N(C(\C=C\C)=O)CC)C(N(C)C)=O)C,1,0.6428734660148621
3,GAT,C(C)Cl,1,0.9086762070655823
3,GAT,C=C,1,0.9126043319702148
3,GAT,[C@H](C(NCCCC(O)=O)=O)(C(CO)(C)C)O,1,0.4687563180923462
3,GAT,C(C(C(C)C)(C(N)=O)Br)C,1,0.6407676339149475
3,GAT,C(C(C(CC)C)(COC(N)=O)C)OC(N)=O,1,0.6459906697273254
3,GAT,CNC(NC(C(Cl)(Cl)Cl)O)=O,1,0.3982209861278534
3,GAT,C(NCC(N)=O)CCCC,1,0.8603683114051819
3,GAT,C(C(COC(N)=O)(C(CC)C)C)OC(NC(C)C)=O,1,0.6575960516929626
3,GAT,C(C(F)(F)F)F,1,0.5931439995765686
3,GAT,C(C(NN)C)CCCCC,1,0.9056192636489868
3,GAT,CC(C(C(OC(N)=O)C)C)OC(N)=O,1,0.4445503354072571
3,GAT,C(C(COC(C(Cl)(Cl)Cl)O)(COC(C(Cl)(Cl)Cl)O)COC(C(Cl)(Cl)Cl)O)OC(C(Cl)(Cl)Cl)O,1,0.42705416679382324
3,GAT,C(NC(C(C)(C)C)=O)CCC(O)=O,1,0.6482236981391907
3,GAT,[C@@H](CC(=O)O)(CC(C)C)CN,1,0.6337168216705322
3,GAT,[CH2-][CH-]C,1,0.8000039458274841
3,GAT,C([S](C(C)(C)[S](=O)(=O)CC)(=O)=O)C,1,0.588111400604248
3,GAT,BrCC(O)(Br)Br,1,0.5012781620025635
3,GAT,O=[P](O)(OCC(Cl)(Cl)Cl)O,1,0.38215136528015137
3,GAT,NC(=O)OCC,1,0.5981178879737854
3,GAT,C(C(C(N)=O)(CCC)CCC)CC,1,0.8724778294563293
3,GAT,C(C(C(OCOC(C(C)(C)C)=O)=O)CCC)CC,1,0.7310394644737244
3,GAT,C(C(C=C)N)CC(O)=O,1,0.6354304552078247
3,GAT,C(=C)OC=C,1,0.8108379244804382
3,GAT,C(OC(NC(C(Cl)(Cl)Cl)O)=O)C,1,0.4487549066543579
3,GAT,C(C(C(NC(N)=O)=O)(CC)Br)C,1,0.6110013127326965
3,GAT,ClC(CCC)O,1,0.7207105755805969
3,GAT,C(C(N(C(\C=C\C)=O)CCC)C(N(C)C)=O)C,1,0.6804447174072266
3,GAT,O(C(C(F)(F)F)F)C(F)F,1,0.317961722612381
3,GAT,COC(C(F)Br)(F)F,1,0.41699522733688354
3,GAT,C(C([S](CC)(=O)=O)([S](CC)(=O)=O)C)C,1,0.6396188139915466
3,GAT,C(C(C(N)=O)(CC)CC)C=C,1,0.8098756670951843
3,GAT,C(C(C(CC)C)C(N)=O)C,1,0.7028989791870117
3,GAT,C(C(CCC)C(N)=O)CC,1,0.8062870502471924
3,GAT,[N+](=[N-])=O,1,0.3456248342990875
3,GAT,NC(=O)N1c2ccccc2C=Cc3ccccc13,1,0.7700799107551575
3,GAT,C1=CC=CC2=C1N(C3=C(C=C2)C=CC=C3)CCCN(C)C,1,0.8746572136878967
3,GAT,N1(Cc2cc(OCCCNc3oc4ccccc4n3)ccc2)CCCCC1,1,0.8961983919143677
3,GAT,C1CN(CCC1)Cc1cccc(c1)OCCCNc1nc2c(o1)cccc2,1,0.8961983919143677
3,GAT,Cc1noc(N[S](=O)(=O)c2ccc(N)cc2)c1C,1,0.6993210911750793
3,GAT,[C@@H](/C=C/C1=C(N=C(C(=C1C2=CC=C(C=C2)F)COC)C(C)C)C(C)C)(C[C@H](CC(O)=O)O)O,1,0.6451522707939148
3,GAT,C3=C(C1C(N(CCO1)CCOC(C(C2=CC=CC=C2)CC)=O)C)C=CC=C3,1,0.826135516166687
3,GAT,C1=C2C(=CC=C1\C=C\C(C(C)(C)C)O)OCO2,1,0.7700802087783813
3,GAT,[H+].C2=C1OCC(OC1=C(C=C2)OCC)CNCCCC.[Cl-],1,0.8455905318260193
3,GAT,C1=CC=CC2=C1OC(CNCCCC)CO2,1,0.8862631320953369
3,GAT,CC(C)CCNCC2COc1ccccc1O2,1,0.8568752408027649
3,GAT,CN1CCN2C(C1)c3ccccc3Cc4ccccc24,1,0.8795154094696045
3,GAT,C1=CC=CC4=C1N(C3CCN(CCCC(C2=CC=C(F)C=C2)=O)CC3)C(N4)=S,1,0.8165751695632935
3,GAT,OCC(C)(O)c1onc(c2ncn3c2CN(C)C(c4c3cccc4Cl)=O)n1,0,0.6991761922836304
3,GAT,OC(C)(C)c1onc(c2ncn3c2CN(C)C(c4c3cccc4Cl)=O)n1,0,0.7046778798103333
3,GAT,CN1C(=O)c2c(cccc2Cl)n2cnc(c2C1)c1noc(n1)C(C)C,1,0.7146546244621277
3,GAT,c12c(c(ccc1)Cl)C(N(Cc1n2cnc1c1nc(on1)[C@](CO)(C)O)C)=O,0,0.6885152459144592
3,GAT,CC(C)c1onc(n1)c2ncn3c2CN(C)C(=O)c4c(Cl)cccc34,1,0.7146546244621277
3,GAT,c12c(C(N(Cc3n1cnc3c1noc(n1)C(CO)(CO)C)C)=O)c(ccc2)Cl,0,0.7245468497276306
3,GAT,c12c(C(N(Cc3n1cnc3c1noc(n1)C(O)(C)C)C)=O)c(ccc2)Cl,0,0.7046778798103333
3,GAT,C(N1C(CCC1)=O)C(NNC(CN2C(CCC2)=O)=O)=O,1,0.6938071250915527
3,GAT,C1=CC=CC3=C1N(C2=C(C=CC=C2)[S]3(=O)=O)CC(CN(C)C)C,1,0.7718572020530701
3,GAT,COC(=O)C1=CCCN(C)C1,1,0.7590975165367126
3,GAT,CN1CC(=CCC1)\C=N\OC,1,0.8574053049087524
3,GAT,CC(C)N=C1C=C2N(c3ccc(Cl)cc3)c4ccccc4N=C2C=C1Nc5ccc(Cl)cc5,0,0.8012561798095703
3,GAT,C(C(C3(C(CC4C2CCC1=CC(C=CC1(C)C2C(CC34C)O)=O)=C)O)=O)O,1,0.6864110231399536
3,GAT,c1ccc([C@H](C[N@]2CC[C@H](C2)O)N(C(Cc2ccccc2N)=O)C)cc1,0,0.761248767375946
3,GAT,c1(ccccc1)[C@H](CN1CCCC1)N(C(=O)Cc1ccc(c(c1)Cl)Cl)C,1,0.7962040305137634
3,GAT,C[C@H]1C[C@H]2[C@@H]3CC[C@](O)(C(=O)CO)[C@@]3(C)C[C@H](O)[C@@H]2[C@@]4(C)C=CC(=O)C=C14,0,0.5005941987037659
3,GAT,C[C@]12C[C@H](O)[C@H]3[C@@H](CCC4=CC(=O)C=C[C@]34C)[C@@H]1CC[C@]2(O)C(=O)CO,0,0.5405027866363525
3,GAT,[C@@]4([C@@]3([C@H]([C@H]2[C@@H]([C@@]1(C(=CC(=O)C=C1)C[C@H]2Cl)C)[C@H](C3)O)C[C@H]4C)C)(C(COC(CC)=O)=O)OC(CC)=O,1,0.46654781699180603
3,GAT,[C@@]4([C@@]3([C@H]([C@H]2[C@@H]([C@@]1(C(=CC(=O)C=C1)[C@H](C2)C)C)[C@H](C3)O)CC4)C)(C(COC(C)=O)=O)OC(CC)=O,1,0.5174031853675842
3,GAT,[C@]34([C@H]([C@H]2[C@@H]([C@@]1(C(=CC(=O)C=C1)[C@H](C2)F)C)[C@H](C3)O)C[C@H]([C@@]4(C(COC(C)=O)=O)O)C)C,1,0.4378693401813507
3,GAT,[C@@]4([C@@]3([C@H]([C@H]2[C@@H]([C@@]1(C(=CC(=O)C=C1)CC2)C)[C@H](C3)O)CC4)C)(C(COC(CC)=O)=O)OC(OCC)=O,1,0.5570213794708252
3,GAT,[C@H]34[C@H]2[C@@H]([C@@]1(C(=CC(=O)C=C1)CC2)C)[C@@H](O)C[C@@]3([C@](C(COC(COC(CCCCCCCCCCCCCCCCC)=O)=O)=O)(O)CC4)C,1,0.7461722493171692
3,GAT,[C@]34([C@H]([C@H]2[C@@H]([C@@]1(C(=CC(=O)C=C1)CC2)C)[C@H](C3)O)CC[C@@]4(C(COC(CC(C)(C)C)=O)=O)O)C,1,0.5816435217857361
3,GAT,[C@H]12[C@@]([C@](C(CC)=O)(C)[C@@H](C1)C)(C[C@H](O)[C@H]3[C@H]2CCC4=CC(=O)C=C[C@]34C)C,1,0.5409671068191528
3,GAT,[C@H]24[C@H]1[C@@]([C@](O)([C@@H](C1)C)C(=O)CO)(C[C@H](O)[C@@H]2[C@@]3(C(=CC(=O)C=C3)C[C@H]4Cl)C)C,1,0.40847131609916687
3,GAT,[C@H]24[C@H]1[C@@]([C@@H](C(C(OCCCC)=O)=O)[C@@H](C1)C)(C[C@@H]([C@@H]2[C@@]3(C(=CC(=O)C=C3)[C@H](C4)F)C)O)C,1,0.4618724584579468
3,GAT,[C@H]24[C@H]1[C@@]([C@@H](C(CO)=O)[C@@H](C1)C)(C[C@@H]([C@@H]2[C@@]3(C(=CC(=O)C=C3)[C@H](C4)F)C)O)C,1,0.399416446685791
3,GAT,[C@H]24[C@H]1[C@@]([C@](C(CO)=O)(O)CC1)(C[C@@H]([C@@H]2[C@@]3(C(=CC(=O)C=C3)[C@H](C4)F)C)O)C,1,0.46140268445014954
3,GAT,[C@H]24[C@H]1[C@@]([C@](C(CO)=O)(O)CC1)(C[C@@H]([C@@H]2[C@@]3(C(=CC(=O)C=C3)[C@H](C4)C)C)O)C,1,0.4887426197528839
3,GAT,[C@H]24[C@H]1[C@@]([C@](C(COC(C)=O)=O)(O)CC1)(C[C@@H]([C@@H]2[C@@]3(C(=CC(=O)C=C3)[C@H](C4)C)C)O)C,1,0.482051819562912
3,GAT,[C@H]24[C@H]1[C@@]([C@](C(COC(CCC(O)=O)=O)=O)(O)CC1)(C[C@@H]([C@@H]2[C@@]3(C(=CC(=O)C=C3)[C@H](C4)C)C)O)C,1,0.4765404760837555
3,GAT,[C@]12(C(=CC(C=C1)=O)[C@H](C[C@H]3[C@H]4[C@](C[C@@H]([C@H]23)O)([C@](C(=O)CO)(O)[C@@H](C4)C)C)F)C,1,0.42242196202278137
3,GAT,[C@]34([C@H]([C@H]2[C@@H]([C@@]1(C(=CC(=O)C=C1)CC2)C)[C@H](C3)O)CC[C@@]4(C(COC(C)=O)=O)O)C,1,0.5216017961502075
3,GAT,[C@]14([C@@](C(=O)COC(CCC(=O)[O-])=O)(CC[C@H]1[C@@H]3CCC2=CC(C=C[C@@]2([C@H]3[C@H](C4)O)C)=O)O)C.[Na+],1,0.510736882686615
3,GAT,CC[C@@]1(O)C(=O)OCC2=C1C=C3N(Cc4cc5c(CN(C)C)c(O)ccc5nc34)C2=O,1,0.705897331237793
3,GAT,C1=C(Cl)C=CC(=C1C(C2=C(C=CC=C2)Cl)=O)N(C(CNC3CC3)=O)C,1,0.7205878496170044
3,GAT,C2C1=NN=N[N]1CCCC2,1,0.9137465357780457
3,GAT,OCCN1CCN(CC\C=C/2c3ccccc3COc4ccc(Cl)cc24)CC1,1,0.8744088411331177
4,GCN,C[C@H]1C[C@H]2[C@@H]3CC[C@](O)(C(=O)CO)[C@@]3(C)C[C@H](O)[C@@H]2[C@@]4(C)C=CC(=O)C=C14,0,0.729388952255249
4,GCN,C[C@]12C[C@H](O)[C@H]3[C@@H](CCC4=CC(=O)C=C[C@]34C)[C@@H]1CC[C@]2(O)C(=O)CO,0,0.6372718214988708
4,GCN,[C@@]4([C@@]3([C@H]([C@H]2[C@@H]([C@@]1(C(=CC(=O)C=C1)C[C@H]2Cl)C)[C@H](C3)O)C[C@H]4C)C)(C(COC(CC)=O)=O)OC(CC)=O,1,0.8662389516830444
4,GCN,[C@@]4([C@@]3([C@H]([C@H]2[C@@H]([C@@]1(C(=CC(=O)C=C1)[C@H](C2)C)C)[C@H](C3)O)CC4)C)(C(COC(C)=O)=O)OC(CC)=O,1,0.8197818398475647
4,GCN,[C@]34([C@H]([C@H]2[C@@H]([C@@]1(C(=CC(=O)C=C1)[C@H](C2)F)C)[C@H](C3)O)C[C@H]([C@@]4(C(COC(C)=O)=O)O)C)C,1,0.7702672481536865
4,GCN,[C@@]4([C@@]3([C@H]([C@H]2[C@@H]([C@@]1(C(=CC(=O)C=C1)CC2)C)[C@H](C3)O)CC4)C)(C(COC(CC)=O)=O)OC(OCC)=O,1,0.8492894768714905
4,GCN,[C@H]34[C@H]2[C@@H]([C@@]1(C(=CC(=O)C=C1)CC2)C)[C@@H](O)C[C@@]3([C@](C(COC(COC(CCCCCCCCCCCCCCCCC)=O)=O)=O)(O)CC4)C,1,0.918658435344696
4,GCN,[C@]34([C@H]([C@H]2[C@@H]([C@@]1(C(=CC(=O)C=C1)CC2)C)[C@H](C3)O)CC[C@@]4(C(COC(CC(C)(C)C)=O)=O)O)C,1,0.8537675738334656
4,GCN,[C@H]12[C@@]([C@](C(CC)=O)(C)[C@@H](C1)C)(C[C@H](O)[C@H]3[C@H]2CCC4=CC(=O)C=C[C@]34C)C,1,0.8444536924362183
4,GCN,[C@H]24[C@H]1[C@@]([C@](O)([C@@H](C1)C)C(=O)CO)(C[C@H](O)[C@@H]2[C@@]3(C(=CC(=O)C=C3)C[C@H]4Cl)C)C,1,0.7607980966567993
4,GCN,[C@H]24[C@H]1[C@@]([C@@H](C(C(OCCCC)=O)=O)[C@@H](C1)C)(C[C@@H]([C@@H]2[C@@]3(C(=CC(=O)C=C3)[C@H](C4)F)C)O)C,1,0.8167790174484253
4,GCN,[C@H]24[C@H]1[C@@]([C@@H](C(CO)=O)[C@@H](C1)C)(C[C@@H]([C@@H]2[C@@]3(C(=CC(=O)C=C3)[C@H](C4)F)C)O)C,1,0.8484845757484436
4,GCN,[C@H]24[C@H]1[C@@]([C@](C(CO)=O)(O)CC1)(C[C@@H]([C@@H]2[C@@]3(C(=CC(=O)C=C3)[C@H](C4)F)C)O)C,1,0.8254357576370239
4,GCN,[C@H]24[C@H]1[C@@]([C@](C(CO)=O)(O)CC1)(C[C@@H]([C@@H]2[C@@]3(C(=CC(=O)C=C3)[C@H](C4)C)C)O)C,1,0.7587548494338989
4,GCN,[C@H]24[C@H]1[C@@]([C@](C(COC(C)=O)=O)(O)CC1)(C[C@@H]([C@@H]2[C@@]3(C(=CC(=O)C=C3)[C@H](C4)C)C)O)C,1,0.8063127994537354
4,GCN,[C@H]24[C@H]1[C@@]([C@](C(COC(CCC(O)=O)=O)=O)(O)CC1)(C[C@@H]([C@@H]2[C@@]3(C(=CC(=O)C=C3)[C@H](C4)C)C)O)C,1,0.756872296333313
4,GCN,[C@]12(C(=CC(C=C1)=O)[C@H](C[C@H]3[C@H]4[C@](C[C@@H]([C@H]23)O)([C@](C(=O)CO)(O)[C@@H](C4)C)C)F)C,1,0.6713566780090332
4,GCN,[C@]34([C@H]([C@H]2[C@@H]([C@@]1(C(=CC(=O)C=C1)CC2)C)[C@H](C3)O)CC[C@@]4(C(COC(C)=O)=O)O)C,1,0.81485515832901
4,GCN,[C@]14([C@@](C(=O)COC(CCC(=O)[O-])=O)(CC[C@H]1[C@@H]3CCC2=CC(C=C[C@@]2([C@H]3[C@H](C4)O)C)=O)O)C.[Na+],1,0.8096322417259216
4,GCN,c1ccc([C@H](C[N@]2CC[C@H](C2)O)N(C(Cc2ccccc2N)=O)C)cc1,0,0.8156247138977051
4,GCN,c1(ccccc1)[C@H](CN1CCCC1)N(C(=O)Cc1ccc(c(c1)Cl)Cl)C,1,0.8912884593009949
4,GCN,[Na+].Cn1nnnc1SCC2=C(N3[C@H](SC2)[C@H](NC(=O)CSC(F)(F)F)C3=O)C([O-])=O,0,0.31678488850593567
4,GCN,Cn1nnnc1SCC2=C(N3[C@H](SC2)[C@H](NC(=O)CS\C=C/C#N)C3=O)C(O)=O,0,0.08116866648197174
4,GCN,CO[C@]1(NC(=O)CSCC#N)[C@H]2SCC(=C(N2C1=O)C(O)=O)CSc3nnnn3C,0,0.2640269696712494
4,GCN,CO[C@]1(NC(=O)CSC[C@@H](N)C(O)=O)[C@H]2SCC(=C(N2C1=O)C(O)=O)CSc3nnnn3C,0,0.20279140770435333
4,GCN,C3=C(C1=NC(C(=O)NC2=C1N=C(Cl)C=C2)O)C(=CC=C3)Cl,1,0.8675076365470886
4,GCN,OC(=O)C1=CC(=O)c2ccccc2N1,1,0.4454949200153351
4,GCN,Clc1ccc(COC(Cn2ccnc2)c3ccc(Cl)cc3Cl)cc1,0,0.8078581094741821
4,GCN,Clc1ccc(COC(Cn2ccnc2)c3ccc(Cl)cc3Cl)c(Cl)c1,0,0.8335932493209839
4,GCN,C1=C(C=CC(=C1Cl)COC(C[N]2C=NC=C2)C3=C(C=C(C=C3)Cl)Cl)Cl,1,0.8335933089256287
4,GCN,CC(C)(C)OC(=O)C1=C2CN(C(=O)C3=C(N2C=N1)C=CS3)C,1,0.8839876651763916
4,GCN,CN1Cc2n(cnc2C(=O)OC(C)(C)C)c3ccsc3C1=O,1,0.8839876651763916
4,GCN,CC(C)[C@H](NC(=O)[C@H](Cc1ccccc1)NC(=O)CNC(=O)[C@@H](C)NC(=O)[C@@H](N)Cc2ccc(O)cc2)C(N)=O,0,0.41121506690979004
4,GCN,CC[C@H]1OC(=O)[C@H](C)[C@@H](O[C@H]2C[C@@](C)(OC)[C@@H](O)[C@H](C)O2)[C@H](C)[C@@H](O[C@@H]3O[C@H](C)C[C@@H]([C@H]3O)N(C)C)[C@](C)(O)C[C@@H](C)C(=O)[C@H](C)[C@@H](O)[C@]1(C)O,0,0.13837777078151703
4,GCN,CC[C@H]1OC(=O)[C@H](C)[C@@H](O[C@H]2C[C@@](C)(OC)[C@@H](O)[C@H](C)O2)[C@H](C)[C@@H](O[C@@H]3O[C@H](C)C[C@@H]([C@H]3O)N(C)C)[C@@](C)(C[C@@H](C)C(=O)[C@H](C)[C@@H](O)[C@]1(C)O)OC,0,0.17657382786273956
4,GCN,CC[C@H]1OC(=O)[C@H](C)[C@@H](O[C@H]2C[C@@](C)(OC)[C@@H](O)[C@H](C)O2)[C@H](C)[C@@H](O[C@@H]3O[C@H](C)C[C@@H]([C@H]3O)N(C)C)[C@](C)(O)C[C@](C)(F)C(=O)[C@H](C)[C@@H](O)[C@]1(C)O,0,0.17064189910888672
4,GCN,C1=C(C2=C(C=C1)OCCO2)N3CCNCC3,1,0.9184987545013428
4,GCN,CC(=O)CC(c1ccccc1)C2=C(O)Oc3ccccc3C2=O,0,0.6949033737182617
4,GCN,C4Oc3ccc(CN1CCN(CC1)c2ncccn2)cc3O4,1,0.8629862666130066
4,GCN,CCC(C(=O)NC\C=C\C=C(/C)C(OC)C(C)C1OC(\C=C\C=C\C=C(/C)C(=O)C2=C(O)N(C)C=CC2=O)C(O)C1O)C3(O)OC(\C=C\C=C\C)C(C)(C)C(OC4OC(C)C(OC5OC(C)C(OC)C(O)C5OC)C(OC)C4O)C3O,0,0.32457050681114197
4,GCN,COC(=O)C1=C(C)NC(=C(C1c2cccc(c2)[N+]([O-])=O)C(=O)OCCN(C)Cc3ccccc3)C,0,0.6960040330886841
4,GCN,C3=C(C2CN1C(CCN=C1C2)=O)C=CC=C3,1,0.9691269993782043
4,GCN,C1=CC=CC2=C1C(C3=C(CC2)C=CC=C3)OC4CCN(C)CC4,1,0.9482775330543518
4,GCN,CN1CCN(CCCN2c3ccccc3Sc4ccc(Cl)cc24)CC1,1,0.9654437899589539
4,GCN,OCCN1CCN(CCCN2c3ccccc3Sc4ccc(Cl)cc24)CC1,1,0.9452196359634399
4,GCN,CCSc1ccc2Sc3ccccc3N(CCCN4CCN(C)CC4)c2c1,1,0.9571262001991272
4,GCN,CN1CCN(CCCN2c3ccccc3Sc4ccc(cc24)C(F)(F)F)CC1,1,0.9807093143463135
4,GCN,CC(=O)c1ccc2Sc3ccccc3N(CCCN4CCN(CCO)CC4)c2c1,1,0.9366947412490845
4,GCN,CCC(=O)c1ccc2Sc3ccccc3N(CCCN4CCN(CCO)CC4)c2c1,1,0.9391525983810425
4,GCN,CC(CN1CCN(CCOCCO)CC1)CN2c3ccccc3Sc4ccccc24,1,0.9388010501861572
4,GCN,OCCN1CCN(CCCN2c3ccccc3Sc4ccc(cc24)C(F)(F)F)CC1,1,0.9693804979324341
4,GCN,C1=C(C(CCC)=O)C=CC3=C1N(C2=C(C=CC=C2)S3)CCCN4CCN(C)CC4,1,0.9592165946960449
4,GCN,C1=C(C=CC3=C1N(CCCN2CCN(CC2)CCO)C4=C(S3)C=CC=C4)C(CC)=O,1,0.9391525983810425
4,GCN,C1=C(C(F)(F)F)C=CC3=C1N(C2=C(C=CC=C2)S3)CCCN4CCN(CCOC(CCCCCC)=O)CC4,1,0.970503032207489
4,GCN,C1=C(Cl)C=CC3=C1N(C2=C(C=CC=C2)S3)CCCN4CCN(CCO)CC4,1,0.9452196359634399
4,GCN,C1=C(Cl)C=CC3=C1N(C2=C(C=CC=C2)S3)CCCN4CCN(CCOC(C)=O)CC4,1,0.9499219655990601
4,GCN,C1=CC=CC2=C1N(C3=C(S2)C=CC(=C3)[S](N(C)C)(=O)=O)CCCN4CCN(CC4)C,1,0.9259639978408813
4,GCN,C1=C(C=CC3=C1N(CCCN2CCN(CC2)C)C4=C(S3)C=CC=C4)C(F)(F)F,1,0.9807093143463135
4,GCN,Fc1ccc(cc1)C(CCCN2CCC(CC2)N3C(=O)Nc4ccccc34)c5ccc(F)cc5,1,0.9089531898498535
4,GCN,Fc1ccc(cc1)C(CCCN2CCC(CC2)N3C(=O)Nc4cc(Cl)ccc34)c5ccc(F)cc5,1,0.9100067615509033
4,GCN,CC13CCCCCC(Cc2ccc(O)cc12)C3N,1,0.934160590171814
4,GCN,C3=C2C(=NC1=CSC=C1C(/C2=CS3)=C/C#N)N4CCN(C)CC4,1,0.9421359300613403
4,GCN,[C@]23(C1(C(C1)CC2)[C@H](O)C[C@@H]4[C@@H]3CC[C@]5([C@H]4CC[C@@H]5C(=O)C)C)C,1,0.5848982334136963
4,GCN,C1=CC=CC3=C1C(C2=CC=CC=C2)(C=C3)CCN(C)C,1,0.972695529460907
4,GCN,[C@H](O)(/C=C/C1=C(C3=C(OC12CCCC2)C=CC=C3)C4=CC=C(F)C=C4)C[C@H](O)CC(OCC)=O,1,0.9175434708595276
4,GCN,C4=C(C3=C(CCN2CCN(C1=C(C=CC=C1)OC)CC2)OC(N3)=O)C=CC(=C4)F,1,0.8961464166641235
4,GCN,CN1C(=O)N(C)c2nc[nH]c2C1=O,0,0.8489040732383728
4,GCN,Cn1cnc2N(C)C(=O)N(C)C(=O)c12,1,0.8914873600006104
4,GCN,Cn1cnc2NC(=O)N(C)C(=O)c12,1,0.787945032119751
4,GCN,Cn1cnc2N(C)C(=O)NC(=O)c12,1,0.823545515537262
4,GCN,C1=NC2=C([N]1CC(C)=O)C(N(CCCC)C(N2CCCC)=O)=O,1,0.9131056070327759
4,GCN,C1=NC2=C([N]1CCN(C)C)C(N(C)C(N2C)=O)=O,1,0.9148947596549988
4,GCN,C1=NC2=C([N]1CCN(CC)CC)C(N(C)C(N2C)=O)=O,1,0.918847382068634
4,GCN,C1=NC2=C([N]1CC(C)O)C(N(C)C(N2C)=O)=O,1,0.8206747174263
4,GCN,CC(C)COCC(CN(Cc1ccccc1)c2ccccc2)N3CCCC3,0,0.9383006691932678
4,GCN,C(C2(C1=CCCCCC1)C(NC(=O)NC2=O)=O)C,1,0.9718756079673767
4,GCN,OC(=O)C1=CN(C2CC2)c3cc(N4CCNCC4)c(F)cc3C1=O,0,0.6314688920974731
4,GCN,C[C@H]1CN(C[C@@H](C)N1)c2c(F)c(N)c3C(=O)C(=CN(C4CC4)c3c2F)C(O)=O,0,0.4546433389186859
4,GCN,CC1CN(CCN1)c2cc3N(C=C(C(O)=O)C(=O)c3c(C)c2F)C4CC4,0,0.6122747659683228
4,GCN,COc1cc(cc(OC)c1O)[C@H]2[C@@H]3C(COC3=O)[C@H](O[C@@H]4O[C@@H]5CO[C@@H](C)O[C@H]5[C@H](O)[C@H]4O)c6cc7OCOc7cc26,0,0.25527432560920715
4,GCN,Nc1nc(Cl)nc2n(cnc12)[C@H]3C[C@H](O)[C@@H](CO)O3,1,0.6867629289627075
4,GCN,[C@H]3([N]2C1=C(C(=NC=N1)N)N=C2)[C@@H]([C@@H]([C@H](O3)C[S+](CC[C@@H](C([O-])=O)N)C)O)O,1,0.3372764587402344
4,GCN,C1=C(Cl)C=CC2=C1C(=CC3=C(S2)C=CC=C3)OCCN(C)C,1,0.9643473625183105
4,GCN,C1=CC=CC3=C1SC2=C(C=CC=C2)C=C3CN(C)C,1,0.9741365313529968
4,GCN,c1(cc(c(cc1)Cl)Cl)CC(N1[C@@H](c2c(CC1)cccc2)CN1CCCC1)=O,1,0.9213349223136902
4,GCN,C3=C(N2CCN(CCCC(C1=CC=C(F)C=C1)O)CC2)C(=CC=C3)OC,1,0.9025251269340515
4,GCN,C1=CC=CC2=C1N(C(C3=C(N2C)C=CC=C3)=O)CCN(C)C,1,0.9636605381965637
4,GCN,C2=C(CN(C(=C(SC(=O)C1=CC=CO1)\CCOC(=O)COC(=O)C)/C)C=O)C(=NC(=N2)C)N,1,0.7897539138793945
4,GCN,CC(C)(C)OC(=O)c1ncn2c3cccc(Br)c3C(=O)N4CCC[C@H]4c12,1,0.8258994817733765
4,GCN,[C@]1(O)(C[C@@H]4N(CC1)C[C@@H]2C5=C(CCC3=CC=CC=C23)C=CC=C45)C(C)(C)C.[H+].[Cl-],1,0.821120023727417
4,GCN,Cc1cnn(c1C(=O)N[C@H]2[C@H]3SC(C)(C)[C@@H](N3C2=O)C(O)=O)c4c(Cl)cccc4Cl,0,0.14072364568710327
4,GCN,C2=C(C1CCNCC1)OC3=C2C=C(OC)C=C3Br,1,0.8985756635665894
4,GCN,C4=C(CCNC(C12CC3CC(C1)CC(C2)C3)=O)C=CC(=C4O)O,1,0.8310377597808838
4,GCN,C1=CC=CC2=C1C3=C(C(=O)N2CCCN(C)C)C=CC=C3,1,0.9445913434028625
4,GCN,CCc1nc(N)nc(N)c1c2ccc(Cl)cc2,1,0.9036065340042114
4,GCN,OC[C@H]1O[C@@H](OC2=C(Oc3cc(O)cc(O)c3C2=O)c4ccc(O)c(O)c4)[C@H](O)[C@@H](O)[C@@H]1O,0,0.090158611536026
4,GCN,[C@]34([C@H]([C@H]2[C@@]([C@@]1(C(=CC(C=C1)=O)CC2)C)(C(C3)O)F)CC([C@@]4(C(=O)CO)O)=C)C,1,0.8994975686073303
4,GCN,[C@]24(C[C@@H]([C@@H](N(C(CC1=CC(=C(Cl)C=C1)Cl)=O)C)CC2)N3CCCC3)CCCO4,1,0.8945015668869019
4,GCN,C1=C(Cl)C=CC2=C1C(=NCC(=N2)NOCC=C)C3=CC=CC=C3Cl,1,0.9440717697143555
4,GCN,COC1CC(OC(C)C1O)O[C@H]2[C@H](C)[C@@H](OC3OC(C)CC(C3O)N(C)C)[C@@H](C)C[C@]4(CO4)C(=O)[C@H](C)[C@@H](O)[C@@H](C)[C@@H](C)OC(=O)[C@@H]2C,0,0.11771906912326813
4,GCN,COc1ccc2nccc([C@@H](O)[C@@H]3C[C@H]4CCN3C[C@@H]4C=C)c2c1,0,0.5977970957756042
4,GCN,CNCCCC12CCC(c3ccccc13)c4ccccc24,1,0.959315836429596
4,GCN,C1=CC=C2C(=C1)C3C4=C(C2(CNC)CC3)C=CC=C4,1,0.9603304862976074
4,GCN,C13(C4=C(C(C2=C1C=CC=C2)CC3)C=CC=C4)C[C@H](CNC)O,1,0.9266796112060547
4,GCN,C1=C(Cl)C=CC4=C1C(N2CCN(C)CC2)CC3=C(C=CC=C3)S4,1,0.9707061648368835
4,GCN,C1=C(SC)C=CC4=C1C(N2CCN(C)CC2)CC3=C(C=CC=C3)S4,1,0.9632748961448669
4,GCN,C3=C2C([NH2+]CCCCCCC(O)=O)C1=CC=CC=C1CCC2=CC=C3.[Cl-],1,0.8492346405982971
4,GCN,C1=CC=CC3=C1C(C2=C(C=CC=C2)CC3)C(N)=O,1,0.9242743849754333
4,GCN,CN(C)C(=O)COC2c1ccccc1CCc3ccccc23,1,0.9470639824867249
4,GCN,C1=CC=CC3=C1C(C2=CC=CC=C2CC3)CC(CN(C)C)C,1,0.9603074193000793
4,GCN,C1=C(Cl)C=NC2=C1SC4=C(N2CCCN3CCN(CCO)CC3)C=CC=C4,1,0.9385455250740051
4,GCN,OC(=O)C1=C(CS[C@@H]2[C@H](NC(=O)Cc3sccc3)C(=O)N12)CSc4[nH]ncn4,0,0.06722630560398102
4,GCN,CN1CC[C@]2(C)[C@H]1N(C)c3ccc(OC(=O)Nc4ccccc4)cc23,1,0.860052764415741
4,GCN,C3=C(N2CCN(CCCC(C1=CC=C(F)C=C1)=O)CC2)N=CC4=CC=CC=C34,1,0.904597818851471
4,GCN,CN1CCN=C(c2ccccc2)c3cc(Cl)ccc13,1,0.9683578610420227
4,GCN,C1=C(Cl)C=CC2=C1C(=NCCN2CC(F)(F)F)C3=CC=CC=C3F,1,0.9816457033157349
4,GCN,C1=C(Br)C=CC2=C1C(=NCC(N2C)COC)C3=CC=CC=C3Cl,1,0.9612186551094055
4,GCN,C1=C2C(=CC=C1)N(C(Cl)(CN=C2C3=CC=CC=C3Cl)CO)C,1,0.9714965224266052
4,GCN,N1(Cc2cc(OCCCNc3nccs3)ccc2)CCCCC1,1,0.8671551942825317
4,GCN,C1CN(CCC1)Cc1cccc(c1)OCCCNc1nccs1,1,0.8671551942825317
4,GCN,C4=C3[NH]C1=C(CCNC1CC2=CC=CC=C2)C3=CC=C4,1,0.924000084400177
4,GCN,CCCCc1nc(Cl)c(CO)n1Cc2ccc(cc2)c3ccccc3c4n[nH]nn4,0,0.8668606877326965
4,GCN,C(N1C(CCC1)=O)C(NNC(CN2C(CCC2)=O)=O)=O,1,0.9181029200553894
4,GCN,CCC[C@@H]1C[C@H](N(C)C1)C(=O)NC(C(C)Cl)[C@H]2O[C@H](SC)[C@H](O)[C@@H](O)[C@H]2O,0,0.13775600492954254
4,GCN,CCC[C@@H]1C[C@H](N(C)C1)C(=O)NC(C(C)Cl)[C@H]2O[C@H](SC)[C@H](O[P](O)(O)=O)[C@@H](O)[C@H]2O,0,0.2221493422985077
4,GCN,CC1=C2NC3=CC(=O)C=CC3=C2C=CN1,1,0.8490744233131409
4,GCN,[C@H]2([C@H](CN(CC(C1=CC=C(F)C=C1)=O)CC2)COC4=CC3=C(OCO3)C=C4)C5=CC=C(F)C=C5,1,0.838775634765625
4,GCN,CC(C)(C(O)=O)c1ccc(cc1)C(=O)CCCN2CCC(CC2)OC(c3ccccc3)c4ccccc4,0,0.873210608959198
4,GCN,CC(C)(C)c1ccc(cc1)C(=O)CCCN2CCC(CC2)OC(c3ccccc3)c4ccccc4,0,0.9289485812187195
4,GCN,CNCC[C@@H](O)[C@@H]1C[C@@H](CN1)SC2=C(N3[C@H]([C@H]2C)[C@@H]([C@@H](C)O)C3=O)C(O)=O,0,0.006780863273888826
4,GCN,CC(C)C(=O)OCc1cccc(OC(=O)[C@@H]2N3[C@H](SC2(C)C)[C@H](NC(=O)Cc4ccccc4)C3=O)c1,0,0.1791353076696396
4,GCN,C1=C(N=C2[N]1C(=C(CC)C(=N2)OC)C)C(C3=CC=CC=C3)=O,1,0.9007977843284607
4,GCN,[C@@]45([C@@]3([C@H]([C@H]2[C@@H]([C@@]1(C(=CC(=O)C=C1)CC2)C)[C@H](C3)O)C[C@H]4OC(O5)CCC)C)C(CO)=O,1,0.8996763229370117
4,GCN,CCC1(CCC(=O)NC1=O)c2ccccc2,1,0.9604529738426208
4,GCN,C1=CC(=CC=C1C2(C(NC(=O)CC2)=O)CC)N,1,0.9244083166122437
4,GCN,C1=CC=CC2=C1N(C(CC(S2)C3=CC=CC=C3)=O)CCN(C)C,1,0.9690653681755066
4,GCN,[C@@]23(F)[C@H]([C@H]1[C@@]([C@@]([C@H](C1)C)(O)C(=O)CCl)(CC2=O)C)CCC4=CC(=O)C=C[C@]34C,1,0.919126033782959
4,GCN,[C@]4([C@@]3([C@H]([C@H]2[C@]([C@@]1(C(=CC(=O)C=C1)CC2)C)(F)C(C3)=O)C[C@@H]4C)C)(OC(CCC)=O)C(CCl)=O,1,0.940341591835022
4,GCN,OC1C(N2CCC1)=NC(C)=C(CCN3CCC(CC3)c4c5ccc(F)cc5on4)C2=O,1,0.9074916839599609
4,GCN,c1(c2c(cc(F)cc2)on1)C1CCN(CCc2c(n3c([C@@H](CCC3)O)nc2C)=O)CC1,1,0.9001350402832031
4,GCN,CC1=C(CCN2CCC(CC2)c3noc4cc(F)ccc34)C(=O)N5CCCCC5=N1,1,0.927827000617981
4,GCN,CN(C)C1C2C(O)C3C(=C)c4c(Cl)ccc(O)c4C(=C3C(=O)C2(O)C(=O)\C(=C(N)/O)C1=O)O,0,0.0101191196590662
4,GCN,C1=C(SC=C1)C2(C(CCCC2)=O)NCC,1,0.9461225271224976
4,GCN,Clc1ccc2OC(=O)Nc2c1,1,0.7998320460319519
4,GCN,[Cl-].COc1cccc2C(=O)c3c(O)c4C[C@](O)(C[C@H](O[C@H]5C[C@H](N)[C@H](O)[C@H](C)O5)c4c(O)c3C(=O)c12)/C(C)=N/NC(=O)c6ccccc6.[H+],0,0.1540602147579193
4,GCN,CCCCCc1cc(O)c(C2C=C(C)CC[C@H]2C(C)=C)c(O)c1,1,0.7951043248176575
4,GCN,C[C@]1(O)CC[C@H]2[C@@H]3CC[C@H]4CC(=O)OC[C@]4(C)[C@H]3CC[C@]12C,0,0.6105130314826965
4,GCN,c1c2c(cc(c1)Cl)[C@@H]1[C@H](c3ccccc3O2)CNC1,1,0.8515843152999878
4,GCN,c1c2c(cc(c1)Cl)[C@@H]1[C@H](c3ccccc3O2)CN(C1)C,1,0.9009135365486145
4,GCN,CN(CCc2cc3cccc4CCc1ccccc1n2c34)Cc5ccccc5,1,0.9369531273841858
4,GCN,CN1C(=O)N(C)c2nc[nH]c2C1=O.CN3C(=O)N(C)c4nc[nH]c4C3=O.NCCN,0,0.8593573570251465
4,GCN,C1=CSC2=C1C(C3=C(CC2)C=CC=C3)=C4CCN(CC4)C,1,0.969009518623352
4,GCN,C1=NC=CN=C1N(C3CCN(CCC2=CC=CC=C2)CC3)C(C4=CC=CO4)=O,1,0.8272404074668884
4,GCN,[C@H]23[C@@]([C@@]1(C(=CC(=O)CC1)CC2)C)([C@H](C[C@]4([C@H]3CC[C@@]4(C(CO)=O)O)C)O)F,1,0.8704387545585632
4,GCN,[C@H]23[C@@]([C@@]1(C(=CC(=O)CC1)CC2)C)([C@H](C[C@]4([C@H]3CC[C@@]4(C(COC(C)=O)=O)O)C)O)F,1,0.8920608758926392
4,GCN,C1=CC=CC=C1C2=NCC(NC3=C2[N](N=C3C)CC)=O,1,0.9609963297843933
4,GCN,C1=CC=CC(=C1N3CCN(CCCC(C2=CC=C(F)C=C2)=O)CC3)OC,1,0.9234388470649719
4,GCN,CC1(C)S[C@@H]2[C@H](NC(=O)C34C[C@H]5C[C@H](CC(N)(C5)C3)C4)C(=O)N2[C@H]1C(O)=O,0,0.06315742433071136
4,GCN,CCCCCc1cc(O)c2[C@@H]3C=C(C)CC[C@H]3C(C)(C)Oc2c1,1,0.8816820979118347
4,GCN,S=[P](N1CC1)(N2CC2)N3CC3,1,0.9720660448074341
4,GCN,O.N[C@@H](C(=O)NC1C2CCC(=C(N2C1=O)C(O)=O)Cl)c3ccccc3,0,0.14138120412826538
4,GCN,C(C1=NC2=C([N]1C)C(N(C)C(N2C)=O)=O)CCN3CCN(C(N(CC)CC)=O)CC3,1,0.9477826356887817
4,GCN,C1=C(C=CC=C1N3CCN(CCCN2C(N(C(=N2)CC)CC)=O)CC3)Cl,1,0.9344453811645508
4,GCN,CC(COc1ccccc1)N(CCCl)Cc2ccccc2,0,0.9261453747749329
4,GCN,c1(ccc(c(c1)Cl)Cl)CC(N1[C@@H](c2c(CC1)[nH]cn2)CN1CCCC1)=O,0,0.8843880295753479
4,GCN,c1(ccc(c(c1)Cl)Cl)CC(N1[C@H](C[N@@]2C[C@@H](CC2)O)c2c(CC1)[nH]cn2)=O,0,0.7790212035179138
4,GCN,[C@H]26[C@H]1[C@@]([C@](C(COC(C)=O)=O)(O)[C@@H](C1)C)(C[C@@H]([C@@H]2[C@@]3(C(=CC4=C(C3)C=N[N]4C5=CC=CC=C5)C(=C6)C)C)O)C,1,0.8535425662994385
4,GCN,C1=CC=CC3=C1C(C2=CC=CC=C2)(OC3(C)C)CCCNC,1,0.9641367793083191
4,GCN,C1=CC(=CC3=C1C(C2=CC=C(F)C=C2)(OC3)CCCN(C)C)C#N,1,0.9310957193374634
4,GCN,CO[C@H]1[C@@H](C[C@@H]2CN3CCc4c([nH]c5cc(OC)ccc45)[C@H]3C[C@@H]2[C@@H]1C(=O)OC)OC(=O)\C=C\c6cc(OC)c(OC)c(OC)c6,1,0.6719516515731812
4,GCN,C1=CC=CC3=C1C(N(C2C(NC(=O)CC2)=O)C3=O)=O,1,0.6544826626777649
4,GCN,CN1C(=O)NC(=O)C(C)(C1=O)C2=CCCCC2,1,0.9424577355384827
4,GCN,C(C2(C1=CCCCC1)C(NC(=O)NC2=O)=O)C,1,0.9706339836120605
4,GCN,O.O.O.C[C@H](O)C1C2[C@@H](C)C(=C(N2C1=O)C(O)=O)S[C@@H]3CN[C@@H](C3)C(=O)N(C)C,0,0.006949209608137608
4,GCN,[C@H]34C1[C@@H](C2(C(C(=O)CC1)C(=O)C=C2)C)C(O)CC3([C@](O)(CC4)C(OC)=O)C,1,0.8498756289482117
4,GCN,[C@H](C1=CC=CC=C1)([C@@H]2CNCCO2)OC3=CC=CC=C3OCC,1,0.8348705172538757
4,GCN,C[C@@H](O)[C@@H]1[C@H]2SC(=C(N2C1=O)C(O)=O)[C@H]3CCCO3,0,0.005717104766517878
4,GCN,COC1CCCC2C3C(C(C)O)C(=O)N3C(=C12)C([O-])=O,0,0.01401430368423462
4,GCN,C1=CC(=C3C2=C1CC5C4C2(C(O3)C(O)C=C4)CCN5)O,1,0.9027872681617737
4,GCN,C1=CC(=C3C2=C1CC5C4C2(C(O3)C(C=C4)OC(C)=O)CCN5CC=C)OC(C)=O,1,0.9628057479858398
4,GCN,C1=CC(=C3C2=C1CC5C4C2(C(O3)C(O)C=C4)CCN5)OC,1,0.9392653703689575
4,GCN,C1=C(Cl)C=CC(=C1C(C2=C(C=CC=C2)Cl)=O)N(C(CNC3CC3)=O)C,1,0.8671099543571472
4,GCN,C4=C(N3CCN(CCCCN2C(C1=C(C=CC=C1)NC2=O)=O)CC3)C(=CC=C4)SCCC,1,0.9133293032646179
4,GCN,C1=C(Cl)C=CC2=C1C(=NCC(N2CC[S](C3=CC=C(C)C=C3)(=O)=O)=O)C4=CC=CC=C4Cl,1,0.9134544730186462
4,GCN,C(C1(CC(NC(C1)=O)=O)C)C,1,0.9755160808563232
4,GCN,CCC1(C)CC(=O)NC1=O,1,0.9729923605918884
4,GCN,[H+].C2=C1OCC(OC1=C(C=C2)OCC)CNCCCC.[Cl-],1,0.8302105069160461
4,GCN,C1=CC=CC2=C1OC(CNCCCC)CO2,1,0.907046377658844
4,GCN,CC(C)CCNCC2COc1ccccc1O2,1,0.9099935293197632
4,GCN,CCC(C)N1N=CN(C1=O)c2ccc(cc2)N3CCN(CC3)c4ccc(OC[C@H]5CO[C@@](Cn6cncn6)(O5)c7ccc(Cl)cc7Cl)cc4,0,0.8458966016769409
4,GCN,CC1(C)S[C@@H]2C(NC(=O)[C@H](NC(=O)C3=CNc4cccnc4C3=O)c5ccccc5)C(=O)N2[C@H]1C(O)=O,0,0.049907635897397995
4,GCN,CN(C)C(=O)C(CCN1CCC(O)(CC1)c1ccc(Cl)cc1)(c1ccccc1)c1ccccc1,1,0.9398356080055237
4,GCN,CN(C)C(=O)C(CCN1CCC(O)(CC1)c2ccc(Cl)cc2)(c3ccccc3)c4ccccc4,0,0.9398357272148132
4,GCN,C5=C3C1=C(OC4C12C(C(N(CC2)C)C3)CC=C4C)C(=C5)O,1,0.9666761755943298
4,GCN,C1=CC(=C4C2=C1CC5C3C2(C(C(=CC3)OC(C)=O)O4)CCN5C)OC,1,0.9713071584701538
4,GCN,C[C@H]1O[C@H](C[C@H](O)[C@@H]1O)O[C@H]2[C@@H](O)C[C@@H](O[C@@H]2C)O[C@H]3[C@@H](O)C[C@@H](O[C@@H]3C)O[C@H]4CC[C@@]5(C)[C@H](CC[C@@H]6[C@@H]5C[C@@H](O)[C@]7(C)[C@H](CC[C@]67O)C8=CC(=O)OC8)C4,0,0.32484138011932373
4,GCN,[C@@]1([C@H](C2CCC1CC2)NC(C)C)(C3=CC(=C(C=C3)Cl)Cl)O,1,0.7712491154670715
4,GCN,CN1CCC23C4CCC(O)C2Oc5c(O)ccc(CC14)c35,1,0.9280152320861816
4,GCN,C1=CC(=C3C2=C1CC5C4C2(C(O3)CCC4)CCN5C)O,1,0.9588773250579834
4,GCN,c1c2CCOc2c(cc1OC)CN[C@@H]1CCCN[C@H]1c1ccccc1,1,0.8482513427734375
4,GCN,OC(=O)C1CCn2c1ccc2C(=O)c3ccccc3,0,0.6737779378890991
4,GCN,S1[C@H]4N(CC1(C2CN3[C@H](S2)CC3=O)O)C(C4)=O,1,0.8883622288703918
4,GCN,OC(=O)CCc1oc(c2ccccc2)c(n1)c3ccccc3,0,0.8717888593673706
4,GCN,C1=C(C(=C(C=C1)C)NC2=NCCCS2)C,1,0.9545952677726746
4,GCN,CC1OC(C)OC(O1)C,1,0.9090333580970764
4,GraphSAGE,C[C@H]1C[C@H]2[C@@H]3CC[C@](O)(C(=O)CO)[C@@]3(C)C[C@H](O)[C@@H]2[C@@]4(C)C=CC(=O)C=C14,0,0.855054497718811
4,GraphSAGE,C[C@]12C[C@H](O)[C@H]3[C@@H](CCC4=CC(=O)C=C[C@]34C)[C@@H]1CC[C@]2(O)C(=O)CO,0,0.28475600481033325
4,GraphSAGE,[C@@]4([C@@]3([C@H]([C@H]2[C@@H]([C@@]1(C(=CC(=O)C=C1)C[C@H]2Cl)C)[C@H](C3)O)C[C@H]4C)C)(C(COC(CC)=O)=O)OC(CC)=O,1,0.9146556854248047
4,GraphSAGE,[C@@]4([C@@]3([C@H]([C@H]2[C@@H]([C@@]1(C(=CC(=O)C=C1)[C@H](C2)C)C)[C@H](C3)O)CC4)C)(C(COC(C)=O)=O)OC(CC)=O,1,0.8842450976371765
4,GraphSAGE,[C@]34([C@H]([C@H]2[C@@H]([C@@]1(C(=CC(=O)C=C1)[C@H](C2)F)C)[C@H](C3)O)C[C@H]([C@@]4(C(COC(C)=O)=O)O)C)C,1,0.901028037071228
4,GraphSAGE,[C@@]4([C@@]3([C@H]([C@H]2[C@@H]([C@@]1(C(=CC(=O)C=C1)CC2)C)[C@H](C3)O)CC4)C)(C(COC(CC)=O)=O)OC(OCC)=O,1,0.8716498017311096
4,GraphSAGE,[C@H]34[C@H]2[C@@H]([C@@]1(C(=CC(=O)C=C1)CC2)C)[C@@H](O)C[C@@]3([C@](C(COC(COC(CCCCCCCCCCCCCCCCC)=O)=O)=O)(O)CC4)C,1,0.8302302360534668
4,GraphSAGE,[C@]34([C@H]([C@H]2[C@@H]([C@@]1(C(=CC(=O)C=C1)CC2)C)[C@H](C3)O)CC[C@@]4(C(COC(CC(C)(C)C)=O)=O)O)C,1,0.8377846479415894
4,GraphSAGE,[C@H]12[C@@]([C@](C(CC)=O)(C)[C@@H](C1)C)(C[C@H](O)[C@H]3[C@H]2CCC4=CC(=O)C=C[C@]34C)C,1,0.46833673119544983
4,GraphSAGE,[C@H]24[C@H]1[C@@]([C@](O)([C@@H](C1)C)C(=O)CO)(C[C@H](O)[C@@H]2[C@@]3(C(=CC(=O)C=C3)C[C@H]4Cl)C)C,1,0.8242301940917969
4,GraphSAGE,[C@H]24[C@H]1[C@@]([C@@H](C(C(OCCCC)=O)=O)[C@@H](C1)C)(C[C@@H]([C@@H]2[C@@]3(C(=CC(=O)C=C3)[C@H](C4)F)C)O)C,1,0.9227257966995239
4,GraphSAGE,[C@H]24[C@H]1[C@@]([C@@H](C(CO)=O)[C@@H](C1)C)(C[C@@H]([C@@H]2[C@@]3(C(=CC(=O)C=C3)[C@H](C4)F)C)O)C,1,0.9419485926628113
4,GraphSAGE,[C@H]24[C@H]1[C@@]([C@](C(CO)=O)(O)CC1)(C[C@@H]([C@@H]2[C@@]3(C(=CC(=O)C=C3)[C@H](C4)F)C)O)C,1,0.8572000861167908
4,GraphSAGE,[C@H]24[C@H]1[C@@]([C@](C(CO)=O)(O)CC1)(C[C@@H]([C@@H]2[C@@]3(C(=CC(=O)C=C3)[C@H](C4)C)C)O)C,1,0.7861472964286804
4,GraphSAGE,[C@H]24[C@H]1[C@@]([C@](C(COC(C)=O)=O)(O)CC1)(C[C@@H]([C@@H]2[C@@]3(C(=CC(=O)C=C3)[C@H](C4)C)C)O)C,1,0.8479300737380981
4,GraphSAGE,[C@H]24[C@H]1[C@@]([C@](C(COC(CCC(O)=O)=O)=O)(O)CC1)(C[C@@H]([C@@H]2[C@@]3(C(=CC(=O)C=C3)[C@H](C4)C)C)O)C,1,0.7537612915039062
4,GraphSAGE,[C@]12(C(=CC(C=C1)=O)[C@H](C[C@H]3[C@H]4[C@](C[C@@H]([C@H]23)O)([C@](C(=O)CO)(O)[C@@H](C4)C)C)F)C,1,0.48609188199043274
4,GraphSAGE,[C@]34([C@H]([C@H]2[C@@H]([C@@]1(C(=CC(=O)C=C1)CC2)C)[C@H](C3)O)CC[C@@]4(C(COC(C)=O)=O)O)C,1,0.8196455836296082
4,GraphSAGE,[C@]14([C@@](C(=O)COC(CCC(=O)[O-])=O)(CC[C@H]1[C@@H]3CCC2=CC(C=C[C@@]2([C@H]3[C@H](C4)O)C)=O)O)C.[Na+],1,0.8079296946525574
4,GraphSAGE,c1ccc([C@H](C[N@]2CC[C@H](C2)O)N(C(Cc2ccccc2N)=O)C)cc1,0,0.6409565210342407
4,GraphSAGE,c1(ccccc1)[C@H](CN1CCCC1)N(C(=O)Cc1ccc(c(c1)Cl)Cl)C,1,0.8486354947090149
4,GraphSAGE,[Na+].Cn1nnnc1SCC2=C(N3[C@H](SC2)[C@H](NC(=O)CSC(F)(F)F)C3=O)C([O-])=O,0,0.23667477071285248
4,GraphSAGE,Cn1nnnc1SCC2=C(N3[C@H](SC2)[C@H](NC(=O)CS\C=C/C#N)C3=O)C(O)=O,0,0.06742440909147263
4,GraphSAGE,CO[C@]1(NC(=O)CSCC#N)[C@H]2SCC(=C(N2C1=O)C(O)=O)CSc3nnnn3C,0,0.17579348385334015
4,GraphSAGE,CO[C@]1(NC(=O)CSC[C@@H](N)C(O)=O)[C@H]2SCC(=C(N2C1=O)C(O)=O)CSc3nnnn3C,0,0.16832339763641357
4,GraphSAGE,C3=C(C1=NC(C(=O)NC2=C1N=C(Cl)C=C2)O)C(=CC=C3)Cl,1,0.6942297220230103
4,GraphSAGE,OC(=O)C1=CC(=O)c2ccccc2N1,1,0.29441267251968384
4,GraphSAGE,Clc1ccc(COC(Cn2ccnc2)c3ccc(Cl)cc3Cl)cc1,0,0.7954046726226807
4,GraphSAGE,Clc1ccc(COC(Cn2ccnc2)c3ccc(Cl)cc3Cl)c(Cl)c1,0,0.8387522101402283
4,GraphSAGE,C1=C(C=CC(=C1Cl)COC(C[N]2C=NC=C2)C3=C(C=C(C=C3)Cl)Cl)Cl,1,0.8387522101402283
4,GraphSAGE,CC(C)(C)OC(=O)C1=C2CN(C(=O)C3=C(N2C=N1)C=CS3)C,1,0.7506951093673706
4,GraphSAGE,CN1Cc2n(cnc2C(=O)OC(C)(C)C)c3ccsc3C1=O,1,0.7506951093673706
4,GraphSAGE,CC(C)[C@H](NC(=O)[C@H](Cc1ccccc1)NC(=O)CNC(=O)[C@@H](C)NC(=O)[C@@H](N)Cc2ccc(O)cc2)C(N)=O,0,0.501620888710022
4,GraphSAGE,CC[C@H]1OC(=O)[C@H](C)[C@@H](O[C@H]2C[C@@](C)(OC)[C@@H](O)[C@H](C)O2)[C@H](C)[C@@H](O[C@@H]3O[C@H](C)C[C@@H]([C@H]3O)N(C)C)[C@](C)(O)C[C@@H](C)C(=O)[C@H](C)[C@@H](O)[C@]1(C)O,0,0.062441032379865646
4,GraphSAGE,CC[C@H]1OC(=O)[C@H](C)[C@@H](O[C@H]2C[C@@](C)(OC)[C@@H](O)[C@H](C)O2)[C@H](C)[C@@H](O[C@@H]3O[C@H](C)C[C@@H]([C@H]3O)N(C)C)[C@@](C)(C[C@@H](C)C(=O)[C@H](C)[C@@H](O)[C@]1(C)O)OC,0,0.08966251462697983
4,GraphSAGE,CC[C@H]1OC(=O)[C@H](C)[C@@H](O[C@H]2C[C@@](C)(OC)[C@@H](O)[C@H](C)O2)[C@H](C)[C@@H](O[C@@H]3O[C@H](C)C[C@@H]([C@H]3O)N(C)C)[C@](C)(O)C[C@](C)(F)C(=O)[C@H](C)[C@@H](O)[C@]1(C)O,0,0.06656166166067123
4,GraphSAGE,C1=C(C2=C(C=C1)OCCO2)N3CCNCC3,1,0.9156884551048279
4,GraphSAGE,CC(=O)CC(c1ccccc1)C2=C(O)Oc3ccccc3C2=O,0,0.5967512130737305
4,GraphSAGE,C4Oc3ccc(CN1CCN(CC1)c2ncccn2)cc3O4,1,0.9252066612243652
4,GraphSAGE,CCC(C(=O)NC\C=C\C=C(/C)C(OC)C(C)C1OC(\C=C\C=C\C=C(/C)C(=O)C2=C(O)N(C)C=CC2=O)C(O)C1O)C3(O)OC(\C=C\C=C\C)C(C)(C)C(OC4OC(C)C(OC5OC(C)C(OC)C(O)C5OC)C(OC)C4O)C3O,0,0.370043009519577
4,GraphSAGE,COC(=O)C1=C(C)NC(=C(C1c2cccc(c2)[N+]([O-])=O)C(=O)OCCN(C)Cc3ccccc3)C,0,0.5650975704193115
4,GraphSAGE,C3=C(C2CN1C(CCN=C1C2)=O)C=CC=C3,1,0.9636892080307007
4,GraphSAGE,C1=CC=CC2=C1C(C3=C(CC2)C=CC=C3)OC4CCN(C)CC4,1,0.9479122161865234
4,GraphSAGE,CN1CCN(CCCN2c3ccccc3Sc4ccc(Cl)cc24)CC1,1,0.9720055460929871
4,GraphSAGE,OCCN1CCN(CCCN2c3ccccc3Sc4ccc(Cl)cc24)CC1,1,0.9566509127616882
4,GraphSAGE,CCSc1ccc2Sc3ccccc3N(CCCN4CCN(C)CC4)c2c1,1,0.9642196893692017
4,GraphSAGE,CN1CCN(CCCN2c3ccccc3Sc4ccc(cc24)C(F)(F)F)CC1,1,0.9759883284568787
4,GraphSAGE,CC(=O)c1ccc2Sc3ccccc3N(CCCN4CCN(CCO)CC4)c2c1,1,0.9477303624153137
4,GraphSAGE,CCC(=O)c1ccc2Sc3ccccc3N(CCCN4CCN(CCO)CC4)c2c1,1,0.9455657005310059
4,GraphSAGE,CC(CN1CCN(CCOCCO)CC1)CN2c3ccccc3Sc4ccccc24,1,0.952174723148346
4,GraphSAGE,OCCN1CCN(CCCN2c3ccccc3Sc4ccc(cc24)C(F)(F)F)CC1,1,0.9639636278152466
4,GraphSAGE,C1=C(C(CCC)=O)C=CC3=C1N(C2=C(C=CC=C2)S3)CCCN4CCN(C)CC4,1,0.9553186297416687
4,GraphSAGE,C1=C(C=CC3=C1N(CCCN2CCN(CC2)CCO)C4=C(S3)C=CC=C4)C(CC)=O,1,0.9455657005310059
4,GraphSAGE,C1=C(C(F)(F)F)C=CC3=C1N(C2=C(C=CC=C2)S3)CCCN4CCN(CCOC(CCCCCC)=O)CC4,1,0.9600460529327393
4,GraphSAGE,C1=C(Cl)C=CC3=C1N(C2=C(C=CC=C2)S3)CCCN4CCN(CCO)CC4,1,0.9566509127616882
4,GraphSAGE,C1=C(Cl)C=CC3=C1N(C2=C(C=CC=C2)S3)CCCN4CCN(CCOC(C)=O)CC4,1,0.9633625745773315
4,GraphSAGE,C1=CC=CC2=C1N(C3=C(S2)C=CC(=C3)[S](N(C)C)(=O)=O)CCCN4CCN(CC4)C,1,0.9224766492843628
4,GraphSAGE,C1=C(C=CC3=C1N(CCCN2CCN(CC2)C)C4=C(S3)C=CC=C4)C(F)(F)F,1,0.9759883284568787
4,GraphSAGE,Fc1ccc(cc1)C(CCCN2CCC(CC2)N3C(=O)Nc4ccccc34)c5ccc(F)cc5,1,0.9254069924354553
4,GraphSAGE,Fc1ccc(cc1)C(CCCN2CCC(CC2)N3C(=O)Nc4cc(Cl)ccc34)c5ccc(F)cc5,1,0.9231261610984802
4,GraphSAGE,CC13CCCCCC(Cc2ccc(O)cc12)C3N,1,0.952369213104248
4,GraphSAGE,C3=C2C(=NC1=CSC=C1C(/C2=CS3)=C/C#N)N4CCN(C)CC4,1,0.8759883642196655
4,GraphSAGE,[C@]23(C1(C(C1)CC2)[C@H](O)C[C@@H]4[C@@H]3CC[C@]5([C@H]4CC[C@@H]5C(=O)C)C)C,1,0.8743530511856079
4,GraphSAGE,C1=CC=CC3=C1C(C2=CC=CC=C2)(C=C3)CCN(C)C,1,0.9827994704246521
4,GraphSAGE,[C@H](O)(/C=C/C1=C(C3=C(OC12CCCC2)C=CC=C3)C4=CC=C(F)C=C4)C[C@H](O)CC(OCC)=O,1,0.8730883002281189
4,GraphSAGE,C4=C(C3=C(CCN2CCN(C1=C(C=CC=C1)OC)CC2)OC(N3)=O)C=CC(=C4)F,1,0.871039867401123
4,GraphSAGE,CN1C(=O)N(C)c2nc[nH]c2C1=O,0,0.9411019086837769
4,GraphSAGE,Cn1cnc2N(C)C(=O)N(C)C(=O)c12,1,0.9553788900375366
4,GraphSAGE,Cn1cnc2NC(=O)N(C)C(=O)c12,1,0.8752090930938721
4,GraphSAGE,Cn1cnc2N(C)C(=O)NC(=O)c12,1,0.8728048801422119
4,GraphSAGE,C1=NC2=C([N]1CC(C)=O)C(N(CCCC)C(N2CCCC)=O)=O,1,0.8133529424667358
4,GraphSAGE,C1=NC2=C([N]1CCN(C)C)C(N(C)C(N2C)=O)=O,1,0.9492693543434143
4,GraphSAGE,C1=NC2=C([N]1CCN(CC)CC)C(N(C)C(N2C)=O)=O,1,0.944168210029602
4,GraphSAGE,C1=NC2=C([N]1CC(C)O)C(N(C)C(N2C)=O)=O,1,0.8650078177452087
4,GraphSAGE,CC(C)COCC(CN(Cc1ccccc1)c2ccccc2)N3CCCC3,0,0.9137980937957764
4,GraphSAGE,C(C2(C1=CCCCCC1)C(NC(=O)NC2=O)=O)C,1,0.969841718673706
4,GraphSAGE,OC(=O)C1=CN(C2CC2)c3cc(N4CCNCC4)c(F)cc3C1=O,0,0.6086563467979431
4,GraphSAGE,C[C@H]1CN(C[C@@H](C)N1)c2c(F)c(N)c3C(=O)C(=CN(C4CC4)c3c2F)C(O)=O,0,0.2263277769088745
4,GraphSAGE,CC1CN(CCN1)c2cc3N(C=C(C(O)=O)C(=O)c3c(C)c2F)C4CC4,0,0.542931854724884
4,GraphSAGE,COc1cc(cc(OC)c1O)[C@H]2[C@@H]3C(COC3=O)[C@H](O[C@@H]4O[C@@H]5CO[C@@H](C)O[C@H]5[C@H](O)[C@H]4O)c6cc7OCOc7cc26,0,0.5498356223106384
4,GraphSAGE,Nc1nc(Cl)nc2n(cnc12)[C@H]3C[C@H](O)[C@@H](CO)O3,1,0.48880741000175476
4,GraphSAGE,[C@H]3([N]2C1=C(C(=NC=N1)N)N=C2)[C@@H]([C@@H]([C@H](O3)C[S+](CC[C@@H](C([O-])=O)N)C)O)O,1,0.48976048827171326
4,GraphSAGE,C1=C(Cl)C=CC2=C1C(=CC3=C(S2)C=CC=C3)OCCN(C)C,1,0.9471285939216614
4,GraphSAGE,C1=CC=CC3=C1SC2=C(C=CC=C2)C=C3CN(C)C,1,0.9475409984588623
4,GraphSAGE,c1(cc(c(cc1)Cl)Cl)CC(N1[C@@H](c2c(CC1)cccc2)CN1CCCC1)=O,1,0.9071223735809326
4,GraphSAGE,C3=C(N2CCN(CCCC(C1=CC=C(F)C=C1)O)CC2)C(=CC=C3)OC,1,0.9145019054412842
4,GraphSAGE,C1=CC=CC2=C1N(C(C3=C(N2C)C=CC=C3)=O)CCN(C)C,1,0.9624372720718384
4,GraphSAGE,C2=C(CN(C(=C(SC(=O)C1=CC=CO1)\CCOC(=O)COC(=O)C)/C)C=O)C(=NC(=N2)C)N,1,0.8374751210212708
4,GraphSAGE,CC(C)(C)OC(=O)c1ncn2c3cccc(Br)c3C(=O)N4CCC[C@H]4c12,1,0.5709141492843628
4,GraphSAGE,[C@]1(O)(C[C@@H]4N(CC1)C[C@@H]2C5=C(CCC3=CC=CC=C23)C=CC=C45)C(C)(C)C.[H+].[Cl-],1,0.8947736024856567
4,GraphSAGE,Cc1cnn(c1C(=O)N[C@H]2[C@H]3SC(C)(C)[C@@H](N3C2=O)C(O)=O)c4c(Cl)cccc4Cl,0,0.19389338791370392
4,GraphSAGE,C2=C(C1CCNCC1)OC3=C2C=C(OC)C=C3Br,1,0.760962724685669
4,GraphSAGE,C4=C(CCNC(C12CC3CC(C1)CC(C2)C3)=O)C=CC(=C4O)O,1,0.8442057371139526
4,GraphSAGE,C1=CC=CC2=C1C3=C(C(=O)N2CCCN(C)C)C=CC=C3,1,0.9156220555305481
4,GraphSAGE,CCc1nc(N)nc(N)c1c2ccc(Cl)cc2,1,0.8184671998023987
4,GraphSAGE,OC[C@H]1O[C@@H](OC2=C(Oc3cc(O)cc(O)c3C2=O)c4ccc(O)c(O)c4)[C@H](O)[C@@H](O)[C@@H]1O,0,0.04613858833909035
4,GraphSAGE,[C@]34([C@H]([C@H]2[C@@]([C@@]1(C(=CC(C=C1)=O)CC2)C)(C(C3)O)F)CC([C@@]4(C(=O)CO)O)=C)C,1,0.9345662593841553
4,GraphSAGE,[C@]24(C[C@@H]([C@@H](N(C(CC1=CC(=C(Cl)C=C1)Cl)=O)C)CC2)N3CCCC3)CCCO4,1,0.8741881251335144
4,GraphSAGE,C1=C(Cl)C=CC2=C1C(=NCC(=N2)NOCC=C)C3=CC=CC=C3Cl,1,0.8788694143295288
4,GraphSAGE,COC1CC(OC(C)C1O)O[C@H]2[C@H](C)[C@@H](OC3OC(C)CC(C3O)N(C)C)[C@@H](C)C[C@]4(CO4)C(=O)[C@H](C)[C@@H](O)[C@@H](C)[C@@H](C)OC(=O)[C@@H]2C,0,0.0950901061296463
4,GraphSAGE,COc1ccc2nccc([C@@H](O)[C@@H]3C[C@H]4CCN3C[C@@H]4C=C)c2c1,0,0.5342616438865662
4,GraphSAGE,CNCCCC12CCC(c3ccccc13)c4ccccc24,1,0.9732158780097961
4,GraphSAGE,C1=CC=C2C(=C1)C3C4=C(C2(CNC)CC3)C=CC=C4,1,0.9739984273910522
4,GraphSAGE,C13(C4=C(C(C2=C1C=CC=C2)CC3)C=CC=C4)C[C@H](CNC)O,1,0.9419097900390625
4,GraphSAGE,C1=C(Cl)C=CC4=C1C(N2CCN(C)CC2)CC3=C(C=CC=C3)S4,1,0.9820252656936646
4,GraphSAGE,C1=C(SC)C=CC4=C1C(N2CCN(C)CC2)CC3=C(C=CC=C3)S4,1,0.9775359034538269
4,GraphSAGE,C3=C2C([NH2+]CCCCCCC(O)=O)C1=CC=CC=C1CCC2=CC=C3.[Cl-],1,0.7645930051803589
4,GraphSAGE,C1=CC=CC3=C1C(C2=C(C=CC=C2)CC3)C(N)=O,1,0.8622829914093018
4,GraphSAGE,CN(C)C(=O)COC2c1ccccc1CCc3ccccc23,1,0.9495798349380493
4,GraphSAGE,C1=CC=CC3=C1C(C2=CC=CC=C2CC3)CC(CN(C)C)C,1,0.9631659388542175
4,GraphSAGE,C1=C(Cl)C=NC2=C1SC4=C(N2CCCN3CCN(CCO)CC3)C=CC=C4,1,0.952400803565979
4,GraphSAGE,OC(=O)C1=C(CS[C@@H]2[C@H](NC(=O)Cc3sccc3)C(=O)N12)CSc4[nH]ncn4,0,0.03778975084424019
4,GraphSAGE,CN1CC[C@]2(C)[C@H]1N(C)c3ccc(OC(=O)Nc4ccccc4)cc23,1,0.690611720085144
4,GraphSAGE,C3=C(N2CCN(CCCC(C1=CC=C(F)C=C1)=O)CC2)N=CC4=CC=CC=C34,1,0.9195353984832764
4,GraphSAGE,CN1CCN=C(c2ccccc2)c3cc(Cl)ccc13,1,0.9564469456672668
4,GraphSAGE,C1=C(Cl)C=CC2=C1C(=NCCN2CC(F)(F)F)C3=CC=CC=C3F,1,0.9680973291397095
4,GraphSAGE,C1=C(Br)C=CC2=C1C(=NCC(N2C)COC)C3=CC=CC=C3Cl,1,0.9467552900314331
4,GraphSAGE,C1=C2C(=CC=C1)N(C(Cl)(CN=C2C3=CC=CC=C3Cl)CO)C,1,0.9730690121650696
4,GraphSAGE,N1(Cc2cc(OCCCNc3nccs3)ccc2)CCCCC1,1,0.8206647634506226
4,GraphSAGE,C1CN(CCC1)Cc1cccc(c1)OCCCNc1nccs1,1,0.8206647634506226
4,GraphSAGE,C4=C3[NH]C1=C(CCNC1CC2=CC=CC=C2)C3=CC=C4,1,0.8781931400299072
4,GraphSAGE,CCCCc1nc(Cl)c(CO)n1Cc2ccc(cc2)c3ccccc3c4n[nH]nn4,0,0.7669758796691895
4,GraphSAGE,C(N1C(CCC1)=O)C(NNC(CN2C(CCC2)=O)=O)=O,1,0.9223476648330688
4,GraphSAGE,CCC[C@@H]1C[C@H](N(C)C1)C(=O)NC(C(C)Cl)[C@H]2O[C@H](SC)[C@H](O)[C@@H](O)[C@H]2O,0,0.5059691667556763
4,GraphSAGE,CCC[C@@H]1C[C@H](N(C)C1)C(=O)NC(C(C)Cl)[C@H]2O[C@H](SC)[C@H](O[P](O)(O)=O)[C@@H](O)[C@H]2O,0,0.6695564389228821
4,GraphSAGE,CC1=C2NC3=CC(=O)C=CC3=C2C=CN1,1,0.7156389355659485
4,GraphSAGE,[C@H]2([C@H](CN(CC(C1=CC=C(F)C=C1)=O)CC2)COC4=CC3=C(OCO3)C=C4)C5=CC=C(F)C=C5,1,0.8460522294044495
4,GraphSAGE,CC(C)(C(O)=O)c1ccc(cc1)C(=O)CCCN2CCC(CC2)OC(c3ccccc3)c4ccccc4,0,0.6688835620880127
4,GraphSAGE,CC(C)(C)c1ccc(cc1)C(=O)CCCN2CCC(CC2)OC(c3ccccc3)c4ccccc4,0,0.7711133360862732
4,GraphSAGE,CNCC[C@@H](O)[C@@H]1C[C@@H](CN1)SC2=C(N3[C@H]([C@H]2C)[C@@H]([C@@H](C)O)C3=O)C(O)=O,0,0.03129427880048752
4,GraphSAGE,CC(C)C(=O)OCc1cccc(OC(=O)[C@@H]2N3[C@H](SC2(C)C)[C@H](NC(=O)Cc4ccccc4)C3=O)c1,0,0.07788387686014175
4,GraphSAGE,C1=C(N=C2[N]1C(=C(CC)C(=N2)OC)C)C(C3=CC=CC=C3)=O,1,0.6551851630210876
4,GraphSAGE,[C@@]45([C@@]3([C@H]([C@H]2[C@@H]([C@@]1(C(=CC(=O)C=C1)CC2)C)[C@H](C3)O)C[C@H]4OC(O5)CCC)C)C(CO)=O,1,0.8975529670715332
4,GraphSAGE,CCC1(CCC(=O)NC1=O)c2ccccc2,1,0.9715684056282043
4,GraphSAGE,C1=CC(=CC=C1C2(C(NC(=O)CC2)=O)CC)N,1,0.9584414958953857
4,GraphSAGE,C1=CC=CC2=C1N(C(CC(S2)C3=CC=CC=C3)=O)CCN(C)C,1,0.9707009196281433
4,GraphSAGE,[C@@]23(F)[C@H]([C@H]1[C@@]([C@@]([C@H](C1)C)(O)C(=O)CCl)(CC2=O)C)CCC4=CC(=O)C=C[C@]34C,1,0.9676291942596436
4,GraphSAGE,[C@]4([C@@]3([C@H]([C@H]2[C@]([C@@]1(C(=CC(=O)C=C1)CC2)C)(F)C(C3)=O)C[C@@H]4C)C)(OC(CCC)=O)C(CCl)=O,1,0.9823855757713318
4,GraphSAGE,OC1C(N2CCC1)=NC(C)=C(CCN3CCC(CC3)c4c5ccc(F)cc5on4)C2=O,1,0.9102227091789246
4,GraphSAGE,c1(c2c(cc(F)cc2)on1)C1CCN(CCc2c(n3c([C@@H](CCC3)O)nc2C)=O)CC1,1,0.9078854918479919
4,GraphSAGE,CC1=C(CCN2CCC(CC2)c3noc4cc(F)ccc34)C(=O)N5CCCCC5=N1,1,0.9429445266723633
4,GraphSAGE,CN(C)C1C2C(O)C3C(=C)c4c(Cl)ccc(O)c4C(=C3C(=O)C2(O)C(=O)\C(=C(N)/O)C1=O)O,0,0.014843756332993507
4,GraphSAGE,C1=C(SC=C1)C2(C(CCCC2)=O)NCC,1,0.9243727922439575
4,GraphSAGE,Clc1ccc2OC(=O)Nc2c1,1,0.6409118175506592
4,GraphSAGE,[Cl-].COc1cccc2C(=O)c3c(O)c4C[C@](O)(C[C@H](O[C@H]5C[C@H](N)[C@H](O)[C@H](C)O5)c4c(O)c3C(=O)c12)/C(C)=N/NC(=O)c6ccccc6.[H+],0,0.12791575491428375
4,GraphSAGE,CCCCCc1cc(O)c(C2C=C(C)CC[C@H]2C(C)=C)c(O)c1,1,0.7247156500816345
4,GraphSAGE,C[C@]1(O)CC[C@H]2[C@@H]3CC[C@H]4CC(=O)OC[C@]4(C)[C@H]3CC[C@]12C,0,0.3596126437187195
4,GraphSAGE,c1c2c(cc(c1)Cl)[C@@H]1[C@H](c3ccccc3O2)CNC1,1,0.9386669993400574
4,GraphSAGE,c1c2c(cc(c1)Cl)[C@@H]1[C@H](c3ccccc3O2)CN(C1)C,1,0.9589888453483582
4,GraphSAGE,CN(CCc2cc3cccc4CCc1ccccc1n2c34)Cc5ccccc5,1,0.8741329312324524
4,GraphSAGE,CN1C(=O)N(C)c2nc[nH]c2C1=O.CN3C(=O)N(C)c4nc[nH]c4C3=O.NCCN,0,0.928439199924469
4,GraphSAGE,C1=CSC2=C1C(C3=C(CC2)C=CC=C3)=C4CCN(CC4)C,1,0.9488815069198608
4,GraphSAGE,C1=NC=CN=C1N(C3CCN(CCC2=CC=CC=C2)CC3)C(C4=CC=CO4)=O,1,0.8129081130027771
4,GraphSAGE,[C@H]23[C@@]([C@@]1(C(=CC(=O)CC1)CC2)C)([C@H](C[C@]4([C@H]3CC[C@@]4(C(CO)=O)O)C)O)F,1,0.9558424353599548
4,GraphSAGE,[C@H]23[C@@]([C@@]1(C(=CC(=O)CC1)CC2)C)([C@H](C[C@]4([C@H]3CC[C@@]4(C(COC(C)=O)=O)O)C)O)F,1,0.9627029895782471
4,GraphSAGE,C1=CC=CC=C1C2=NCC(NC3=C2[N](N=C3C)CC)=O,1,0.9231906533241272
4,GraphSAGE,C1=CC=CC(=C1N3CCN(CCCC(C2=CC=C(F)C=C2)=O)CC3)OC,1,0.9259365200996399
4,GraphSAGE,CC1(C)S[C@@H]2[C@H](NC(=O)C34C[C@H]5C[C@H](CC(N)(C5)C3)C4)C(=O)N2[C@H]1C(O)=O,0,0.09531619399785995
4,GraphSAGE,CCCCCc1cc(O)c2[C@@H]3C=C(C)CC[C@H]3C(C)(C)Oc2c1,1,0.6354073882102966
4,GraphSAGE,S=[P](N1CC1)(N2CC2)N3CC3,1,0.9665477275848389
4,GraphSAGE,O.N[C@@H](C(=O)NC1C2CCC(=C(N2C1=O)C(O)=O)Cl)c3ccccc3,0,0.26395493745803833
4,GraphSAGE,C(C1=NC2=C([N]1C)C(N(C)C(N2C)=O)=O)CCN3CCN(C(N(CC)CC)=O)CC3,1,0.9664014577865601
4,GraphSAGE,C1=C(C=CC=C1N3CCN(CCCN2C(N(C(=N2)CC)CC)=O)CC3)Cl,1,0.95305335521698
4,GraphSAGE,CC(COc1ccccc1)N(CCCl)Cc2ccccc2,0,0.9325281381607056
4,GraphSAGE,c1(ccc(c(c1)Cl)Cl)CC(N1[C@@H](c2c(CC1)[nH]cn2)CN1CCCC1)=O,0,0.8907595872879028
4,GraphSAGE,c1(ccc(c(c1)Cl)Cl)CC(N1[C@H](C[N@@]2C[C@@H](CC2)O)c2c(CC1)[nH]cn2)=O,0,0.6184346079826355
4,GraphSAGE,[C@H]26[C@H]1[C@@]([C@](C(COC(C)=O)=O)(O)[C@@H](C1)C)(C[C@@H]([C@@H]2[C@@]3(C(=CC4=C(C3)C=N[N]4C5=CC=CC=C5)C(=C6)C)C)O)C,1,0.8703404664993286
4,GraphSAGE,C1=CC=CC3=C1C(C2=CC=CC=C2)(OC3(C)C)CCCNC,1,0.9354636073112488
4,GraphSAGE,C1=CC(=CC3=C1C(C2=CC=C(F)C=C2)(OC3)CCCN(C)C)C#N,1,0.9091578125953674
4,GraphSAGE,CO[C@H]1[C@@H](C[C@@H]2CN3CCc4c([nH]c5cc(OC)ccc45)[C@H]3C[C@@H]2[C@@H]1C(=O)OC)OC(=O)\C=C\c6cc(OC)c(OC)c(OC)c6,1,0.783326268196106
4,GraphSAGE,C1=CC=CC3=C1C(N(C2C(NC(=O)CC2)=O)C3=O)=O,1,0.6083487272262573
4,GraphSAGE,CN1C(=O)NC(=O)C(C)(C1=O)C2=CCCCC2,1,0.9188872575759888
4,GraphSAGE,C(C2(C1=CCCCC1)C(NC(=O)NC2=O)=O)C,1,0.9709557294845581
4,GraphSAGE,O.O.O.C[C@H](O)C1C2[C@@H](C)C(=C(N2C1=O)C(O)=O)S[C@@H]3CN[C@@H](C3)C(=O)N(C)C,0,0.05289006978273392
4,GraphSAGE,[C@H]34C1[C@@H](C2(C(C(=O)CC1)C(=O)C=C2)C)C(O)CC3([C@](O)(CC4)C(OC)=O)C,1,0.8890781402587891
4,GraphSAGE,[C@H](C1=CC=CC=C1)([C@@H]2CNCCO2)OC3=CC=CC=C3OCC,1,0.8209193348884583
4,GraphSAGE,C[C@@H](O)[C@@H]1[C@H]2SC(=C(N2C1=O)C(O)=O)[C@H]3CCCO3,0,0.0329517163336277
4,GraphSAGE,COC1CCCC2C3C(C(C)O)C(=O)N3C(=C12)C([O-])=O,0,0.08775255084037781
4,GraphSAGE,C1=CC(=C3C2=C1CC5C4C2(C(O3)C(O)C=C4)CCN5)O,1,0.9528661966323853
4,GraphSAGE,C1=CC(=C3C2=C1CC5C4C2(C(O3)C(C=C4)OC(C)=O)CCN5CC=C)OC(C)=O,1,0.9725514054298401
4,GraphSAGE,C1=CC(=C3C2=C1CC5C4C2(C(O3)C(O)C=C4)CCN5)OC,1,0.9676789045333862
4,GraphSAGE,C1=C(Cl)C=CC(=C1C(C2=C(C=CC=C2)Cl)=O)N(C(CNC3CC3)=O)C,1,0.8313633799552917
4,GraphSAGE,C4=C(N3CCN(CCCCN2C(C1=C(C=CC=C1)NC2=O)=O)CC3)C(=CC=C4)SCCC,1,0.8983211517333984
4,GraphSAGE,C1=C(Cl)C=CC2=C1C(=NCC(N2CC[S](C3=CC=C(C)C=C3)(=O)=O)=O)C4=CC=CC=C4Cl,1,0.8726626634597778
4,GraphSAGE,C(C1(CC(NC(C1)=O)=O)C)C,1,0.9806818962097168
4,GraphSAGE,CCC1(C)CC(=O)NC1=O,1,0.9838893413543701
4,GraphSAGE,[H+].C2=C1OCC(OC1=C(C=C2)OCC)CNCCCC.[Cl-],1,0.8434515595436096
4,GraphSAGE,C1=CC=CC2=C1OC(CNCCCC)CO2,1,0.8862572312355042
4,GraphSAGE,CC(C)CCNCC2COc1ccccc1O2,1,0.8965170383453369
4,GraphSAGE,CCC(C)N1N=CN(C1=O)c2ccc(cc2)N3CCN(CC3)c4ccc(OC[C@H]5CO[C@@](Cn6cncn6)(O5)c7ccc(Cl)cc7Cl)cc4,0,0.8836319446563721
4,GraphSAGE,CC1(C)S[C@@H]2C(NC(=O)[C@H](NC(=O)C3=CNc4cccnc4C3=O)c5ccccc5)C(=O)N2[C@H]1C(O)=O,0,0.05268265679478645
4,GraphSAGE,CN(C)C(=O)C(CCN1CCC(O)(CC1)c1ccc(Cl)cc1)(c1ccccc1)c1ccccc1,1,0.9370371699333191
4,GraphSAGE,CN(C)C(=O)C(CCN1CCC(O)(CC1)c2ccc(Cl)cc2)(c3ccccc3)c4ccccc4,0,0.9370371699333191
4,GraphSAGE,C5=C3C1=C(OC4C12C(C(N(CC2)C)C3)CC=C4C)C(=C5)O,1,0.9781116247177124
4,GraphSAGE,C1=CC(=C4C2=C1CC5C3C2(C(C(=CC3)OC(C)=O)O4)CCN5C)OC,1,0.9804551005363464
4,GraphSAGE,C[C@H]1O[C@H](C[C@H](O)[C@@H]1O)O[C@H]2[C@@H](O)C[C@@H](O[C@@H]2C)O[C@H]3[C@@H](O)C[C@@H](O[C@@H]3C)O[C@H]4CC[C@@]5(C)[C@H](CC[C@@H]6[C@@H]5C[C@@H](O)[C@]7(C)[C@H](CC[C@]67O)C8=CC(=O)OC8)C4,0,0.26496440172195435
4,GraphSAGE,[C@@]1([C@H](C2CCC1CC2)NC(C)C)(C3=CC(=C(C=C3)Cl)Cl)O,1,0.6060478091239929
4,GraphSAGE,CN1CCC23C4CCC(O)C2Oc5c(O)ccc(CC14)c35,1,0.9650196433067322
4,GraphSAGE,C1=CC(=C3C2=C1CC5C4C2(C(O3)CCC4)CCN5C)O,1,0.9747564792633057
4,GraphSAGE,c1c2CCOc2c(cc1OC)CN[C@@H]1CCCN[C@H]1c1ccccc1,1,0.6855642199516296
4,GraphSAGE,OC(=O)C1CCn2c1ccc2C(=O)c3ccccc3,0,0.5432983636856079
4,GraphSAGE,S1[C@H]4N(CC1(C2CN3[C@H](S2)CC3=O)O)C(C4)=O,1,0.39528581500053406
4,GraphSAGE,OC(=O)CCc1oc(c2ccccc2)c(n1)c3ccccc3,0,0.5851614475250244
4,GraphSAGE,C1=C(C(=C(C=C1)C)NC2=NCCCS2)C,1,0.8445067405700684
4,GraphSAGE,CC1OC(C)OC(O1)C,1,0.889447033405304
4,GAT,C[C@H]1C[C@H]2[C@@H]3CC[C@](O)(C(=O)CO)[C@@]3(C)C[C@H](O)[C@@H]2[C@@]4(C)C=CC(=O)C=C14,0,0.7557726502418518
4,GAT,C[C@]12C[C@H](O)[C@H]3[C@@H](CCC4=CC(=O)C=C[C@]34C)[C@@H]1CC[C@]2(O)C(=O)CO,0,0.3907383382320404
4,GAT,[C@@]4([C@@]3([C@H]([C@H]2[C@@H]([C@@]1(C(=CC(=O)C=C1)C[C@H]2Cl)C)[C@H](C3)O)C[C@H]4C)C)(C(COC(CC)=O)=O)OC(CC)=O,1,0.854517936706543
4,GAT,[C@@]4([C@@]3([C@H]([C@H]2[C@@H]([C@@]1(C(=CC(=O)C=C1)[C@H](C2)C)C)[C@H](C3)O)CC4)C)(C(COC(C)=O)=O)OC(CC)=O,1,0.9233002066612244
4,GAT,[C@]34([C@H]([C@H]2[C@@H]([C@@]1(C(=CC(=O)C=C1)[C@H](C2)F)C)[C@H](C3)O)C[C@H]([C@@]4(C(COC(C)=O)=O)O)C)C,1,0.9023741483688354
4,GAT,[C@@]4([C@@]3([C@H]([C@H]2[C@@H]([C@@]1(C(=CC(=O)C=C1)CC2)C)[C@H](C3)O)CC4)C)(C(COC(CC)=O)=O)OC(OCC)=O,1,0.9411746859550476
4,GAT,[C@H]34[C@H]2[C@@H]([C@@]1(C(=CC(=O)C=C1)CC2)C)[C@@H](O)C[C@@]3([C@](C(COC(COC(CCCCCCCCCCCCCCCCC)=O)=O)=O)(O)CC4)C,1,0.9436404705047607
4,GAT,[C@]34([C@H]([C@H]2[C@@H]([C@@]1(C(=CC(=O)C=C1)CC2)C)[C@H](C3)O)CC[C@@]4(C(COC(CC(C)(C)C)=O)=O)O)C,1,0.9296060800552368
4,GAT,[C@H]12[C@@]([C@](C(CC)=O)(C)[C@@H](C1)C)(C[C@H](O)[C@H]3[C@H]2CCC4=CC(=O)C=C[C@]34C)C,1,0.7145323753356934
4,GAT,[C@H]24[C@H]1[C@@]([C@](O)([C@@H](C1)C)C(=O)CO)(C[C@H](O)[C@@H]2[C@@]3(C(=CC(=O)C=C3)C[C@H]4Cl)C)C,1,0.619101345539093
4,GAT,[C@H]24[C@H]1[C@@]([C@@H](C(C(OCCCC)=O)=O)[C@@H](C1)C)(C[C@@H]([C@@H]2[C@@]3(C(=CC(=O)C=C3)[C@H](C4)F)C)O)C,1,0.912174642086029
4,GAT,[C@H]24[C@H]1[C@@]([C@@H](C(CO)=O)[C@@H](C1)C)(C[C@@H]([C@@H]2[C@@]3(C(=CC(=O)C=C3)[C@H](C4)F)C)O)C,1,0.8889464139938354
4,GAT,[C@H]24[C@H]1[C@@]([C@](C(CO)=O)(O)CC1)(C[C@@H]([C@@H]2[C@@]3(C(=CC(=O)C=C3)[C@H](C4)F)C)O)C,1,0.8741112351417542
4,GAT,[C@H]24[C@H]1[C@@]([C@](C(CO)=O)(O)CC1)(C[C@@H]([C@@H]2[C@@]3(C(=CC(=O)C=C3)[C@H](C4)C)C)O)C,1,0.8010464310646057
4,GAT,[C@H]24[C@H]1[C@@]([C@](C(COC(C)=O)=O)(O)CC1)(C[C@@H]([C@@H]2[C@@]3(C(=CC(=O)C=C3)[C@H](C4)C)C)O)C,1,0.8734328150749207
4,GAT,[C@H]24[C@H]1[C@@]([C@](C(COC(CCC(O)=O)=O)=O)(O)CC1)(C[C@@H]([C@@H]2[C@@]3(C(=CC(=O)C=C3)[C@H](C4)C)C)O)C,1,0.8032891750335693
4,GAT,[C@]12(C(=CC(C=C1)=O)[C@H](C[C@H]3[C@H]4[C@](C[C@@H]([C@H]23)O)([C@](C(=O)CO)(O)[C@@H](C4)C)C)F)C,1,0.3255155384540558
4,GAT,[C@]34([C@H]([C@H]2[C@@H]([C@@]1(C(=CC(=O)C=C1)CC2)C)[C@H](C3)O)CC[C@@]4(C(COC(C)=O)=O)O)C,1,0.9182334542274475
4,GAT,[C@]14([C@@](C(=O)COC(CCC(=O)[O-])=O)(CC[C@H]1[C@@H]3CCC2=CC(C=C[C@@]2([C@H]3[C@H](C4)O)C)=O)O)C.[Na+],1,0.9069904088973999
4,GAT,c1ccc([C@H](C[N@]2CC[C@H](C2)O)N(C(Cc2ccccc2N)=O)C)cc1,0,0.7343514561653137
4,GAT,c1(ccccc1)[C@H](CN1CCCC1)N(C(=O)Cc1ccc(c(c1)Cl)Cl)C,1,0.8898624777793884
4,GAT,[Na+].Cn1nnnc1SCC2=C(N3[C@H](SC2)[C@H](NC(=O)CSC(F)(F)F)C3=O)C([O-])=O,0,0.09395930916070938
4,GAT,Cn1nnnc1SCC2=C(N3[C@H](SC2)[C@H](NC(=O)CS\C=C/C#N)C3=O)C(O)=O,0,0.0375649593770504
4,GAT,CO[C@]1(NC(=O)CSCC#N)[C@H]2SCC(=C(N2C1=O)C(O)=O)CSc3nnnn3C,0,0.16413582861423492
4,GAT,CO[C@]1(NC(=O)CSC[C@@H](N)C(O)=O)[C@H]2SCC(=C(N2C1=O)C(O)=O)CSc3nnnn3C,0,0.11134061962366104
4,GAT,C3=C(C1=NC(C(=O)NC2=C1N=C(Cl)C=C2)O)C(=CC=C3)Cl,1,0.7351193428039551
4,GAT,OC(=O)C1=CC(=O)c2ccccc2N1,1,0.41020116209983826
4,GAT,Clc1ccc(COC(Cn2ccnc2)c3ccc(Cl)cc3Cl)cc1,0,0.8761231899261475
4,GAT,Clc1ccc(COC(Cn2ccnc2)c3ccc(Cl)cc3Cl)c(Cl)c1,0,0.8866281509399414
4,GAT,C1=C(C=CC(=C1Cl)COC(C[N]2C=NC=C2)C3=C(C=C(C=C3)Cl)Cl)Cl,1,0.8866281509399414
4,GAT,CC(C)(C)OC(=O)C1=C2CN(C(=O)C3=C(N2C=N1)C=CS3)C,1,0.856711745262146
4,GAT,CN1Cc2n(cnc2C(=O)OC(C)(C)C)c3ccsc3C1=O,1,0.856711745262146
4,GAT,CC(C)[C@H](NC(=O)[C@H](Cc1ccccc1)NC(=O)CNC(=O)[C@@H](C)NC(=O)[C@@H](N)Cc2ccc(O)cc2)C(N)=O,0,0.375123530626297
4,GAT,CC[C@H]1OC(=O)[C@H](C)[C@@H](O[C@H]2C[C@@](C)(OC)[C@@H](O)[C@H](C)O2)[C@H](C)[C@@H](O[C@@H]3O[C@H](C)C[C@@H]([C@H]3O)N(C)C)[C@](C)(O)C[C@@H](C)C(=O)[C@H](C)[C@@H](O)[C@]1(C)O,0,0.10994645953178406
4,GAT,CC[C@H]1OC(=O)[C@H](C)[C@@H](O[C@H]2C[C@@](C)(OC)[C@@H](O)[C@H](C)O2)[C@H](C)[C@@H](O[C@@H]3O[C@H](C)C[C@@H]([C@H]3O)N(C)C)[C@@](C)(C[C@@H](C)C(=O)[C@H](C)[C@@H](O)[C@]1(C)O)OC,0,0.1926647573709488
4,GAT,CC[C@H]1OC(=O)[C@H](C)[C@@H](O[C@H]2C[C@@](C)(OC)[C@@H](O)[C@H](C)O2)[C@H](C)[C@@H](O[C@@H]3O[C@H](C)C[C@@H]([C@H]3O)N(C)C)[C@](C)(O)C[C@](C)(F)C(=O)[C@H](C)[C@@H](O)[C@]1(C)O,0,0.12712861597537994
4,GAT,C1=C(C2=C(C=C1)OCCO2)N3CCNCC3,1,0.9785838723182678
4,GAT,CC(=O)CC(c1ccccc1)C2=C(O)Oc3ccccc3C2=O,0,0.23320993781089783
4,GAT,C4Oc3ccc(CN1CCN(CC1)c2ncccn2)cc3O4,1,0.9675448536872864
4,GAT,CCC(C(=O)NC\C=C\C=C(/C)C(OC)C(C)C1OC(\C=C\C=C\C=C(/C)C(=O)C2=C(O)N(C)C=CC2=O)C(O)C1O)C3(O)OC(\C=C\C=C\C)C(C)(C)C(OC4OC(C)C(OC5OC(C)C(OC)C(O)C5OC)C(OC)C4O)C3O,0,0.3399896025657654
4,GAT,COC(=O)C1=C(C)NC(=C(C1c2cccc(c2)[N+]([O-])=O)C(=O)OCCN(C)Cc3ccccc3)C,0,0.30791184306144714
4,GAT,C3=C(C2CN1C(CCN=C1C2)=O)C=CC=C3,1,0.9838799834251404
4,GAT,C1=CC=CC2=C1C(C3=C(CC2)C=CC=C3)OC4CCN(C)CC4,1,0.9485486745834351
4,GAT,CN1CCN(CCCN2c3ccccc3Sc4ccc(Cl)cc24)CC1,1,0.9695764780044556
4,GAT,OCCN1CCN(CCCN2c3ccccc3Sc4ccc(Cl)cc24)CC1,1,0.9502833485603333
4,GAT,CCSc1ccc2Sc3ccccc3N(CCCN4CCN(C)CC4)c2c1,1,0.9662407040596008
4,GAT,CN1CCN(CCCN2c3ccccc3Sc4ccc(cc24)C(F)(F)F)CC1,1,0.9739295244216919
4,GAT,CC(=O)c1ccc2Sc3ccccc3N(CCCN4CCN(CCO)CC4)c2c1,1,0.9454730153083801
4,GAT,CCC(=O)c1ccc2Sc3ccccc3N(CCCN4CCN(CCO)CC4)c2c1,1,0.9494943618774414
4,GAT,CC(CN1CCN(CCOCCO)CC1)CN2c3ccccc3Sc4ccccc24,1,0.9559637904167175
4,GAT,OCCN1CCN(CCCN2c3ccccc3Sc4ccc(cc24)C(F)(F)F)CC1,1,0.9589024186134338
4,GAT,C1=C(C(CCC)=O)C=CC3=C1N(C2=C(C=CC=C2)S3)CCCN4CCN(C)CC4,1,0.9671218395233154
4,GAT,C1=C(C=CC3=C1N(CCCN2CCN(CC2)CCO)C4=C(S3)C=CC=C4)C(CC)=O,1,0.9494943618774414
4,GAT,C1=C(C(F)(F)F)C=CC3=C1N(C2=C(C=CC=C2)S3)CCCN4CCN(CCOC(CCCCCC)=O)CC4,1,0.9722009897232056
4,GAT,C1=C(Cl)C=CC3=C1N(C2=C(C=CC=C2)S3)CCCN4CCN(CCO)CC4,1,0.9502833485603333
4,GAT,C1=C(Cl)C=CC3=C1N(C2=C(C=CC=C2)S3)CCCN4CCN(CCOC(C)=O)CC4,1,0.9664290547370911
4,GAT,C1=CC=CC2=C1N(C3=C(S2)C=CC(=C3)[S](N(C)C)(=O)=O)CCCN4CCN(CC4)C,1,0.914922833442688
4,GAT,C1=C(C=CC3=C1N(CCCN2CCN(CC2)C)C4=C(S3)C=CC=C4)C(F)(F)F,1,0.9739295244216919
4,GAT,Fc1ccc(cc1)C(CCCN2CCC(CC2)N3C(=O)Nc4ccccc34)c5ccc(F)cc5,1,0.8319973349571228
4,GAT,Fc1ccc(cc1)C(CCCN2CCC(CC2)N3C(=O)Nc4cc(Cl)ccc34)c5ccc(F)cc5,1,0.8375280499458313
4,GAT,CC13CCCCCC(Cc2ccc(O)cc12)C3N,1,0.9553701877593994
4,GAT,C3=C2C(=NC1=CSC=C1C(/C2=CS3)=C/C#N)N4CCN(C)CC4,1,0.8756971955299377
4,GAT,[C@]23(C1(C(C1)CC2)[C@H](O)C[C@@H]4[C@@H]3CC[C@]5([C@H]4CC[C@@H]5C(=O)C)C)C,1,0.6652334928512573
4,GAT,C1=CC=CC3=C1C(C2=CC=CC=C2)(C=C3)CCN(C)C,1,0.9820591807365417
4,GAT,[C@H](O)(/C=C/C1=C(C3=C(OC12CCCC2)C=CC=C3)C4=CC=C(F)C=C4)C[C@H](O)CC(OCC)=O,1,0.8373604416847229
4,GAT,C4=C(C3=C(CCN2CCN(C1=C(C=CC=C1)OC)CC2)OC(N3)=O)C=CC(=C4)F,1,0.9163581132888794
4,GAT,CN1C(=O)N(C)c2nc[nH]c2C1=O,0,0.548740029335022
4,GAT,Cn1cnc2N(C)C(=O)N(C)C(=O)c12,1,0.7134265899658203
4,GAT,Cn1cnc2NC(=O)N(C)C(=O)c12,1,0.5638003349304199
4,GAT,Cn1cnc2N(C)C(=O)NC(=O)c12,1,0.5103572010993958
4,GAT,C1=NC2=C([N]1CC(C)=O)C(N(CCCC)C(N2CCCC)=O)=O,1,0.7481040954589844
4,GAT,C1=NC2=C([N]1CCN(C)C)C(N(C)C(N2C)=O)=O,1,0.8003559112548828
4,GAT,C1=NC2=C([N]1CCN(CC)CC)C(N(C)C(N2C)=O)=O,1,0.8334445953369141
4,GAT,C1=NC2=C([N]1CC(C)O)C(N(C)C(N2C)=O)=O,1,0.42166951298713684
4,GAT,CC(C)COCC(CN(Cc1ccccc1)c2ccccc2)N3CCCC3,0,0.9506188035011292
4,GAT,C(C2(C1=CCCCCC1)C(NC(=O)NC2=O)=O)C,1,0.9597477316856384
4,GAT,OC(=O)C1=CN(C2CC2)c3cc(N4CCNCC4)c(F)cc3C1=O,0,0.8067969679832458
4,GAT,C[C@H]1CN(C[C@@H](C)N1)c2c(F)c(N)c3C(=O)C(=CN(C4CC4)c3c2F)C(O)=O,0,0.09779728204011917
4,GAT,CC1CN(CCN1)c2cc3N(C=C(C(O)=O)C(=O)c3c(C)c2F)C4CC4,0,0.6622474193572998
4,GAT,COc1cc(cc(OC)c1O)[C@H]2[C@@H]3C(COC3=O)[C@H](O[C@@H]4O[C@@H]5CO[C@@H](C)O[C@H]5[C@H](O)[C@H]4O)c6cc7OCOc7cc26,0,0.12912049889564514
4,GAT,Nc1nc(Cl)nc2n(cnc12)[C@H]3C[C@H](O)[C@@H](CO)O3,1,0.4634076952934265
4,GAT,[C@H]3([N]2C1=C(C(=NC=N1)N)N=C2)[C@@H]([C@@H]([C@H](O3)C[S+](CC[C@@H](C([O-])=O)N)C)O)O,1,0.2042045295238495
4,GAT,C1=C(Cl)C=CC2=C1C(=CC3=C(S2)C=CC=C3)OCCN(C)C,1,0.9707028269767761
4,GAT,C1=CC=CC3=C1SC2=C(C=CC=C2)C=C3CN(C)C,1,0.9659743309020996
4,GAT,c1(cc(c(cc1)Cl)Cl)CC(N1[C@@H](c2c(CC1)cccc2)CN1CCCC1)=O,1,0.8484727144241333
4,GAT,C3=C(N2CCN(CCCC(C1=CC=C(F)C=C1)O)CC2)C(=CC=C3)OC,1,0.9477513432502747
4,GAT,C1=CC=CC2=C1N(C(C3=C(N2C)C=CC=C3)=O)CCN(C)C,1,0.939262330532074
4,GAT,C2=C(CN(C(=C(SC(=O)C1=CC=CO1)\CCOC(=O)COC(=O)C)/C)C=O)C(=NC(=N2)C)N,1,0.8247917294502258
4,GAT,CC(C)(C)OC(=O)c1ncn2c3cccc(Br)c3C(=O)N4CCC[C@H]4c12,1,0.5422085523605347
4,GAT,[C@]1(O)(C[C@@H]4N(CC1)C[C@@H]2C5=C(CCC3=CC=CC=C23)C=CC=C45)C(C)(C)C.[H+].[Cl-],1,0.8233854174613953
4,GAT,Cc1cnn(c1C(=O)N[C@H]2[C@H]3SC(C)(C)[C@@H](N3C2=O)C(O)=O)c4c(Cl)cccc4Cl,0,0.08809354156255722
4,GAT,C2=C(C1CCNCC1)OC3=C2C=C(OC)C=C3Br,1,0.908942461013794
4,GAT,C4=C(CCNC(C12CC3CC(C1)CC(C2)C3)=O)C=CC(=C4O)O,1,0.8143885731697083
4,GAT,C1=CC=CC2=C1C3=C(C(=O)N2CCCN(C)C)C=CC=C3,1,0.9202262163162231
4,GAT,CCc1nc(N)nc(N)c1c2ccc(Cl)cc2,1,0.8593343496322632
4,GAT,OC[C@H]1O[C@@H](OC2=C(Oc3cc(O)cc(O)c3C2=O)c4ccc(O)c(O)c4)[C@H](O)[C@@H](O)[C@@H]1O,0,0.013259349390864372
4,GAT,[C@]34([C@H]([C@H]2[C@@]([C@@]1(C(=CC(C=C1)=O)CC2)C)(C(C3)O)F)CC([C@@]4(C(=O)CO)O)=C)C,1,0.925541341304779
4,GAT,[C@]24(C[C@@H]([C@@H](N(C(CC1=CC(=C(Cl)C=C1)Cl)=O)C)CC2)N3CCCC3)CCCO4,1,0.8739890456199646
4,GAT,C1=C(Cl)C=CC2=C1C(=NCC(=N2)NOCC=C)C3=CC=CC=C3Cl,1,0.9619474411010742
4,GAT,COC1CC(OC(C)C1O)O[C@H]2[C@H](C)[C@@H](OC3OC(C)CC(C3O)N(C)C)[C@@H](C)C[C@]4(CO4)C(=O)[C@H](C)[C@@H](O)[C@@H](C)[C@@H](C)OC(=O)[C@@H]2C,0,0.12513510882854462
4,GAT,COc1ccc2nccc([C@@H](O)[C@@H]3C[C@H]4CCN3C[C@@H]4C=C)c2c1,0,0.6858314871788025
4,GAT,CNCCCC12CCC(c3ccccc13)c4ccccc24,1,0.9763754606246948
4,GAT,C1=CC=C2C(=C1)C3C4=C(C2(CNC)CC3)C=CC=C4,1,0.9786732792854309
4,GAT,C13(C4=C(C(C2=C1C=CC=C2)CC3)C=CC=C4)C[C@H](CNC)O,1,0.9208497405052185
4,GAT,C1=C(Cl)C=CC4=C1C(N2CCN(C)CC2)CC3=C(C=CC=C3)S4,1,0.9819979071617126
4,GAT,C1=C(SC)C=CC4=C1C(N2CCN(C)CC2)CC3=C(C=CC=C3)S4,1,0.977049708366394
4,GAT,C3=C2C([NH2+]CCCCCCC(O)=O)C1=CC=CC=C1CCC2=CC=C3.[Cl-],1,0.8677229881286621
4,GAT,C1=CC=CC3=C1C(C2=C(C=CC=C2)CC3)C(N)=O,1,0.9272626042366028
4,GAT,CN(C)C(=O)COC2c1ccccc1CCc3ccccc23,1,0.9688354134559631
4,GAT,C1=CC=CC3=C1C(C2=CC=CC=C2CC3)CC(CN(C)C)C,1,0.9404105544090271
4,GAT,C1=C(Cl)C=NC2=C1SC4=C(N2CCCN3CCN(CCO)CC3)C=CC=C4,1,0.9369349479675293
4,GAT,OC(=O)C1=C(CS[C@@H]2[C@H](NC(=O)Cc3sccc3)C(=O)N12)CSc4[nH]ncn4,0,0.013190110214054585
4,GAT,CN1CC[C@]2(C)[C@H]1N(C)c3ccc(OC(=O)Nc4ccccc4)cc23,1,0.5471835732460022
4,GAT,C3=C(N2CCN(CCCC(C1=CC=C(F)C=C1)=O)CC2)N=CC4=CC=CC=C34,1,0.9680370092391968
4,GAT,CN1CCN=C(c2ccccc2)c3cc(Cl)ccc13,1,0.9723538160324097
4,GAT,C1=C(Cl)C=CC2=C1C(=NCCN2CC(F)(F)F)C3=CC=CC=C3F,1,0.9802564382553101
4,GAT,C1=C(Br)C=CC2=C1C(=NCC(N2C)COC)C3=CC=CC=C3Cl,1,0.966418445110321
4,GAT,C1=C2C(=CC=C1)N(C(Cl)(CN=C2C3=CC=CC=C3Cl)CO)C,1,0.9575169682502747
4,GAT,N1(Cc2cc(OCCCNc3nccs3)ccc2)CCCCC1,1,0.910568118095398
4,GAT,C1CN(CCC1)Cc1cccc(c1)OCCCNc1nccs1,1,0.910568118095398
4,GAT,C4=C3[NH]C1=C(CCNC1CC2=CC=CC=C2)C3=CC=C4,1,0.8314385414123535
4,GAT,CCCCc1nc(Cl)c(CO)n1Cc2ccc(cc2)c3ccccc3c4n[nH]nn4,0,0.7461028099060059
4,GAT,C(N1C(CCC1)=O)C(NNC(CN2C(CCC2)=O)=O)=O,1,0.9420058131217957
4,GAT,CCC[C@@H]1C[C@H](N(C)C1)C(=O)NC(C(C)Cl)[C@H]2O[C@H](SC)[C@H](O)[C@@H](O)[C@H]2O,0,0.15502966940402985
4,GAT,CCC[C@@H]1C[C@H](N(C)C1)C(=O)NC(C(C)Cl)[C@H]2O[C@H](SC)[C@H](O[P](O)(O)=O)[C@@H](O)[C@H]2O,0,0.1485224813222885
4,GAT,CC1=C2NC3=CC(=O)C=CC3=C2C=CN1,1,0.8361966013908386
4,GAT,[C@H]2([C@H](CN(CC(C1=CC=C(F)C=C1)=O)CC2)COC4=CC3=C(OCO3)C=C4)C5=CC=C(F)C=C5,1,0.912250816822052
4,GAT,CC(C)(C(O)=O)c1ccc(cc1)C(=O)CCCN2CCC(CC2)OC(c3ccccc3)c4ccccc4,0,0.8945485949516296
4,GAT,CC(C)(C)c1ccc(cc1)C(=O)CCCN2CCC(CC2)OC(c3ccccc3)c4ccccc4,0,0.9501352310180664
4,GAT,CNCC[C@@H](O)[C@@H]1C[C@@H](CN1)SC2=C(N3[C@H]([C@H]2C)[C@@H]([C@@H](C)O)C3=O)C(O)=O,0,0.003433331847190857
4,GAT,CC(C)C(=O)OCc1cccc(OC(=O)[C@@H]2N3[C@H](SC2(C)C)[C@H](NC(=O)Cc4ccccc4)C3=O)c1,0,0.050728365778923035
4,GAT,C1=C(N=C2[N]1C(=C(CC)C(=N2)OC)C)C(C3=CC=CC=C3)=O,1,0.834335207939148
4,GAT,[C@@]45([C@@]3([C@H]([C@H]2[C@@H]([C@@]1(C(=CC(=O)C=C1)CC2)C)[C@H](C3)O)C[C@H]4OC(O5)CCC)C)C(CO)=O,1,0.9397013783454895
4,GAT,CCC1(CCC(=O)NC1=O)c2ccccc2,1,0.9715024828910828
4,GAT,C1=CC(=CC=C1C2(C(NC(=O)CC2)=O)CC)N,1,0.9695358276367188
4,GAT,C1=CC=CC2=C1N(C(CC(S2)C3=CC=CC=C3)=O)CCN(C)C,1,0.9705864787101746
4,GAT,[C@@]23(F)[C@H]([C@H]1[C@@]([C@@]([C@H](C1)C)(O)C(=O)CCl)(CC2=O)C)CCC4=CC(=O)C=C[C@]34C,1,0.9775832891464233
4,GAT,[C@]4([C@@]3([C@H]([C@H]2[C@]([C@@]1(C(=CC(=O)C=C1)CC2)C)(F)C(C3)=O)C[C@@H]4C)C)(OC(CCC)=O)C(CCl)=O,1,0.9854335784912109
4,GAT,OC1C(N2CCC1)=NC(C)=C(CCN3CCC(CC3)c4c5ccc(F)cc5on4)C2=O,1,0.9083675146102905
4,GAT,c1(c2c(cc(F)cc2)on1)C1CCN(CCc2c(n3c([C@@H](CCC3)O)nc2C)=O)CC1,1,0.8924767971038818
4,GAT,CC1=C(CCN2CCC(CC2)c3noc4cc(F)ccc34)C(=O)N5CCCCC5=N1,1,0.9519125819206238
4,GAT,CN(C)C1C2C(O)C3C(=C)c4c(Cl)ccc(O)c4C(=C3C(=O)C2(O)C(=O)\C(=C(N)/O)C1=O)O,0,0.002685800427570939
4,GAT,C1=C(SC=C1)C2(C(CCCC2)=O)NCC,1,0.9825931787490845
4,GAT,Clc1ccc2OC(=O)Nc2c1,1,0.5935592651367188
4,GAT,[Cl-].COc1cccc2C(=O)c3c(O)c4C[C@](O)(C[C@H](O[C@H]5C[C@H](N)[C@H](O)[C@H](C)O5)c4c(O)c3C(=O)c12)/C(C)=N/NC(=O)c6ccccc6.[H+],0,0.04560588672757149
4,GAT,CCCCCc1cc(O)c(C2C=C(C)CC[C@H]2C(C)=C)c(O)c1,1,0.5661059617996216
4,GAT,C[C@]1(O)CC[C@H]2[C@@H]3CC[C@H]4CC(=O)OC[C@]4(C)[C@H]3CC[C@]12C,0,0.5483081936836243
4,GAT,c1c2c(cc(c1)Cl)[C@@H]1[C@H](c3ccccc3O2)CNC1,1,0.8666454553604126
4,GAT,c1c2c(cc(c1)Cl)[C@@H]1[C@H](c3ccccc3O2)CN(C1)C,1,0.9121648073196411
4,GAT,CN(CCc2cc3cccc4CCc1ccccc1n2c34)Cc5ccccc5,1,0.8999565839767456
4,GAT,CN1C(=O)N(C)c2nc[nH]c2C1=O.CN3C(=O)N(C)c4nc[nH]c4C3=O.NCCN,0,0.6239306330680847
4,GAT,C1=CSC2=C1C(C3=C(CC2)C=CC=C3)=C4CCN(CC4)C,1,0.9765363931655884
4,GAT,C1=NC=CN=C1N(C3CCN(CCC2=CC=CC=C2)CC3)C(C4=CC=CO4)=O,1,0.7828762531280518
4,GAT,[C@H]23[C@@]([C@@]1(C(=CC(=O)CC1)CC2)C)([C@H](C[C@]4([C@H]3CC[C@@]4(C(CO)=O)O)C)O)F,1,0.9112507700920105
4,GAT,[C@H]23[C@@]([C@@]1(C(=CC(=O)CC1)CC2)C)([C@H](C[C@]4([C@H]3CC[C@@]4(C(COC(C)=O)=O)O)C)O)F,1,0.9459905624389648
4,GAT,C1=CC=CC=C1C2=NCC(NC3=C2[N](N=C3C)CC)=O,1,0.9377680420875549
4,GAT,C1=CC=CC(=C1N3CCN(CCCC(C2=CC=C(F)C=C2)=O)CC3)OC,1,0.967445433139801
4,GAT,CC1(C)S[C@@H]2[C@H](NC(=O)C34C[C@H]5C[C@H](CC(N)(C5)C3)C4)C(=O)N2[C@H]1C(O)=O,0,0.12998540699481964
4,GAT,CCCCCc1cc(O)c2[C@@H]3C=C(C)CC[C@H]3C(C)(C)Oc2c1,1,0.6056636571884155
4,GAT,S=[P](N1CC1)(N2CC2)N3CC3,1,0.9817423224449158
4,GAT,O.N[C@@H](C(=O)NC1C2CCC(=C(N2C1=O)C(O)=O)Cl)c3ccccc3,0,0.0961262658238411
4,GAT,C(C1=NC2=C([N]1C)C(N(C)C(N2C)=O)=O)CCN3CCN(C(N(CC)CC)=O)CC3,1,0.9265872240066528
4,GAT,C1=C(C=CC=C1N3CCN(CCCN2C(N(C(=N2)CC)CC)=O)CC3)Cl,1,0.9599485397338867
4,GAT,CC(COc1ccccc1)N(CCCl)Cc2ccccc2,0,0.9221901893615723
4,GAT,c1(ccc(c(c1)Cl)Cl)CC(N1[C@@H](c2c(CC1)[nH]cn2)CN1CCCC1)=O,0,0.765501856803894
4,GAT,c1(ccc(c(c1)Cl)Cl)CC(N1[C@H](C[N@@]2C[C@@H](CC2)O)c2c(CC1)[nH]cn2)=O,0,0.3256281018257141
4,GAT,[C@H]26[C@H]1[C@@]([C@](C(COC(C)=O)=O)(O)[C@@H](C1)C)(C[C@@H]([C@@H]2[C@@]3(C(=CC4=C(C3)C=N[N]4C5=CC=CC=C5)C(=C6)C)C)O)C,1,0.9023349285125732
4,GAT,C1=CC=CC3=C1C(C2=CC=CC=C2)(OC3(C)C)CCCNC,1,0.9681849479675293
4,GAT,C1=CC(=CC3=C1C(C2=CC=C(F)C=C2)(OC3)CCCN(C)C)C#N,1,0.9715844988822937
4,GAT,CO[C@H]1[C@@H](C[C@@H]2CN3CCc4c([nH]c5cc(OC)ccc45)[C@H]3C[C@@H]2[C@@H]1C(=O)OC)OC(=O)\C=C\c6cc(OC)c(OC)c(OC)c6,1,0.5774004459381104
4,GAT,C1=CC=CC3=C1C(N(C2C(NC(=O)CC2)=O)C3=O)=O,1,0.4211016595363617
4,GAT,CN1C(=O)NC(=O)C(C)(C1=O)C2=CCCCC2,1,0.9627206921577454
4,GAT,C(C2(C1=CCCCC1)C(NC(=O)NC2=O)=O)C,1,0.954831063747406
4,GAT,O.O.O.C[C@H](O)C1C2[C@@H](C)C(=C(N2C1=O)C(O)=O)S[C@@H]3CN[C@@H](C3)C(=O)N(C)C,0,0.011392639018595219
4,GAT,[C@H]34C1[C@@H](C2(C(C(=O)CC1)C(=O)C=C2)C)C(O)CC3([C@](O)(CC4)C(OC)=O)C,1,0.8583494424819946
4,GAT,[C@H](C1=CC=CC=C1)([C@@H]2CNCCO2)OC3=CC=CC=C3OCC,1,0.8289453983306885
4,GAT,C[C@@H](O)[C@@H]1[C@H]2SC(=C(N2C1=O)C(O)=O)[C@H]3CCCO3,0,0.01237703301012516
4,GAT,COC1CCCC2C3C(C(C)O)C(=O)N3C(=C12)C([O-])=O,0,0.009420426562428474
4,GAT,C1=CC(=C3C2=C1CC5C4C2(C(O3)C(O)C=C4)CCN5)O,1,0.8072007894515991
4,GAT,C1=CC(=C3C2=C1CC5C4C2(C(O3)C(C=C4)OC(C)=O)CCN5CC=C)OC(C)=O,1,0.9630312323570251
4,GAT,C1=CC(=C3C2=C1CC5C4C2(C(O3)C(O)C=C4)CCN5)OC,1,0.9188165068626404
4,GAT,C1=C(Cl)C=CC(=C1C(C2=C(C=CC=C2)Cl)=O)N(C(CNC3CC3)=O)C,1,0.9019086360931396
4,GAT,C4=C(N3CCN(CCCCN2C(C1=C(C=CC=C1)NC2=O)=O)CC3)C(=CC=C4)SCCC,1,0.9290806651115417
4,GAT,C1=C(Cl)C=CC2=C1C(=NCC(N2CC[S](C3=CC=C(C)C=C3)(=O)=O)=O)C4=CC=CC=C4Cl,1,0.9177653193473816
4,GAT,C(C1(CC(NC(C1)=O)=O)C)C,1,0.9803643226623535
4,GAT,CCC1(C)CC(=O)NC1=O,1,0.9717016220092773
4,GAT,[H+].C2=C1OCC(OC1=C(C=C2)OCC)CNCCCC.[Cl-],1,0.9477628469467163
4,GAT,C1=CC=CC2=C1OC(CNCCCC)CO2,1,0.9641401171684265
4,GAT,CC(C)CCNCC2COc1ccccc1O2,1,0.9650934934616089
4,GAT,CCC(C)N1N=CN(C1=O)c2ccc(cc2)N3CCN(CC3)c4ccc(OC[C@H]5CO[C@@](Cn6cncn6)(O5)c7ccc(Cl)cc7Cl)cc4,0,0.9518177509307861
4,GAT,CC1(C)S[C@@H]2C(NC(=O)[C@H](NC(=O)C3=CNc4cccnc4C3=O)c5ccccc5)C(=O)N2[C@H]1C(O)=O,0,0.047799479216337204
4,GAT,CN(C)C(=O)C(CCN1CCC(O)(CC1)c1ccc(Cl)cc1)(c1ccccc1)c1ccccc1,1,0.9148437976837158
4,GAT,CN(C)C(=O)C(CCN1CCC(O)(CC1)c2ccc(Cl)cc2)(c3ccccc3)c4ccccc4,0,0.9148437976837158
4,GAT,C5=C3C1=C(OC4C12C(C(N(CC2)C)C3)CC=C4C)C(=C5)O,1,0.9641838669776917
4,GAT,C1=CC(=C4C2=C1CC5C3C2(C(C(=CC3)OC(C)=O)O4)CCN5C)OC,1,0.9748491644859314
4,GAT,C[C@H]1O[C@H](C[C@H](O)[C@@H]1O)O[C@H]2[C@@H](O)C[C@@H](O[C@@H]2C)O[C@H]3[C@@H](O)C[C@@H](O[C@@H]3C)O[C@H]4CC[C@@]5(C)[C@H](CC[C@@H]6[C@@H]5C[C@@H](O)[C@]7(C)[C@H](CC[C@]67O)C8=CC(=O)OC8)C4,0,0.3276098966598511
4,GAT,[C@@]1([C@H](C2CCC1CC2)NC(C)C)(C3=CC(=C(C=C3)Cl)Cl)O,1,0.5913003087043762
4,GAT,CN1CCC23C4CCC(O)C2Oc5c(O)ccc(CC14)c35,1,0.9160163998603821
4,GAT,C1=CC(=C3C2=C1CC5C4C2(C(O3)CCC4)CCN5C)O,1,0.9653923511505127
4,GAT,c1c2CCOc2c(cc1OC)CN[C@@H]1CCCN[C@H]1c1ccccc1,1,0.8497365117073059
4,GAT,OC(=O)C1CCn2c1ccc2C(=O)c3ccccc3,0,0.7666114568710327
4,GAT,S1[C@H]4N(CC1(C2CN3[C@H](S2)CC3=O)O)C(C4)=O,1,0.9349048733711243
4,GAT,OC(=O)CCc1oc(c2ccccc2)c(n1)c3ccccc3,0,0.7182198762893677
4,GAT,C1=C(C(=C(C=C1)C)NC2=NCCCS2)C,1,0.9062068462371826
4,GAT,CC1OC(C)OC(O1)C,1,0.9845169186592102
